{
	"credit": "Made with Blockbench",
	"ambientocclusion": false,
	"textures": {
		"particle": "block/acacia_door_bottom",
		"bottom": "block/acacia_door_bottom"
	},
	"elements": [
		{
			"from": [0, 0, 0],
			"to": [3, 3, 16],
			"rotation": {"angle": 0, "axis": "y", "origin": [0, 0, 16]},
			"faces": {
				"north": {"uv": [16, 13, 13, 16], "texture": "#bottom"},
				"east": {"uv": [0, 13, 16, 16], "texture": "#bottom"},
				"south": {"uv": [0, 13, 3, 16], "texture": "#bottom"},
				"west": {"uv": [16, 13, 0, 16], "texture": "#bottom"},
				"up": {"uv": [16, 13, 0, 16], "rotation": 90, "texture": "#bottom"},
				"down": {"uv": [16, 13, 0, 16], "rotation": 270, "texture": "#bottom"}
			}
		},
		{
			"from": [0, 15, 0],
			"to": [3, 16, 16],
			"rotation": {"angle": 0, "axis": "y", "origin": [0, 0, 16]},
			"faces": {
				"north": {"uv": [16, 0, 15, 1], "texture": "#bottom"},
				"east": {"uv": [0, 0, 16, 1], "texture": "#bottom"},
				"south": {"uv": [0, 0, 1, 1], "texture": "#bottom"},
				"west": {"uv": [16, 0, 0, 1], "texture": "#bottom"},
				"down": {"uv": [16, 0, 0, 1], "rotation": 270, "texture": "#bottom"}
			}
		},
		{
			"from": [0, 3, 0],
			"to": [3, 15, 2],
			"rotation": {"angle": 0, "axis": "y", "origin": [0, 0, 16]},
			"faces": {
				"north": {"uv": [14, 16, 2, 13], "rotation": 90, "texture": "#bottom"},
				"east": {"uv": [14, 1, 16, 13], "texture": "#bottom"},
				"south": {"uv": [10, 0, 12, 12], "texture": "#bottom"},
				"west": {"uv": [16, 1, 14, 13], "texture": "#bottom"}
			}
		},
		{
			"from": [0, 3, 14],
			"to": [3, 15, 16],
			"rotation": {"angle": 0, "axis": "y", "origin": [0, 0, 16]},
			"faces": {
				"north": {"uv": [4, 0, 6, 12], "texture": "#bottom"},
				"east": {"uv": [0, 1, 2, 13], "texture": "#bottom"},
				"south": {"uv": [14, 16, 2, 13], "rotation": 90, "texture": "#bottom"},
				"west": {"uv": [2, 1, 0, 13], "texture": "#bottom"}
			}
		},
		{
			"from": [1, 6, 10],
			"to": [2, 14, 12],
			"rotation": {"angle": 0, "axis": "y", "origin": [0, 0, 16]},
			"faces": {
				"north": {"uv": [5, 0, 6, 10], "texture": "#bottom"},
				"east": {"uv": [4, 2, 6, 10], "texture": "#bottom"},
				"south": {"uv": [5, 0, 6, 10], "texture": "#bottom"},
				"west": {"uv": [6, 2, 4, 10], "texture": "#bottom"}
			}
		},
		{
			"from": [1, 6, 4],
			"to": [2, 14, 6],
			"rotation": {"angle": 0, "axis": "y", "origin": [0, 0, 16]},
			"faces": {
				"north": {"uv": [10, 0, 11, 10], "texture": "#bottom"},
				"east": {"uv": [10, 2, 12, 10], "texture": "#bottom"},
				"south": {"uv": [10, 0, 11, 10], "texture": "#bottom"},
				"west": {"uv": [12, 2, 10, 10], "texture": "#bottom"}
			}
		},
		{
			"from": [1, 3, 7],
			"to": [2, 4, 9],
			"rotation": {"angle": 0, "axis": "y", "origin": [0, 0, 16]},
			"faces": {
				"north": {"uv": [1, 1, 0, 2], "texture": "#bottom"},
				"east": {"uv": [9, 10, 7, 13], "texture": "#bottom"},
				"south": {"uv": [1, 1, 0, 2], "texture": "#bottom"},
				"west": {"uv": [9, 12, 7, 13], "texture": "#bottom"},
				"up": {"uv": [0, 2, 1, 0], "texture": "#missing"},
				"down": {"uv": [0, 2, 1, 0], "texture": "#missing"}
			}
		},
		{
			"from": [1, 4, 4],
			"to": [2, 6, 12],
			"rotation": {"angle": 0, "axis": "y", "origin": [0, 0, 16]},
			"faces": {
				"north": {"uv": [5, 2, 4, 4], "texture": "#bottom"},
				"east": {"uv": [12, 10, 4, 12], "texture": "#bottom"},
				"south": {"uv": [5, 2, 4, 4], "texture": "#bottom"},
				"west": {"uv": [12, 10, 4, 12], "texture": "#bottom"},
				"up": {"uv": [4, 8, 5, 4], "texture": "#bottom"},
				"down": {"uv": [0, 6, 1, 4], "texture": "#bottom"}
			}
		},
		{
			"from": [1, 14, 2],
			"to": [2, 15, 14],
			"rotation": {"angle": 0, "axis": "y", "origin": [0, 0, 16]},
			"faces": {
				"north": {"uv": [1, 0, 0, 2], "texture": "#missing"},
				"east": {"uv": [14, 1, 2, 2], "texture": "#bottom"},
				"south": {"uv": [1, 0, 0, 2], "texture": "#missing"},
				"west": {"uv": [14, 1, 2, 2], "texture": "#bottom"},
				"up": {"uv": [0, 2, 1, 0], "texture": "#missing"},
				"down": {"uv": [14, 1, 2, 2], "rotation": 90, "texture": "#bottom"}
			}
		}
	]
}