{
	"credit": "Made with Blockbench",
	"ambientocclusion": false,
	"textures": {
		"1": "block/acacia_door_bottom",
		"particle": "block/acacia_door_top",
		"top": "block/acacia_door_top"
	},
	"elements": [
		{
			"from": [0, 0, 0],
			"to": [3, 1, 16],
			"faces": {
				"north": {"uv": [1, 15, 0, 16], "texture": "#top"},
				"east": {"uv": [16, 15, 0, 16], "texture": "#top"},
				"south": {"uv": [15, 15, 16, 16], "texture": "#top"},
				"west": {"uv": [0, 15, 16, 16], "texture": "#top"},
				"up": {"uv": [0, 13, 16, 16], "rotation": 90, "texture": "#1"}
			}
		},
		{
			"from": [0, 1, 2],
			"to": [3, 2, 14],
			"faces": {
				"north": {"uv": [1, 15, 0, 16], "texture": "#top"},
				"east": {"uv": [14, 14, 2, 15], "texture": "#top"},
				"south": {"uv": [15, 15, 16, 16], "texture": "#top"},
				"west": {"uv": [2, 14, 14, 15], "texture": "#top"},
				"up": {"uv": [0, 13, 16, 16], "rotation": 90, "texture": "#1"}
			}
		},
		{
			"from": [0, 14, 0],
			"to": [3, 16, 16],
			"faces": {
				"north": {"uv": [3, 14, 0, 16], "texture": "#1"},
				"east": {"uv": [16, 0, 0, 2], "texture": "#top"},
				"south": {"uv": [0, 14, 3, 16], "texture": "#1"},
				"west": {"uv": [0, 0, 16, 2], "texture": "#top"},
				"up": {"uv": [0, 13, 16, 16], "rotation": 270, "texture": "#1"},
				"down": {"uv": [0, 13, 16, 16], "rotation": 90, "texture": "#1"}
			}
		},
		{
			"from": [0, 1, 14],
			"to": [3, 14, 16],
			"faces": {
				"north": {"uv": [16, 13, 0, 16], "rotation": 270, "texture": "#1"},
				"east": {"uv": [16, 2, 14, 14], "texture": "#top"},
				"south": {"uv": [2, 13, 14, 16], "rotation": 270, "texture": "#1"},
				"west": {"uv": [14, 2, 16, 14], "texture": "#top"}
			}
		},
		{
			"from": [0, 1, 0],
			"to": [3, 14, 2],
			"faces": {
				"north": {"uv": [14, 13, 2, 16], "rotation": 90, "texture": "#1"},
				"east": {"uv": [2, 2, 0, 14], "texture": "#top"},
				"south": {"uv": [16, 13, 0, 16], "rotation": 90, "texture": "#1"},
				"west": {"uv": [0, 2, 2, 14], "texture": "#top"}
			}
		},
		{
			"from": [1, 2, 4],
			"to": [2, 10, 6],
			"faces": {
				"north": {"uv": [6, 4, 5, 12], "texture": "#top"},
				"east": {"uv": [6, 6, 4, 14], "texture": "#top"},
				"south": {"uv": [6, 4, 5, 12], "texture": "#top"},
				"west": {"uv": [4, 6, 6, 14], "texture": "#top"}
			}
		},
		{
			"from": [1, 2, 10],
			"to": [2, 10, 12],
			"faces": {
				"north": {"uv": [11, 4, 10, 12], "texture": "#top"},
				"east": {"uv": [12, 6, 10, 14], "texture": "#top"},
				"south": {"uv": [11, 4, 10, 12], "texture": "#top"},
				"west": {"uv": [10, 6, 12, 14], "texture": "#top"}
			}
		},
		{
			"from": [1, 10, 4],
			"to": [2, 12, 12],
			"faces": {
				"north": {"uv": [4, 6, 5, 8], "texture": "#top"},
				"east": {"uv": [4, 4, 12, 6], "texture": "#top"},
				"south": {"uv": [11, 5, 12, 7], "texture": "#top"},
				"west": {"uv": [4, 4, 12, 6], "texture": "#top"},
				"up": {"uv": [0, 6, 1, 14], "texture": "#top"},
				"down": {"uv": [0, 0, 1, 8], "texture": "#missing"}
			}
		},
		{
			"from": [1, 12, 7],
			"to": [2, 14, 9],
			"faces": {
				"north": {"uv": [4, 6, 5, 8], "texture": "#top"},
				"east": {"uv": [7, 2, 9, 4], "texture": "#top"},
				"south": {"uv": [11, 5, 12, 7], "texture": "#top"},
				"west": {"uv": [7, 2, 9, 4], "texture": "#top"},
				"up": {"uv": [0, 6, 1, 14], "texture": "#top"},
				"down": {"uv": [0, 0, 1, 8], "texture": "#missing"}
			}
		}
	]
}