{
	"credit": "Made with Blockbench",
	"ambientocclusion": false,
	"textures": {
		"particle": "block/acacia_door_bottom",
		"bottom": "block/acacia_door_bottom"
	},
	"elements": [
		{
			"from": [0, 0, 0],
			"to": [3, 3, 16],
			"faces": {
				"north": {"uv": [3, 13, 0, 16], "texture": "#bottom"},
				"east": {"uv": [16, 13, 0, 16], "texture": "#bottom"},
				"south": {"uv": [13, 13, 16, 16], "texture": "#bottom"},
				"west": {"uv": [0, 13, 16, 16], "texture": "#bottom"},
				"up": {"uv": [0, 13, 16, 16], "rotation": 90, "texture": "#bottom"},
				"down": {"uv": [0, 13, 16, 16], "rotation": 270, "texture": "#bottom"}
			}
		},
		{
			"from": [0, 15, 0],
			"to": [3, 16, 16],
			"faces": {
				"north": {"uv": [1, 0, 0, 1], "texture": "#bottom"},
				"east": {"uv": [16, 0, 0, 1], "texture": "#bottom"},
				"south": {"uv": [15, 0, 16, 1], "texture": "#bottom"},
				"west": {"uv": [0, 0, 16, 1], "texture": "#bottom"},
				"down": {"uv": [0, 0, 16, 1], "rotation": 270, "texture": "#bottom"}
			}
		},
		{
			"from": [0, 3, 14],
			"to": [3, 15, 16],
			"faces": {
				"north": {"uv": [12, 0, 10, 12], "texture": "#bottom"},
				"east": {"uv": [16, 1, 14, 13], "texture": "#bottom"},
				"south": {"uv": [14, 13, 2, 16], "rotation": 90, "texture": "#bottom"},
				"west": {"uv": [14, 1, 16, 13], "texture": "#bottom"}
			}
		},
		{
			"from": [0, 3, 0],
			"to": [3, 15, 2],
			"faces": {
				"north": {"uv": [14, 13, 2, 16], "rotation": 90, "texture": "#bottom"},
				"east": {"uv": [2, 1, 0, 13], "texture": "#bottom"},
				"south": {"uv": [6, 0, 4, 12], "texture": "#bottom"},
				"west": {"uv": [0, 1, 2, 13], "texture": "#bottom"}
			}
		},
		{
			"from": [1, 6, 4],
			"to": [2, 14, 6],
			"faces": {
				"north": {"uv": [6, 0, 5, 10], "texture": "#bottom"},
				"east": {"uv": [6, 2, 4, 10], "texture": "#bottom"},
				"south": {"uv": [6, 0, 5, 10], "texture": "#bottom"},
				"west": {"uv": [4, 2, 6, 10], "texture": "#bottom"}
			}
		},
		{
			"from": [1, 6, 10],
			"to": [2, 14, 12],
			"faces": {
				"north": {"uv": [11, 0, 10, 10], "texture": "#bottom"},
				"east": {"uv": [12, 2, 10, 10], "texture": "#bottom"},
				"south": {"uv": [11, 0, 10, 10], "texture": "#bottom"},
				"west": {"uv": [10, 2, 12, 10], "texture": "#bottom"}
			}
		},
		{
			"from": [1, 3, 7],
			"to": [2, 4, 9],
			"faces": {
				"north": {"uv": [0, 1, 1, 2], "texture": "#bottom"},
				"east": {"uv": [7, 10, 9, 13], "texture": "#bottom"},
				"south": {"uv": [0, 1, 1, 2], "texture": "#bottom"},
				"west": {"uv": [7, 12, 9, 13], "texture": "#bottom"},
				"up": {"uv": [0, 0, 1, 2], "texture": "#missing"},
				"down": {"uv": [0, 0, 1, 2], "texture": "#missing"}
			}
		},
		{
			"from": [1, 4, 4],
			"to": [2, 6, 12],
			"faces": {
				"north": {"uv": [4, 2, 5, 4], "texture": "#bottom"},
				"east": {"uv": [4, 10, 12, 12], "texture": "#bottom"},
				"south": {"uv": [4, 2, 5, 4], "texture": "#bottom"},
				"west": {"uv": [4, 10, 12, 12], "texture": "#bottom"},
				"up": {"uv": [4, 4, 5, 8], "texture": "#bottom"},
				"down": {"uv": [0, 4, 1, 6], "texture": "#bottom"}
			}
		},
		{
			"from": [1, 14, 2],
			"to": [2, 15, 14],
			"faces": {
				"north": {"uv": [0, 0, 1, 2], "texture": "#missing"},
				"east": {"uv": [2, 1, 14, 2], "texture": "#bottom"},
				"south": {"uv": [0, 0, 1, 2], "texture": "#missing"},
				"west": {"uv": [2, 1, 14, 2], "texture": "#bottom"},
				"up": {"uv": [0, 0, 1, 2], "texture": "#missing"},
				"down": {"uv": [2, 1, 14, 2], "rotation": 90, "texture": "#bottom"}
			}
		}
	]
}