{
	"credit": "Made with Blockbench",
	"ambientocclusion": false,
	"textures": {
		"1": "block/acacia_door_bottom",
		"particle": "block/acacia_door_top",
		"top": "block/acacia_door_top"
	},
	"elements": [
		{
			"from": [0, 0, 0],
			"to": [3, 1, 16],
			"rotation": {"angle": 0, "axis": "y", "origin": [0, 0, 16]},
			"faces": {
				"north": {"uv": [16, 15, 15, 16], "texture": "#top"},
				"east": {"uv": [0, 15, 16, 16], "texture": "#top"},
				"south": {"uv": [0, 15, 1, 16], "texture": "#top"},
				"west": {"uv": [16, 15, 0, 16], "texture": "#top"},
				"up": {"uv": [16, 13, 0, 16], "rotation": 90, "texture": "#1"}
			}
		},
		{
			"from": [0, 1, 2],
			"to": [3, 2, 14],
			"rotation": {"angle": 0, "axis": "y", "origin": [0, 0, 16]},
			"faces": {
				"north": {"uv": [16, 15, 15, 16], "texture": "#top"},
				"east": {"uv": [2, 14, 14, 15], "texture": "#top"},
				"south": {"uv": [0, 15, 1, 16], "texture": "#top"},
				"west": {"uv": [14, 14, 2, 15], "texture": "#top"},
				"up": {"uv": [16, 13, 0, 16], "rotation": 90, "texture": "#1"}
			}
		},
		{
			"from": [0, 14, 0],
			"to": [3, 16, 16],
			"rotation": {"angle": 0, "axis": "y", "origin": [0, 0, 16]},
			"faces": {
				"north": {"uv": [3, 14, 0, 16], "texture": "#1"},
				"east": {"uv": [0, 0, 16, 2], "texture": "#top"},
				"south": {"uv": [0, 14, 3, 16], "texture": "#1"},
				"west": {"uv": [16, 0, 0, 2], "texture": "#top"},
				"up": {"uv": [16, 13, 0, 16], "rotation": 270, "texture": "#1"},
				"down": {"uv": [16, 13, 0, 16], "rotation": 90, "texture": "#1"}
			}
		},
		{
			"from": [0, 1, 0],
			"to": [3, 14, 2],
			"rotation": {"angle": 0, "axis": "y", "origin": [0, 0, 16]},
			"faces": {
				"north": {"uv": [2, 16, 14, 13], "rotation": 270, "texture": "#1"},
				"east": {"uv": [14, 2, 16, 14], "texture": "#top"},
				"south": {"uv": [16, 16, 0, 13], "rotation": 270, "texture": "#1"},
				"west": {"uv": [16, 2, 14, 14], "texture": "#top"}
			}
		},
		{
			"from": [0, 1, 14],
			"to": [3, 14, 16],
			"rotation": {"angle": 0, "axis": "y", "origin": [0, 0, 16]},
			"faces": {
				"north": {"uv": [16, 16, 0, 13], "rotation": 90, "texture": "#1"},
				"east": {"uv": [0, 2, 2, 14], "texture": "#top"},
				"south": {"uv": [14, 16, 2, 13], "rotation": 90, "texture": "#1"},
				"west": {"uv": [2, 2, 0, 14], "texture": "#top"}
			}
		},
		{
			"from": [1, 2, 10],
			"to": [2, 10, 12],
			"rotation": {"angle": 0, "axis": "y", "origin": [0, 0, 16]},
			"faces": {
				"north": {"uv": [5, 4, 6, 12], "texture": "#top"},
				"east": {"uv": [4, 6, 6, 14], "texture": "#top"},
				"south": {"uv": [5, 4, 6, 12], "texture": "#top"},
				"west": {"uv": [6, 6, 4, 14], "texture": "#top"}
			}
		},
		{
			"from": [1, 2, 4],
			"to": [2, 10, 6],
			"rotation": {"angle": 0, "axis": "y", "origin": [0, 0, 16]},
			"faces": {
				"north": {"uv": [10, 4, 11, 12], "texture": "#top"},
				"east": {"uv": [10, 6, 12, 14], "texture": "#top"},
				"south": {"uv": [10, 4, 11, 12], "texture": "#top"},
				"west": {"uv": [12, 6, 10, 14], "texture": "#top"}
			}
		},
		{
			"from": [1, 10, 4],
			"to": [2, 12, 12],
			"rotation": {"angle": 0, "axis": "y", "origin": [0, 0, 16]},
			"faces": {
				"north": {"uv": [12, 5, 11, 7], "texture": "#top"},
				"east": {"uv": [12, 4, 4, 6], "texture": "#top"},
				"south": {"uv": [5, 6, 4, 8], "texture": "#top"},
				"west": {"uv": [12, 4, 4, 6], "texture": "#top"},
				"up": {"uv": [0, 14, 1, 6], "texture": "#top"},
				"down": {"uv": [0, 8, 1, 0], "texture": "#missing"}
			}
		},
		{
			"from": [1, 12, 7],
			"to": [2, 14, 9],
			"rotation": {"angle": 0, "axis": "y", "origin": [0, 0, 16]},
			"faces": {
				"north": {"uv": [12, 5, 11, 7], "texture": "#top"},
				"east": {"uv": [9, 2, 7, 4], "texture": "#top"},
				"south": {"uv": [5, 6, 4, 8], "texture": "#top"},
				"west": {"uv": [9, 2, 7, 4], "texture": "#top"},
				"up": {"uv": [0, 14, 1, 6], "texture": "#top"},
				"down": {"uv": [0, 8, 1, 0], "texture": "#missing"}
			}
		}
	]
}