{
	"credit": "Made with Blockbench",
	"ambientocclusion": false,
	"texture_size": [16, 20],
	"textures": {
		"0": "block/birch_door_bottom",
		"particle": "block/birch_door_bottom"
	},
	"elements": [
		{
			"from": [0, 0, 0],
			"to": [3, 13, 2],
			"rotation": {"angle": 0, "axis": "y", "origin": [0, 16, 0]},
			"faces": {
				"north": {"uv": [0, 0, 16, 2.4], "rotation": 90, "texture": "#0"},
				"east": {"uv": [2, 13.6, 0, 3.2], "texture": "#0"},
				"south": {"uv": [16, 0, 0, 2.4], "rotation": 90, "texture": "#0"},
				"west": {"uv": [0, 13.6, 2, 3.2], "texture": "#0"}
			}
		},
		{
			"from": [0, 0, 14],
			"to": [3, 13, 16],
			"rotation": {"angle": 0, "axis": "y", "origin": [0, 16, 0]},
			"faces": {
				"north": {"uv": [16, 0, 0, 2.4], "rotation": 90, "texture": "#0"},
				"east": {"uv": [16, 13.6, 14, 3.2], "texture": "#0"},
				"south": {"uv": [16, 0, 0, 2.4], "rotation": 90, "texture": "#0"},
				"west": {"uv": [14, 13.6, 16, 3.2], "texture": "#0"}
			}
		},
		{
			"from": [0, 13, 0],
			"to": [3, 16, 16],
			"rotation": {"angle": 0, "axis": "y", "origin": [0, 16, 0]},
			"faces": {
				"north": {"uv": [0, 2.4, 3, 0], "texture": "#0"},
				"east": {"uv": [0, 16, 16, 13.6], "texture": "#0"},
				"south": {"uv": [0, 2.4, 3, 0], "texture": "#0"},
				"west": {"uv": [0, 16, 16, 13.6], "texture": "#0"},
				"up": {"uv": [16, 0, 0, 2.4], "rotation": 90, "texture": "#0"},
				"down": {"uv": [16, 0, 0, 2.4], "rotation": 90, "texture": "#0"}
			}
		},
		{
			"from": [1, 0, 5],
			"to": [2, 13, 6],
			"rotation": {"angle": 0, "axis": "y", "origin": [0, 16, 0]},
			"faces": {
				"north": {"uv": [5, 13.6, 6, 3.2], "texture": "#0"},
				"east": {"uv": [10, 13.6, 11, 3.2], "texture": "#0"},
				"south": {"uv": [10, 13.6, 11, 3.2], "texture": "#0"},
				"west": {"uv": [5, 13.6, 6, 3.2], "texture": "#0"},
				"down": {"uv": [0, 0.8, 1, 0], "texture": "#missing"}
			}
		},
		{
			"from": [1, 0, 10],
			"to": [2, 13, 11],
			"rotation": {"angle": 0, "axis": "y", "origin": [0, 16, 0]},
			"faces": {
				"north": {"uv": [10, 13.6, 11, 3.2], "texture": "#0"},
				"east": {"uv": [5, 13.6, 6, 3.2], "texture": "#0"},
				"south": {"uv": [5, 13.6, 6, 3.2], "texture": "#0"},
				"west": {"uv": [10, 13.6, 11, 3.2], "texture": "#0"},
				"down": {"uv": [0, 0.8, 1, 0], "texture": "#missing"}
			}
		},
		{
			"from": [1.25, 9, 2],
			"to": [1.75, 10, 14],
			"rotation": {"angle": 0, "axis": "y", "origin": [0, 16, 0]},
			"faces": {
				"east": {"uv": [2, 11.2, 14, 10.4], "texture": "#0"},
				"west": {"uv": [2, 11.2, 14, 10.4], "texture": "#0"},
				"up": {"uv": [14, 10.4, 2, 11.2], "rotation": 90, "texture": "#0"},
				"down": {"uv": [14, 10.4, 2, 11.2], "rotation": 90, "texture": "#0"}
			}
		},
		{
			"from": [1.25, 5, 2],
			"to": [1.75, 6, 14],
			"rotation": {"angle": 0, "axis": "y", "origin": [0, 16, 0]},
			"faces": {
				"east": {"uv": [2, 11.2, 14, 10.4], "texture": "#0"},
				"west": {"uv": [2, 11.2, 14, 10.4], "texture": "#0"},
				"up": {"uv": [14, 10.4, 2, 11.2], "rotation": 90, "texture": "#0"},
				"down": {"uv": [14, 10.4, 2, 11.2], "rotation": 90, "texture": "#0"}
			}
		},
		{
			"from": [1.25, 1, 2],
			"to": [1.75, 2, 14],
			"rotation": {"angle": 0, "axis": "y", "origin": [0, 16, 0]},
			"faces": {
				"east": {"uv": [2, 11.2, 14, 10.4], "texture": "#0"},
				"west": {"uv": [2, 11.2, 14, 10.4], "texture": "#0"},
				"up": {"uv": [14, 10.4, 2, 11.2], "rotation": 90, "texture": "#0"},
				"down": {"uv": [14, 10.4, 2, 11.2], "rotation": 90, "texture": "#0"}
			}
		},
		{
			"from": [1.5, 0, 2],
			"to": [1.5, 13, 14],
			"rotation": {"angle": 0, "axis": "y", "origin": [0, 16, 0]},
			"faces": {
				"north": {"uv": [0, 9.6, 0, 0], "texture": "#missing"},
				"east": {"uv": [2, 13.6, 14, 3.2], "texture": "#0"},
				"south": {"uv": [0, 9.6, 0, 0], "texture": "#missing"},
				"west": {"uv": [2, 13.6, 14, 3.2], "texture": "#0"},
				"up": {"uv": [0, 9.6, 0, 0], "texture": "#missing"},
				"down": {"uv": [0, 9.6, 0, 0], "texture": "#missing"}
			}
		}
	]
}