{
	"credit": "Made with Blockbench",
	"ambientocclusion": false,
	"texture_size": [16, 20],
	"textures": {
		"0": "block/birch_door_bottom",
		"particle": "block/birch_door_bottom"
	},
	"elements": [
		{
			"from": [0, 3, 0],
			"to": [3, 16, 2],
			"faces": {
				"north": {"uv": [16, 0, 0, 2.4], "rotation": 90, "texture": "#0"},
				"east": {"uv": [2, 3.2, 0, 13.6], "texture": "#0"},
				"south": {"uv": [0, 0, 16, 2.4], "rotation": 90, "texture": "#0"},
				"west": {"uv": [0, 3.2, 2, 13.6], "texture": "#0"}
			}
		},
		{
			"from": [0, 3, 14],
			"to": [3, 16, 16],
			"faces": {
				"north": {"uv": [0, 0, 16, 2.4], "rotation": 90, "texture": "#0"},
				"east": {"uv": [16, 3.2, 14, 13.6], "texture": "#0"},
				"south": {"uv": [0, 0, 16, 2.4], "rotation": 90, "texture": "#0"},
				"west": {"uv": [14, 3.2, 16, 13.6], "texture": "#0"}
			}
		},
		{
			"from": [0, 0, 0],
			"to": [3, 3, 16],
			"faces": {
				"north": {"uv": [0, 0, 3, 2.4], "texture": "#0"},
				"east": {"uv": [0, 13.6, 16, 16], "texture": "#0"},
				"south": {"uv": [0, 0, 3, 2.4], "texture": "#0"},
				"west": {"uv": [0, 13.6, 16, 16], "texture": "#0"},
				"up": {"uv": [0, 0, 16, 2.4], "rotation": 90, "texture": "#0"},
				"down": {"uv": [0, 0, 16, 2.4], "rotation": 90, "texture": "#0"}
			}
		},
		{
			"from": [1, 3, 5],
			"to": [2, 16, 6],
			"faces": {
				"north": {"uv": [5, 3.2, 6, 13.6], "texture": "#0"},
				"east": {"uv": [10, 3.2, 11, 13.6], "texture": "#0"},
				"south": {"uv": [10, 3.2, 11, 13.6], "texture": "#0"},
				"west": {"uv": [5, 3.2, 6, 13.6], "texture": "#0"},
				"up": {"uv": [0, 0, 1, 0.8], "texture": "#missing"}
			}
		},
		{
			"from": [1, 3, 10],
			"to": [2, 16, 11],
			"faces": {
				"north": {"uv": [10, 3.2, 11, 13.6], "texture": "#0"},
				"east": {"uv": [5, 3.2, 6, 13.6], "texture": "#0"},
				"south": {"uv": [5, 3.2, 6, 13.6], "texture": "#0"},
				"west": {"uv": [10, 3.2, 11, 13.6], "texture": "#0"},
				"up": {"uv": [0, 0, 1, 0.8], "texture": "#missing"}
			}
		},
		{
			"from": [1.25, 6, 2],
			"to": [1.75, 7, 14],
			"faces": {
				"east": {"uv": [2, 10.4, 14, 11.2], "texture": "#0"},
				"west": {"uv": [2, 10.4, 14, 11.2], "texture": "#0"},
				"up": {"uv": [2, 10.4, 14, 11.2], "rotation": 90, "texture": "#0"},
				"down": {"uv": [2, 10.4, 14, 11.2], "rotation": 90, "texture": "#0"}
			}
		},
		{
			"from": [1.25, 10, 2],
			"to": [1.75, 11, 14],
			"faces": {
				"east": {"uv": [2, 10.4, 14, 11.2], "texture": "#0"},
				"west": {"uv": [2, 10.4, 14, 11.2], "texture": "#0"},
				"up": {"uv": [2, 10.4, 14, 11.2], "rotation": 90, "texture": "#0"},
				"down": {"uv": [2, 10.4, 14, 11.2], "rotation": 90, "texture": "#0"}
			}
		},
		{
			"from": [1.25, 14, 2],
			"to": [1.75, 15, 14],
			"faces": {
				"east": {"uv": [2, 10.4, 14, 11.2], "texture": "#0"},
				"west": {"uv": [2, 10.4, 14, 11.2], "texture": "#0"},
				"up": {"uv": [2, 10.4, 14, 11.2], "rotation": 90, "texture": "#0"},
				"down": {"uv": [2, 10.4, 14, 11.2], "rotation": 90, "texture": "#0"}
			}
		},
		{
			"from": [1.5, 3, 2],
			"to": [1.5, 16, 14],
			"faces": {
				"north": {"uv": [0, 0, 0, 9.6], "texture": "#missing"},
				"east": {"uv": [2, 3.2, 14, 13.6], "texture": "#0"},
				"south": {"uv": [0, 0, 0, 9.6], "texture": "#missing"},
				"west": {"uv": [2, 3.2, 14, 13.6], "texture": "#0"},
				"up": {"uv": [0, 0, 0, 9.6], "texture": "#missing"},
				"down": {"uv": [0, 0, 0, 9.6], "texture": "#missing"}
			}
		}
	]
}