{
	"credit": "Made with Blockbench",
	"ambientocclusion": false,
	"texture_size": [16, 20],
	"textures": {
		"1": "block/crimson_door_bottom",
		"particle": "block/crimson_door_bottom"
	},
	"elements": [
		{
			"from": [0, 0, 0],
			"to": [3, 16, 2],
			"rotation": {"angle": 0, "axis": "y", "origin": [0, 16, 0]},
			"faces": {
				"north": {"uv": [16, 0, 0, 2.4], "rotation": 90, "texture": "#1"},
				"east": {"uv": [14, 16, 16, 3.2], "texture": "#1"},
				"south": {"uv": [16, 0, 0, 2.4], "rotation": 90, "texture": "#1"},
				"west": {"uv": [0, 16, 2, 3.2], "texture": "#1"},
				"up": {"uv": [0, 1.6, 3, 0], "texture": "#missing"},
				"down": {"uv": [0, 1.6, 3, 0], "texture": "#1"}
			}
		},
		{
			"from": [0, 0, 14],
			"to": [3, 16, 16],
			"rotation": {"angle": 0, "axis": "y", "origin": [0, 16, 0]},
			"faces": {
				"north": {"uv": [16, 0, 0, 2.4], "rotation": 90, "texture": "#1"},
				"east": {"uv": [0, 16, 2, 3.2], "texture": "#1"},
				"south": {"uv": [16, 0, 0, 2.4], "rotation": 90, "texture": "#1"},
				"west": {"uv": [14, 16, 16, 3.2], "texture": "#1"},
				"up": {"uv": [0, 1.6, 3, 0], "texture": "#missing"},
				"down": {"uv": [13, 1.6, 16, 0], "texture": "#1"}
			}
		},
		{
			"from": [0, 0, 6],
			"to": [3, 16, 10],
			"rotation": {"angle": 0, "axis": "y", "origin": [0, 16, 0]},
			"faces": {
				"north": {"uv": [16, 0, 0, 2.4], "rotation": 90, "texture": "#1"},
				"east": {"uv": [6, 16, 10, 3.2], "texture": "#1"},
				"south": {"uv": [16, 0, 0, 2.4], "rotation": 90, "texture": "#1"},
				"west": {"uv": [6, 16, 10, 3.2], "texture": "#1"},
				"up": {"uv": [0, 1.6, 3, 0], "texture": "#missing"},
				"down": {"uv": [16, 0, 13, 2.4], "rotation": 90, "texture": "#1"}
			}
		},
		{
			"from": [0, 0, 2],
			"to": [3, 2, 6],
			"rotation": {"angle": 0, "axis": "y", "origin": [0, 16, 0]},
			"faces": {
				"north": {"uv": [0, 1.6, 3, 0], "texture": "#missing"},
				"east": {"uv": [10, 4.8, 14, 3.2], "texture": "#1"},
				"south": {"uv": [0, 1.6, 3, 0], "texture": "#missing"},
				"west": {"uv": [2, 4.8, 6, 3.2], "texture": "#1"},
				"up": {"uv": [0, 2.4, 3, 0], "texture": "#1"},
				"down": {"uv": [6, 0, 2, 2.4], "rotation": 90, "texture": "#1"}
			}
		},
		{
			"from": [0, 5, 2],
			"to": [3, 10, 6],
			"rotation": {"angle": 0, "axis": "y", "origin": [0, 16, 0]},
			"faces": {
				"north": {"uv": [0, 1.6, 3, 0], "texture": "#missing"},
				"east": {"uv": [10, 11.2, 14, 7.2], "texture": "#1"},
				"south": {"uv": [0, 1.6, 3, 0], "texture": "#missing"},
				"west": {"uv": [2, 11.2, 6, 7.2], "texture": "#1"},
				"up": {"uv": [0, 2.4, 3, 0], "texture": "#1"},
				"down": {"uv": [6, 0, 2, 2.4], "rotation": 90, "texture": "#1"}
			}
		},
		{
			"from": [0, 5, 10],
			"to": [3, 10, 14],
			"rotation": {"angle": 0, "axis": "y", "origin": [0, 16, 0]},
			"faces": {
				"north": {"uv": [0, 1.6, 3, 0], "texture": "#missing"},
				"east": {"uv": [2, 11.2, 6, 7.2], "texture": "#1"},
				"south": {"uv": [0, 1.6, 3, 0], "texture": "#missing"},
				"west": {"uv": [10, 11.2, 14, 7.2], "texture": "#1"},
				"up": {"uv": [0, 2.4, 3, 0], "texture": "#1"},
				"down": {"uv": [6, 0, 2, 2.4], "rotation": 90, "texture": "#1"}
			}
		},
		{
			"from": [0, 0, 10],
			"to": [3, 2, 14],
			"rotation": {"angle": 0, "axis": "y", "origin": [0, 16, 0]},
			"faces": {
				"north": {"uv": [0, 1.6, 3, 0], "texture": "#missing"},
				"east": {"uv": [1, 4.8, 6, 3.2], "texture": "#1"},
				"south": {"uv": [0, 1.6, 3, 0], "texture": "#missing"},
				"west": {"uv": [10, 4.8, 14, 3.2], "texture": "#1"},
				"up": {"uv": [0, 2.4, 3, 0], "texture": "#1"},
				"down": {"uv": [14, 0, 10, 2.4], "rotation": 90, "texture": "#1"}
			}
		},
		{
			"from": [1, 10, 2],
			"to": [2, 16, 6],
			"rotation": {"angle": 0, "axis": "y", "origin": [0, 16, 0]},
			"faces": {
				"north": {"uv": [0, 4.8, 1, 0], "texture": "#missing"},
				"east": {"uv": [10, 16, 14, 11.2], "texture": "#1"},
				"south": {"uv": [0, 4.8, 1, 0], "texture": "#missing"},
				"west": {"uv": [2, 16, 6, 11.2], "texture": "#1"},
				"up": {"uv": [0, 3.2, 1, 0], "texture": "#missing"},
				"down": {"uv": [0, 3.2, 1, 0], "texture": "#missing"}
			}
		},
		{
			"from": [1, 10, 10],
			"to": [2, 16, 14],
			"rotation": {"angle": 0, "axis": "y", "origin": [0, 16, 0]},
			"faces": {
				"north": {"uv": [0, 4.8, 1, 0], "texture": "#missing"},
				"east": {"uv": [2, 16, 6, 11.2], "texture": "#1"},
				"south": {"uv": [0, 4.8, 1, 0], "texture": "#missing"},
				"west": {"uv": [10, 16, 14, 11.2], "texture": "#1"},
				"up": {"uv": [0, 3.2, 1, 0], "texture": "#missing"},
				"down": {"uv": [0, 3.2, 1, 0], "texture": "#missing"}
			}
		}
	]
}