{
	"credit": "Made with Blockbench",
	"ambientocclusion": false,
	"texture_size": [16, 20],
	"textures": {
		"particle": "block/dark_oak_door_bottom",
		"bottom": "block/dark_oak_door_bottom"
	},
	"elements": [
		{
			"from": [0, 0, 0],
			"to": [3, 2, 16],
			"faces": {
				"north": {"uv": [1, 13, 0, 16], "texture": "#bottom"},
				"east": {"uv": [16, 14.4, 0, 16], "texture": "#bottom"},
				"south": {"uv": [15, 13, 16, 16], "texture": "#bottom"},
				"west": {"uv": [0, 14.4, 16, 16], "texture": "#bottom"},
				"up": {"uv": [0, 13, 16, 14], "rotation": 90, "texture": "#bottom"},
				"down": {"uv": [0, 0, 16, 2.4], "rotation": 90, "texture": "#bottom"}
			}
		},
		{
			"from": [0, 2, 0],
			"to": [3, 17, 3],
			"faces": {
				"north": {"uv": [0, 0, 14, 2.4], "rotation": 90, "texture": "#bottom"},
				"east": {"uv": [0, 3.2, 3, 14.4], "rotation": 180, "texture": "#bottom"},
				"south": {"uv": [0, 0, 14, 2.4], "rotation": 90, "texture": "#bottom"},
				"west": {"uv": [0, 3.2, 3, 15.2], "texture": "#bottom"},
				"up": {"uv": [0, 0, 3, 2.4], "texture": "#missing"},
				"down": {"uv": [0, 0, 3, 2.4], "texture": "#missing"}
			}
		},
		{
			"from": [0, 2, 13],
			"to": [3, 17, 16],
			"faces": {
				"north": {"uv": [0, 0, 14, 2.4], "rotation": 90, "texture": "#bottom"},
				"east": {"uv": [13, 3.2, 16, 14.4], "texture": "#bottom"},
				"south": {"uv": [0, 0, 14, 2.4], "rotation": 90, "texture": "#bottom"},
				"west": {"uv": [13, 3.2, 16, 15.2], "texture": "#bottom"},
				"up": {"uv": [0, 0, 3, 2.4], "texture": "#missing"},
				"down": {"uv": [0, 0, 3, 2.4], "texture": "#missing"}
			}
		},
		{
			"from": [0, 2, 6],
			"to": [3, 17, 10],
			"faces": {
				"north": {"uv": [0, 0, 14, 2.4], "rotation": 90, "texture": "#bottom"},
				"east": {"uv": [6, 3.2, 10, 14.4], "texture": "#bottom"},
				"south": {"uv": [0, 0, 14, 2.4], "rotation": 90, "texture": "#bottom"},
				"west": {"uv": [6, 3.2, 10, 15.2], "texture": "#bottom"},
				"up": {"uv": [0, 0, 3, 2.4], "texture": "#missing"},
				"down": {"uv": [0, 0, 3, 2.4], "texture": "#missing"}
			}
		},
		{
			"from": [1, 2, 3],
			"to": [2, 17, 13],
			"faces": {
				"north": {"uv": [0, 0, 1, 12], "texture": "#missing"},
				"east": {"uv": [3, 3.2, 13, 15.2], "texture": "#bottom"},
				"south": {"uv": [0, 0, 1, 12], "texture": "#missing"},
				"west": {"uv": [3, 3.2, 13, 15.2], "texture": "#bottom"},
				"up": {"uv": [0, 0, 1, 8], "texture": "#missing"},
				"down": {"uv": [0, 0, 1, 8], "texture": "#missing"}
			}
		}
	]
}