{
	"credit": "Made with Blockbench",
	"ambientocclusion": false,
	"texture_size": [16, 20],
	"textures": {
		"particle": "block/dark_oak_door_top",
		"top": "block/dark_oak_door_top"
	},
	"elements": [
		{
			"from": [0, 0, 0],
			"to": [3, 16, 2],
			"faces": {
				"north": {"uv": [0, 0, 16, 2.4], "rotation": 90, "texture": "#top"},
				"east": {"uv": [0, 16, 2, 3.2], "rotation": 180, "texture": "#top"},
				"south": {"uv": [0, 0, 16, 2.4], "rotation": 90, "texture": "#top"},
				"west": {"uv": [0, 3.2, 2, 16], "texture": "#top"},
				"up": {"uv": [0, 0, 1, 0.8], "texture": "#top"},
				"down": {"uv": [0, 0, 1, 2], "texture": "#top"}
			}
		},
		{
			"from": [0, 0, 14],
			"to": [3, 16, 16],
			"faces": {
				"north": {"uv": [0, 0, 16, 2.4], "rotation": 90, "texture": "#top"},
				"east": {"uv": [16, 3.2, 14, 16], "texture": "#top"},
				"south": {"uv": [0, 0, 16, 2.4], "rotation": 90, "texture": "#top"},
				"west": {"uv": [14, 3.2, 16, 16], "texture": "#top"},
				"up": {"uv": [0, 0, 1, 0.8], "texture": "#top"},
				"down": {"uv": [0, 0, 1, 2], "texture": "#top"}
			}
		},
		{
			"from": [0, 0, 2],
			"to": [3, 8, 7],
			"faces": {
				"east": {"uv": [7, 9.6, 2, 16], "texture": "#top"},
				"south": {"uv": [15, 9.6, 16, 16], "texture": "#top"},
				"west": {"uv": [2, 9.6, 7, 16], "texture": "#top"},
				"up": {"uv": [0, 0, 1, 2], "texture": "#top"},
				"down": {"uv": [4, 1.6, 0, 0], "rotation": 90, "texture": "#top"}
			}
		},
		{
			"from": [0, 0, 7],
			"to": [3, 7, 9],
			"faces": {
				"east": {"uv": [7, 10.4, 9, 16], "texture": "#top"},
				"west": {"uv": [9, 10.4, 7, 16], "texture": "#top"},
				"up": {"uv": [0, 0, 1, 2], "texture": "#top"},
				"down": {"uv": [1, 2, 0, 0], "rotation": 90, "texture": "#top"}
			}
		},
		{
			"from": [1, 8, 5],
			"to": [2, 13, 6],
			"faces": {
				"north": {"uv": [5, 5.6, 6, 9.6], "texture": "#top"},
				"east": {"uv": [10, 5.6, 11, 9.6], "texture": "#top"},
				"south": {"uv": [5, 5.6, 6, 9.6], "texture": "#top"},
				"west": {"uv": [5, 5.6, 6, 9.6], "texture": "#top"}
			}
		},
		{
			"from": [1, 8, 10],
			"to": [2, 13, 11],
			"faces": {
				"north": {"uv": [5, 5.6, 6, 9.6], "texture": "#top"},
				"east": {"uv": [5, 5.6, 6, 9.6], "texture": "#top"},
				"south": {"uv": [10, 5.6, 11, 8.8], "texture": "#top"},
				"west": {"uv": [10, 5.6, 11, 9.6], "texture": "#top"}
			}
		},
		{
			"from": [0, 0, 9],
			"to": [3, 8, 14],
			"faces": {
				"north": {"uv": [6, 9.6, 7, 16], "texture": "#top"},
				"east": {"uv": [14, 9.6, 9, 16], "texture": "#top"},
				"west": {"uv": [9, 9.6, 14, 16], "texture": "#top"},
				"up": {"uv": [0, 0, 1, 2], "texture": "#top"},
				"down": {"uv": [5, 1.6, 0, 0], "rotation": 90, "texture": "#top"}
			}
		},
		{
			"from": [0, 13, 2],
			"to": [3, 16, 14],
			"faces": {
				"east": {"uv": [2, 3.2, 14, 5.6], "texture": "#top"},
				"west": {"uv": [2, 3.2, 14, 5.6], "texture": "#top"},
				"up": {"uv": [0, 0, 12, 2.4], "rotation": 90, "texture": "#top"},
				"down": {"uv": [0, 0, 12, 2.4], "rotation": 90, "texture": "#top"}
			}
		},
		{
			"from": [0, 12, 2],
			"to": [3, 13, 4],
			"faces": {
				"east": {"uv": [12, 6.4, 14, 7.2], "texture": "#top"},
				"south": {"uv": [0, 0, 2, 0.8], "texture": "#top"},
				"west": {"uv": [2, 6.4, 4, 7.2], "texture": "#top"},
				"down": {"uv": [0, 0, 1, 1.6], "texture": "#top"}
			}
		},
		{
			"from": [0, 12, 12],
			"to": [3, 13, 14],
			"faces": {
				"north": {"uv": [0, 0, 1, 0.8], "texture": "#top"},
				"east": {"uv": [2, 6.4, 4, 7.2], "texture": "#top"},
				"west": {"uv": [2, 6.4, 4, 7.2], "texture": "#top"},
				"down": {"uv": [3, 0, 4, 1.6], "texture": "#top"}
			}
		},
		{
			"from": [0, 11, 13],
			"to": [3, 12, 14],
			"faces": {
				"north": {"uv": [0, 0, 1, 0.8], "texture": "#top"},
				"east": {"uv": [2, 6.4, 4, 7.2], "texture": "#top"},
				"west": {"uv": [2, 7.2, 3, 8], "texture": "#top"},
				"down": {"uv": [0, 0, 1, 1.6], "texture": "#top"}
			}
		},
		{
			"from": [0, 11, 2],
			"to": [3, 12, 3],
			"faces": {
				"east": {"uv": [13, 7.2, 14, 8], "texture": "#top"},
				"south": {"uv": [0, 0, 3, 0.8], "texture": "#top"},
				"west": {"uv": [2, 7.2, 3, 8], "texture": "#top"},
				"down": {"uv": [0, 0, 1, 1.6], "texture": "#top"}
			}
		},
		{
			"from": [0, 12, 6],
			"to": [3, 13, 7],
			"faces": {
				"north": {"uv": [0, 0, 1, 0.8], "texture": "#top"},
				"east": {"uv": [9, 5.6, 10, 6.4], "texture": "#top"},
				"south": {"uv": [0, 0, 3, 0.8], "texture": "#top"},
				"west": {"uv": [6, 5.6, 7, 6.4], "texture": "#top"},
				"down": {"uv": [0, 0, 1, 1.6], "texture": "#top"}
			}
		},
		{
			"from": [0, 12, 9],
			"to": [3, 13, 10],
			"faces": {
				"north": {"uv": [0, 0, 1, 0.8], "texture": "#top"},
				"east": {"uv": [6, 5.6, 7, 6.4], "texture": "#top"},
				"south": {"uv": [0, 0, 3, 0.8], "texture": "#top"},
				"west": {"uv": [6, 5.6, 7, 6.4], "texture": "#top"},
				"down": {"uv": [0, 0, 1, 1.6], "texture": "#top"}
			}
		},
		{
			"from": [1.25, 7, 2],
			"to": [1.75, 13, 14],
			"faces": {
				"east": {"uv": [2, 5.6, 14, 9.6], "texture": "#top"},
				"west": {"uv": [2, 5.6, 14, 10.4], "texture": "#top"}
			}
		}
	]
}