{
	"credit": "Made with Blockbench",
	"ambientocclusion": false,
	"texture_size": [16, 20],
	"textures": {
		"particle": "block/dark_oak_door_top",
		"top": "block/dark_oak_door_top"
	},
	"elements": [
		{
			"from": [0, 0, 14],
			"to": [3, 16, 16],
			"rotation": {"angle": 0, "axis": "y", "origin": [0, 0, 16]},
			"faces": {
				"north": {"uv": [0, 2.4, 16, 0], "rotation": 90, "texture": "#top"},
				"east": {"uv": [2, 16, 0, 3.2], "rotation": 180, "texture": "#top"},
				"south": {"uv": [0, 2.4, 16, 0], "rotation": 90, "texture": "#top"},
				"west": {"uv": [2, 3.2, 0, 16], "texture": "#top"},
				"up": {"uv": [0, 0.8, 1, 0], "texture": "#top"},
				"down": {"uv": [0, 2, 1, 0], "texture": "#top"}
			}
		},
		{
			"from": [0, 0, 0],
			"to": [3, 16, 2],
			"rotation": {"angle": 0, "axis": "y", "origin": [0, 0, 16]},
			"faces": {
				"north": {"uv": [0, 2.4, 16, 0], "rotation": 90, "texture": "#top"},
				"east": {"uv": [14, 3.2, 16, 16], "texture": "#top"},
				"south": {"uv": [0, 2.4, 16, 0], "rotation": 90, "texture": "#top"},
				"west": {"uv": [16, 3.2, 14, 16], "texture": "#top"},
				"up": {"uv": [0, 0.8, 1, 0], "texture": "#top"},
				"down": {"uv": [0, 2, 1, 0], "texture": "#top"}
			}
		},
		{
			"from": [0, 0, 9],
			"to": [3, 8, 14],
			"rotation": {"angle": 0, "axis": "y", "origin": [0, 0, 16]},
			"faces": {
				"north": {"uv": [16, 9.6, 15, 16], "texture": "#top"},
				"east": {"uv": [2, 9.6, 7, 16], "texture": "#top"},
				"west": {"uv": [7, 9.6, 2, 16], "texture": "#top"},
				"up": {"uv": [0, 2, 1, 0], "texture": "#top"},
				"down": {"uv": [0, 1.6, 4, 0], "rotation": 90, "texture": "#top"}
			}
		},
		{
			"from": [0, 0, 7],
			"to": [3, 7, 9],
			"rotation": {"angle": 0, "axis": "y", "origin": [0, 0, 16]},
			"faces": {
				"east": {"uv": [9, 10.4, 7, 16], "texture": "#top"},
				"west": {"uv": [7, 10.4, 9, 16], "texture": "#top"},
				"up": {"uv": [0, 2, 1, 0], "texture": "#top"},
				"down": {"uv": [0, 2, 1, 0], "rotation": 90, "texture": "#top"}
			}
		},
		{
			"from": [1, 8, 10],
			"to": [2, 13, 11],
			"rotation": {"angle": 0, "axis": "y", "origin": [0, 0, 16]},
			"faces": {
				"north": {"uv": [6, 5.6, 5, 9.6], "texture": "#top"},
				"east": {"uv": [11, 5.6, 10, 9.6], "texture": "#top"},
				"south": {"uv": [6, 5.6, 5, 9.6], "texture": "#top"},
				"west": {"uv": [6, 5.6, 5, 9.6], "texture": "#top"}
			}
		},
		{
			"from": [1, 8, 5],
			"to": [2, 13, 6],
			"rotation": {"angle": 0, "axis": "y", "origin": [0, 0, 16]},
			"faces": {
				"north": {"uv": [11, 5.6, 10, 8.8], "texture": "#top"},
				"east": {"uv": [6, 5.6, 5, 9.6], "texture": "#top"},
				"south": {"uv": [6, 5.6, 5, 9.6], "texture": "#top"},
				"west": {"uv": [11, 5.6, 10, 9.6], "texture": "#top"}
			}
		},
		{
			"from": [0, 0, 2],
			"to": [3, 8, 7],
			"rotation": {"angle": 0, "axis": "y", "origin": [0, 0, 16]},
			"faces": {
				"east": {"uv": [9, 9.6, 14, 16], "texture": "#top"},
				"south": {"uv": [7, 9.6, 6, 16], "texture": "#top"},
				"west": {"uv": [14, 9.6, 9, 16], "texture": "#top"},
				"up": {"uv": [0, 2, 1, 0], "texture": "#top"},
				"down": {"uv": [0, 1.6, 5, 0], "rotation": 90, "texture": "#top"}
			}
		},
		{
			"from": [0, 13, 2],
			"to": [3, 16, 14],
			"rotation": {"angle": 0, "axis": "y", "origin": [0, 0, 16]},
			"faces": {
				"east": {"uv": [14, 3.2, 2, 5.6], "texture": "#top"},
				"west": {"uv": [14, 3.2, 2, 5.6], "texture": "#top"},
				"up": {"uv": [12, 0, 0, 2.4], "rotation": 90, "texture": "#top"},
				"down": {"uv": [12, 0, 0, 2.4], "rotation": 90, "texture": "#top"}
			}
		},
		{
			"from": [0, 12, 12],
			"to": [3, 13, 14],
			"rotation": {"angle": 0, "axis": "y", "origin": [0, 0, 16]},
			"faces": {
				"north": {"uv": [2, 0, 0, 0.8], "texture": "#top"},
				"east": {"uv": [14, 6.4, 12, 7.2], "texture": "#top"},
				"west": {"uv": [4, 6.4, 2, 7.2], "texture": "#top"},
				"down": {"uv": [0, 1.6, 1, 0], "texture": "#top"}
			}
		},
		{
			"from": [0, 12, 2],
			"to": [3, 13, 4],
			"rotation": {"angle": 0, "axis": "y", "origin": [0, 0, 16]},
			"faces": {
				"east": {"uv": [4, 6.4, 2, 7.2], "texture": "#top"},
				"south": {"uv": [1, 0, 0, 0.8], "texture": "#top"},
				"west": {"uv": [4, 6.4, 2, 7.2], "texture": "#top"},
				"down": {"uv": [3, 1.6, 4, 0], "texture": "#top"}
			}
		},
		{
			"from": [0, 11, 2],
			"to": [3, 12, 3],
			"rotation": {"angle": 0, "axis": "y", "origin": [0, 0, 16]},
			"faces": {
				"east": {"uv": [4, 6.4, 2, 7.2], "texture": "#top"},
				"south": {"uv": [1, 0, 0, 0.8], "texture": "#top"},
				"west": {"uv": [3, 7.2, 2, 8], "texture": "#top"},
				"down": {"uv": [0, 1.6, 1, 0], "texture": "#top"}
			}
		},
		{
			"from": [0, 11, 13],
			"to": [3, 12, 14],
			"rotation": {"angle": 0, "axis": "y", "origin": [0, 0, 16]},
			"faces": {
				"north": {"uv": [3, 0, 0, 0.8], "texture": "#top"},
				"east": {"uv": [14, 7.2, 13, 8], "texture": "#top"},
				"west": {"uv": [3, 7.2, 2, 8], "texture": "#top"},
				"down": {"uv": [0, 1.6, 1, 0], "texture": "#top"}
			}
		},
		{
			"from": [0, 12, 9],
			"to": [3, 13, 10],
			"rotation": {"angle": 0, "axis": "y", "origin": [0, 0, 16]},
			"faces": {
				"north": {"uv": [3, 0, 0, 0.8], "texture": "#top"},
				"east": {"uv": [10, 5.6, 9, 6.4], "texture": "#top"},
				"south": {"uv": [1, 0, 0, 0.8], "texture": "#top"},
				"west": {"uv": [7, 5.6, 6, 6.4], "texture": "#top"},
				"down": {"uv": [0, 1.6, 1, 0], "texture": "#top"}
			}
		},
		{
			"from": [0, 12, 6],
			"to": [3, 13, 7],
			"rotation": {"angle": 0, "axis": "y", "origin": [0, 0, 16]},
			"faces": {
				"north": {"uv": [3, 0, 0, 0.8], "texture": "#top"},
				"east": {"uv": [7, 5.6, 6, 6.4], "texture": "#top"},
				"south": {"uv": [1, 0, 0, 0.8], "texture": "#top"},
				"west": {"uv": [7, 5.6, 6, 6.4], "texture": "#top"},
				"down": {"uv": [0, 1.6, 1, 0], "texture": "#top"}
			}
		},
		{
			"from": [1.25, 7, 2],
			"to": [1.75, 13, 14],
			"rotation": {"angle": 0, "axis": "y", "origin": [0, 0, 16]},
			"faces": {
				"east": {"uv": [14, 5.6, 2, 9.6], "texture": "#top"},
				"west": {"uv": [14, 5.6, 2, 10.4], "texture": "#top"}
			}
		}
	]
}