{
	"credit": "Made with Blockbench",
	"ambientocclusion": false,
	"texture_size": [16, 20],
	"textures": {
		"0": "block/iron_door_top",
		"particle": "block/iron_door_top"
	},
	"elements": [
		{
			"from": [0, 0, 15],
			"to": [2, 16, 16],
			"rotation": {"angle": 0, "axis": "y", "origin": [0, 16, 16]},
			"faces": {
				"north": {"uv": [16, 1.6, 0, 0], "rotation": 90, "texture": "#0"},
				"east": {"uv": [1, 16, 0, 3.2], "texture": "#0"},
				"south": {"uv": [16, 1.6, 0, 0], "rotation": 90, "texture": "#0"},
				"west": {"uv": [1, 16, 0, 3.2], "texture": "#0"},
				"up": {"uv": [0, 0, 2, 0.8], "texture": "#0"},
				"down": {"uv": [0, 0, 2, 0.8], "texture": "#missing"}
			}
		},
		{
			"from": [0, 0, 0],
			"to": [2, 16, 1],
			"rotation": {"angle": 0, "axis": "y", "origin": [0, 16, 16]},
			"faces": {
				"north": {"uv": [16, 1.6, 0, 0], "rotation": 90, "texture": "#0"},
				"east": {"uv": [16, 16, 15, 3.2], "texture": "#0"},
				"south": {"uv": [16, 1.6, 0, 0], "rotation": 90, "texture": "#0"},
				"west": {"uv": [16, 16, 15, 3.2], "texture": "#0"},
				"up": {"uv": [0, 0, 2, 0.8], "texture": "#0"},
				"down": {"uv": [0, 0, 2, 0.8], "texture": "#missing"}
			}
		},
		{
			"from": [0, 15, 1],
			"to": [2, 16, 15],
			"rotation": {"angle": 0, "axis": "y", "origin": [0, 16, 16]},
			"faces": {
				"north": {"uv": [2, 2, 0, 0], "texture": "#missing"},
				"east": {"uv": [15, 4, 1, 3.2], "texture": "#0"},
				"south": {"uv": [2, 2, 0, 0], "texture": "#missing"},
				"west": {"uv": [15, 4, 1, 3.2], "texture": "#0"},
				"up": {"uv": [0, 0, 14, 1.6], "rotation": 90, "texture": "#0"},
				"down": {"uv": [1, 0, 15, 1.6], "rotation": 90, "texture": "#0"}
			}
		},
		{
			"from": [0, 0, 1],
			"to": [2, 1, 15],
			"rotation": {"angle": 0, "axis": "y", "origin": [0, 16, 16]},
			"faces": {
				"north": {"uv": [2, 2, 0, 0], "texture": "#missing"},
				"east": {"uv": [15, 4, 1, 3.2], "texture": "#0"},
				"south": {"uv": [2, 2, 0, 0], "texture": "#missing"},
				"west": {"uv": [15, 4, 1, 3.2], "texture": "#0"},
				"up": {"uv": [0, 0, 14, 1.6], "rotation": 90, "texture": "#0"},
				"down": {"uv": [1, 0, 15, 1.6], "rotation": 90, "texture": "#0"}
			}
		},
		{
			"from": [0.75, 1, 1],
			"to": [1.25, 15, 15],
			"rotation": {"angle": 0, "axis": "y", "origin": [0, 16, 16]},
			"faces": {
				"north": {"uv": [1, 12, 0, 0], "texture": "#missing"},
				"east": {"uv": [15, 4, 1, 15.2], "texture": "#0"},
				"south": {"uv": [1, 12, 0, 0], "texture": "#missing"},
				"west": {"uv": [15, 4.8, 1, 16], "texture": "#0"},
				"up": {"uv": [0, 0, 1, 11.2], "texture": "#missing"},
				"down": {"uv": [0, 0, 1, 11.2], "texture": "#missing"}
			}
		}
	]
}