{
	"credit": "Made with Blockbench",
	"ambientocclusion": false,
	"texture_size": [16, 20],
	"textures": {
		"0": "block/iron_door_bottom",
		"particle": "block/iron_door_bottom"
	},
	"elements": [
		{
			"from": [0, 0, 0],
			"to": [2, 16, 1],
			"faces": {
				"north": {"uv": [0, 0, 16, 1.6], "rotation": 90, "texture": "#0"},
				"east": {"uv": [0, 3.2, 1, 16], "texture": "#0"},
				"south": {"uv": [0, 0, 16, 1.6], "rotation": 90, "texture": "#0"},
				"west": {"uv": [0, 3.2, 1, 16], "texture": "#0"},
				"up": {"uv": [0, 0, 2, 0.8], "texture": "#missing"},
				"down": {"uv": [0, 0, 2, 0.8], "texture": "#0"}
			}
		},
		{
			"from": [0, 0, 15],
			"to": [2, 16, 16],
			"faces": {
				"north": {"uv": [0, 0, 16, 1.6], "rotation": 90, "texture": "#0"},
				"east": {"uv": [15, 3.2, 16, 16], "texture": "#0"},
				"south": {"uv": [0, 0, 16, 1.6], "rotation": 90, "texture": "#0"},
				"west": {"uv": [15, 3.2, 16, 16], "texture": "#0"},
				"up": {"uv": [0, 0, 2, 0.8], "texture": "#missing"},
				"down": {"uv": [0, 0, 2, 0.8], "texture": "#0"}
			}
		},
		{
			"from": [0, 0, 1],
			"to": [2, 1, 15],
			"faces": {
				"north": {"uv": [0, 0, 2, 2], "texture": "#missing"},
				"east": {"uv": [1, 15.2, 15, 16], "texture": "#0"},
				"south": {"uv": [0, 0, 2, 2], "texture": "#missing"},
				"west": {"uv": [1, 15.2, 15, 16], "texture": "#0"},
				"up": {"uv": [1, 0, 15, 1.6], "rotation": 90, "texture": "#0"},
				"down": {"uv": [0, 0, 14, 1.6], "rotation": 90, "texture": "#0"}
			}
		},
		{
			"from": [0.75, 1, 1],
			"to": [1.25, 16, 15],
			"faces": {
				"north": {"uv": [0, 0, 1, 12], "texture": "#missing"},
				"east": {"uv": [1, 3.2, 15, 15.2], "texture": "#0"},
				"south": {"uv": [0, 0, 1, 12], "texture": "#missing"},
				"west": {"uv": [1, 3.2, 15, 15.2], "texture": "#0"},
				"up": {"uv": [0, 0, 1, 11.2], "texture": "#missing"},
				"down": {"uv": [0, 0, 1, 11.2], "texture": "#missing"}
			}
		}
	]
}