{
	"credit": "Made with Blockbench",
	"ambientocclusion": false,
	"texture_size": [16, 20],
	"textures": {
		"particle": "block/jungle_door_bottom",
		"bottom": "block/jungle_door_bottom"
	},
	"elements": [
		{
			"from": [0, 0, 12],
			"to": [3, 16, 16],
			"rotation": {"angle": 0, "axis": "y", "origin": [0, 16, 16]},
			"faces": {
				"north": {"uv": [16, 2.4, 0, 0], "rotation": 90, "texture": "#bottom"},
				"east": {"uv": [0, 16, 4, 3.2], "texture": "#bottom"},
				"south": {"uv": [16, 2.4, 0, 0], "rotation": 90, "texture": "#bottom"},
				"west": {"uv": [4, 16, 0, 3.2], "texture": "#bottom"},
				"up": {"uv": [0, 0, 3, 4], "texture": "#missing"},
				"down": {"uv": [0, 0, 5, 2.4], "rotation": 90, "texture": "#bottom"}
			}
		},
		{
			"from": [0, 0, 0],
			"to": [3, 16, 4],
			"rotation": {"angle": 0, "axis": "y", "origin": [0, 16, 16]},
			"faces": {
				"north": {"uv": [16, 2.4, 0, 0], "rotation": 90, "texture": "#bottom"},
				"east": {"uv": [12, 16, 16, 3.2], "texture": "#bottom"},
				"south": {"uv": [16, 2.4, 0, 0], "rotation": 90, "texture": "#bottom"},
				"west": {"uv": [16, 16, 12, 3.2], "texture": "#bottom"},
				"up": {"uv": [0, 0, 3, 4], "texture": "#missing"},
				"down": {"uv": [0, 0, 5, 2.4], "rotation": 90, "texture": "#bottom"}
			}
		},
		{
			"from": [0, 0, 4],
			"to": [3, 3, 12],
			"rotation": {"angle": 0, "axis": "y", "origin": [0, 16, 16]},
			"faces": {
				"north": {"uv": [3, 2.4, 0, 0], "texture": "#missing"},
				"east": {"uv": [12, 5.6, 4, 3.2], "texture": "#bottom"},
				"south": {"uv": [3, 2.4, 0, 0], "texture": "#missing"},
				"west": {"uv": [12, 5.6, 4, 3.2], "texture": "#bottom"},
				"up": {"uv": [0, 0, 4, 1.6], "texture": "#bottom"},
				"down": {"uv": [4, 0, 12, 2.4], "rotation": 90, "texture": "#bottom"}
			}
		},
		{
			"from": [0, 3, 9],
			"to": [3, 4, 12],
			"rotation": {"angle": 0, "axis": "y", "origin": [0, 16, 16]},
			"faces": {
				"north": {"uv": [3, 0.8, 0, 0], "texture": "#bottom"},
				"east": {"uv": [12, 6.4, 9, 5.6], "texture": "#bottom"},
				"south": {"uv": [3, 0.8, 0, 0], "texture": "#missing"},
				"west": {"uv": [7, 6.4, 4, 5.6], "texture": "#bottom"},
				"up": {"uv": [0, 0, 3, 2.4], "texture": "#bottom"},
				"down": {"uv": [0, 0, 3, 2.4], "texture": "#missing"}
			}
		},
		{
			"from": [0, 3, 4],
			"to": [3, 4, 7],
			"rotation": {"angle": 0, "axis": "y", "origin": [0, 16, 16]},
			"faces": {
				"north": {"uv": [3, 0.8, 0, 0], "texture": "#missing"},
				"east": {"uv": [7, 6.4, 4, 5.6], "texture": "#bottom"},
				"south": {"uv": [3, 0.8, 0, 0], "texture": "#bottom"},
				"west": {"uv": [12, 6.4, 9, 5.6], "texture": "#bottom"},
				"up": {"uv": [0, 0, 3, 2.4], "texture": "#bottom"},
				"down": {"uv": [0, 0, 3, 2.4], "texture": "#missing"}
			}
		},
		{
			"from": [0, 4, 11],
			"to": [3, 5, 12],
			"rotation": {"angle": 0, "axis": "y", "origin": [0, 16, 16]},
			"faces": {
				"north": {"uv": [3, 0.8, 0, 0], "texture": "#bottom"},
				"east": {"uv": [12, 7.2, 11, 6.4], "texture": "#bottom"},
				"south": {"uv": [3, 0.8, 0, 0], "texture": "#missing"},
				"west": {"uv": [5, 7.2, 4, 6.4], "texture": "#bottom"},
				"up": {"uv": [0, 0, 3, 0.8], "texture": "#bottom"},
				"down": {"uv": [0, 0, 3, 0.8], "texture": "#missing"}
			}
		},
		{
			"from": [0, 4, 4],
			"to": [3, 5, 5],
			"rotation": {"angle": 0, "axis": "y", "origin": [0, 16, 16]},
			"faces": {
				"north": {"uv": [3, 0.8, 0, 0], "texture": "#missing"},
				"east": {"uv": [5, 7.2, 4, 6.4], "texture": "#bottom"},
				"south": {"uv": [3, 0.8, 0, 0], "texture": "#bottom"},
				"west": {"uv": [5, 7.2, 4, 6.4], "texture": "#bottom"},
				"up": {"uv": [0, 0, 3, 0.8], "texture": "#bottom"},
				"down": {"uv": [0, 0, 3, 0.8], "texture": "#missing"}
			}
		},
		{
			"from": [1, 4, 9],
			"to": [2, 16, 10],
			"rotation": {"angle": 0, "axis": "y", "origin": [0, 16, 16]},
			"faces": {
				"north": {"uv": [7, 16, 6, 6.4], "texture": "#bottom"},
				"east": {"uv": [7, 16, 6, 6.4], "texture": "#bottom"},
				"south": {"uv": [7, 16, 6, 6.4], "texture": "#bottom"},
				"west": {"uv": [7, 16, 6, 6.4], "texture": "#bottom"},
				"up": {"uv": [6, 6.4, 7, 16], "texture": "#bottom"},
				"down": {"uv": [0, 0, 1, 0.8], "texture": "#missing"}
			}
		},
		{
			"from": [1, 4, 6],
			"to": [2, 16, 7],
			"rotation": {"angle": 0, "axis": "y", "origin": [0, 16, 16]},
			"faces": {
				"north": {"uv": [7, 16, 6, 6.4], "texture": "#bottom"},
				"east": {"uv": [7, 16, 6, 6.4], "texture": "#bottom"},
				"south": {"uv": [7, 16, 6, 6.4], "texture": "#bottom"},
				"west": {"uv": [7, 16, 6, 6.4], "texture": "#bottom"},
				"up": {"uv": [6, 6.4, 7, 16], "texture": "#bottom"},
				"down": {"uv": [0, 0, 1, 0.8], "texture": "#missing"}
			}
		}
	]
}