{
	"credit": "Made with Blockbench",
	"ambientocclusion": false,
	"texture_size": [16, 20],
	"textures": {
		"particle": "block/jungle_door_bottom",
		"bottom": "block/jungle_door_bottom"
	},
	"elements": [
		{
			"from": [0, 0, 12],
			"to": [3, 16, 16],
			"rotation": {"angle": 0, "axis": "y", "origin": [0, 0, 16]},
			"faces": {
				"north": {"uv": [0, 2.4, 16, 0], "rotation": 90, "texture": "#bottom"},
				"east": {"uv": [0, 3.2, 4, 16], "texture": "#bottom"},
				"south": {"uv": [0, 2.4, 16, 0], "rotation": 90, "texture": "#bottom"},
				"west": {"uv": [4, 3.2, 0, 16], "texture": "#bottom"},
				"up": {"uv": [5, 0, 0, 2.4], "rotation": 90, "texture": "#bottom"},
				"down": {"uv": [0, 4, 3, 0], "texture": "#missing"}
			}
		},
		{
			"from": [0, 0, 0],
			"to": [3, 16, 4],
			"rotation": {"angle": 0, "axis": "y", "origin": [0, 0, 16]},
			"faces": {
				"north": {"uv": [0, 2.4, 16, 0], "rotation": 90, "texture": "#bottom"},
				"east": {"uv": [12, 3.2, 16, 16], "texture": "#bottom"},
				"south": {"uv": [0, 2.4, 16, 0], "rotation": 90, "texture": "#bottom"},
				"west": {"uv": [16, 3.2, 12, 16], "texture": "#bottom"},
				"up": {"uv": [5, 0, 0, 2.4], "rotation": 90, "texture": "#bottom"},
				"down": {"uv": [0, 4, 3, 0], "texture": "#missing"}
			}
		},
		{
			"from": [0, 13, 4],
			"to": [3, 16, 12],
			"rotation": {"angle": 0, "axis": "y", "origin": [0, 0, 16]},
			"faces": {
				"north": {"uv": [3, 0, 0, 2.4], "texture": "#missing"},
				"east": {"uv": [12, 3.2, 4, 5.6], "texture": "#bottom"},
				"south": {"uv": [3, 0, 0, 2.4], "texture": "#missing"},
				"west": {"uv": [12, 3.2, 4, 5.6], "texture": "#bottom"},
				"up": {"uv": [12, 0, 4, 2.4], "rotation": 90, "texture": "#bottom"},
				"down": {"uv": [0, 1.6, 4, 0], "texture": "#bottom"}
			}
		},
		{
			"from": [0, 12, 9],
			"to": [3, 13, 12],
			"rotation": {"angle": 0, "axis": "y", "origin": [0, 0, 16]},
			"faces": {
				"north": {"uv": [3, 0, 0, 0.8], "texture": "#bottom"},
				"east": {"uv": [12, 5.6, 9, 6.4], "texture": "#bottom"},
				"south": {"uv": [3, 0, 0, 0.8], "texture": "#missing"},
				"west": {"uv": [7, 5.6, 4, 6.4], "texture": "#bottom"},
				"up": {"uv": [0, 2.4, 3, 0], "texture": "#missing"},
				"down": {"uv": [0, 2.4, 3, 0], "texture": "#bottom"}
			}
		},
		{
			"from": [0, 12, 4],
			"to": [3, 13, 7],
			"rotation": {"angle": 0, "axis": "y", "origin": [0, 0, 16]},
			"faces": {
				"north": {"uv": [3, 0, 0, 0.8], "texture": "#missing"},
				"east": {"uv": [7, 5.6, 4, 6.4], "texture": "#bottom"},
				"south": {"uv": [3, 0, 0, 0.8], "texture": "#bottom"},
				"west": {"uv": [12, 5.6, 9, 6.4], "texture": "#bottom"},
				"up": {"uv": [0, 2.4, 3, 0], "texture": "#missing"},
				"down": {"uv": [0, 2.4, 3, 0], "texture": "#bottom"}
			}
		},
		{
			"from": [0, 11, 11],
			"to": [3, 12, 12],
			"rotation": {"angle": 0, "axis": "y", "origin": [0, 0, 16]},
			"faces": {
				"north": {"uv": [3, 0, 0, 0.8], "texture": "#bottom"},
				"east": {"uv": [12, 6.4, 11, 7.2], "texture": "#bottom"},
				"south": {"uv": [3, 0, 0, 0.8], "texture": "#missing"},
				"west": {"uv": [5, 6.4, 4, 7.2], "texture": "#bottom"},
				"up": {"uv": [0, 0.8, 3, 0], "texture": "#missing"},
				"down": {"uv": [0, 0.8, 3, 0], "texture": "#bottom"}
			}
		},
		{
			"from": [0, 11, 4],
			"to": [3, 12, 5],
			"rotation": {"angle": 0, "axis": "y", "origin": [0, 0, 16]},
			"faces": {
				"north": {"uv": [3, 0, 0, 0.8], "texture": "#missing"},
				"east": {"uv": [5, 6.4, 4, 7.2], "texture": "#bottom"},
				"south": {"uv": [3, 0, 0, 0.8], "texture": "#bottom"},
				"west": {"uv": [5, 6.4, 4, 7.2], "texture": "#bottom"},
				"up": {"uv": [0, 0.8, 3, 0], "texture": "#missing"},
				"down": {"uv": [0, 0.8, 3, 0], "texture": "#bottom"}
			}
		},
		{
			"from": [1, 0, 9],
			"to": [2, 12, 10],
			"rotation": {"angle": 0, "axis": "y", "origin": [0, 0, 16]},
			"faces": {
				"north": {"uv": [7, 6.4, 6, 16], "texture": "#bottom"},
				"east": {"uv": [7, 6.4, 6, 16], "texture": "#bottom"},
				"south": {"uv": [7, 6.4, 6, 16], "texture": "#bottom"},
				"west": {"uv": [7, 6.4, 6, 16], "texture": "#bottom"},
				"up": {"uv": [0, 0.8, 1, 0], "texture": "#missing"},
				"down": {"uv": [6, 16, 7, 6.4], "texture": "#bottom"}
			}
		},
		{
			"from": [1, 0, 6],
			"to": [2, 12, 7],
			"rotation": {"angle": 0, "axis": "y", "origin": [0, 0, 16]},
			"faces": {
				"north": {"uv": [7, 6.4, 6, 16], "texture": "#bottom"},
				"east": {"uv": [7, 6.4, 6, 16], "texture": "#bottom"},
				"south": {"uv": [7, 6.4, 6, 16], "texture": "#bottom"},
				"west": {"uv": [7, 6.4, 6, 16], "texture": "#bottom"},
				"up": {"uv": [0, 0.8, 1, 0], "texture": "#missing"},
				"down": {"uv": [6, 16, 7, 6.4], "texture": "#bottom"}
			}
		}
	]
}