{
	"credit": "Made with Blockbench",
	"ambientocclusion": false,
	"texture_size": [16, 20],
	"textures": {
		"0": "block/oak_door_bottom",
		"particle": "block/oak_door_bottom"
	},
	"elements": [
		{
			"from": [0, 0, 0],
			"to": [3, 16, 2],
			"faces": {
				"north": {"uv": [0, 0, 16, 2.4], "rotation": 90, "texture": "#0"},
				"east": {"uv": [2, 3.2, 0, 16], "texture": "#0"},
				"south": {"uv": [0, 0, 16, 2.4], "rotation": 90, "texture": "#0"},
				"west": {"uv": [0, 3.2, 2, 16], "texture": "#0"},
				"up": {"uv": [0, 0, 1, 2], "texture": "#0"},
				"down": {"uv": [0, 0, 1, 2], "texture": "#0"}
			}
		},
		{
			"from": [0, 0, 14],
			"to": [3, 16, 16],
			"faces": {
				"north": {"uv": [0, 0, 16, 2.4], "rotation": 90, "texture": "#0"},
				"east": {"uv": [14, 3.2, 16, 16], "texture": "#0"},
				"south": {"uv": [0, 0, 16, 2.4], "rotation": 90, "texture": "#0"},
				"west": {"uv": [14, 3.2, 16, 16], "texture": "#0"},
				"up": {"uv": [0, 0, 1, 1.6], "texture": "#0"},
				"down": {"uv": [0, 0, 1, 2], "texture": "#0"}
			}
		},
		{
			"from": [0, 0, 7],
			"to": [3, 16, 9],
			"faces": {
				"north": {"uv": [0, 0, 16, 2.4], "rotation": 90, "texture": "#0"},
				"east": {"uv": [7, 3.2, 9, 16], "texture": "#0"},
				"south": {"uv": [0, 0, 16, 2.4], "rotation": 90, "texture": "#0"},
				"west": {"uv": [7, 3.2, 9, 16], "texture": "#0"},
				"up": {"uv": [0, 0, 2, 1.6], "texture": "#0"},
				"down": {"uv": [0, 0, 4, 0.8], "texture": "#0"}
			}
		},
		{
			"from": [0, 0, 2],
			"to": [3, 2, 7],
			"faces": {
				"north": {"uv": [0, 0, 1, 1.6], "texture": "#missing"},
				"east": {"uv": [9, 14.4, 14, 16], "texture": "#0"},
				"south": {"uv": [0, 0, 1, 1.6], "texture": "#missing"},
				"west": {"uv": [2, 14.4, 7, 16], "texture": "#0"},
				"up": {"uv": [2, 0, 7, 2.4], "rotation": 90, "texture": "#0"},
				"down": {"uv": [0, 0, 3, 1.6], "texture": "#0"}
			}
		},
		{
			"from": [0, 14, 2],
			"to": [3, 16, 7],
			"faces": {
				"north": {"uv": [0, 0, 1, 1.6], "texture": "#missing"},
				"east": {"uv": [2, 3.2, 7, 4.8], "texture": "#0"},
				"south": {"uv": [0, 0, 1, 1.6], "texture": "#missing"},
				"west": {"uv": [2, 3.2, 7, 4.8], "texture": "#0"},
				"up": {"uv": [0, 0, 5, 2.4], "rotation": 90, "texture": "#0"},
				"down": {"uv": [0, 0, 5, 2.4], "rotation": 90, "texture": "#0"}
			}
		},
		{
			"from": [0, 14, 9],
			"to": [3, 16, 14],
			"faces": {
				"north": {"uv": [0, 0, 1, 1.6], "texture": "#missing"},
				"east": {"uv": [9, 3.2, 14, 4.8], "texture": "#0"},
				"south": {"uv": [0, 0, 1, 1.6], "texture": "#missing"},
				"west": {"uv": [9, 3.2, 14, 4.8], "texture": "#0"},
				"up": {"uv": [0, 0, 5, 2.4], "rotation": 90, "texture": "#0"},
				"down": {"uv": [0, 0, 5, 2.4], "rotation": 90, "texture": "#0"}
			}
		},
		{
			"from": [0, 0, 9],
			"to": [3, 2, 14],
			"faces": {
				"north": {"uv": [0, 0, 1, 1.6], "texture": "#missing"},
				"east": {"uv": [2, 14.4, 7, 16], "texture": "#0"},
				"south": {"uv": [0, 0, 1, 1.6], "texture": "#missing"},
				"west": {"uv": [9, 14.4, 14, 16], "texture": "#0"},
				"up": {"uv": [2, 0, 7, 2.4], "rotation": 90, "texture": "#0"},
				"down": {"uv": [0, 0, 3, 1.6], "texture": "#0"}
			}
		},
		{
			"from": [0, 7, 9],
			"to": [3, 9, 14],
			"faces": {
				"north": {"uv": [0, 0, 1, 1.6], "texture": "#missing"},
				"east": {"uv": [2, 14.4, 7, 16], "texture": "#0"},
				"south": {"uv": [0, 0, 1, 1.6], "texture": "#missing"},
				"west": {"uv": [9, 14.4, 14, 16], "texture": "#0"},
				"up": {"uv": [2, 0, 7, 2.4], "rotation": 90, "texture": "#0"},
				"down": {"uv": [0, 0, 3, 1.6], "texture": "#0"}
			}
		},
		{
			"from": [0, 7, 2],
			"to": [3, 9, 7],
			"faces": {
				"north": {"uv": [0, 0, 1, 1.6], "texture": "#missing"},
				"east": {"uv": [9, 14.4, 14, 16], "texture": "#0"},
				"south": {"uv": [0, 0, 1, 1.6], "texture": "#missing"},
				"west": {"uv": [2, 14.4, 7, 16], "texture": "#0"},
				"up": {"uv": [2, 0, 7, 2.4], "rotation": 90, "texture": "#0"},
				"down": {"uv": [0, 0, 3, 1.6], "texture": "#0"}
			}
		},
		{
			"from": [0, 13, 13],
			"to": [3, 14, 14],
			"faces": {
				"north": {"uv": [0, 0, 1, 0.8], "texture": "#0"},
				"east": {"uv": [2, 4.8, 3, 5.6], "texture": "#0"},
				"south": {"uv": [0, 0, 1, 0.8], "texture": "#missing"},
				"west": {"uv": [13, 4.8, 14, 5.6], "texture": "#0"},
				"up": {"uv": [0, 0, 1, 0.8], "texture": "#missing"},
				"down": {"uv": [0, 0, 1, 0.8], "texture": "#0"}
			}
		},
		{
			"from": [0, 13, 9],
			"to": [3, 14, 10],
			"faces": {
				"north": {"uv": [0, 0, 1, 0.8], "texture": "#missing"},
				"east": {"uv": [9, 4.8, 10, 5.6], "texture": "#0"},
				"south": {"uv": [0, 0, 1, 0.8], "texture": "#0"},
				"west": {"uv": [9, 4.8, 10, 5.6], "texture": "#0"},
				"up": {"uv": [0, 0, 1, 0.8], "texture": "#missing"},
				"down": {"uv": [0, 0, 1, 0.8], "texture": "#0"}
			}
		},
		{
			"from": [0, 13, 6],
			"to": [3, 14, 7],
			"faces": {
				"north": {"uv": [0, 0, 1, 0.8], "texture": "#0"},
				"east": {"uv": [2, 4.8, 3, 5.6], "texture": "#0"},
				"south": {"uv": [0, 0, 1, 0.8], "texture": "#missing"},
				"west": {"uv": [13, 4.8, 14, 5.6], "texture": "#0"},
				"up": {"uv": [0, 0, 1, 0.8], "texture": "#missing"},
				"down": {"uv": [0, 0, 1, 0.8], "texture": "#0"}
			}
		},
		{
			"from": [0, 13, 2],
			"to": [3, 14, 3],
			"faces": {
				"north": {"uv": [0, 0, 1, 0.8], "texture": "#missing"},
				"east": {"uv": [9, 4.8, 10, 5.6], "texture": "#0"},
				"south": {"uv": [0, 0, 1, 0.8], "texture": "#0"},
				"west": {"uv": [9, 4.8, 10, 5.6], "texture": "#0"},
				"up": {"uv": [0, 0, 1, 0.8], "texture": "#missing"},
				"down": {"uv": [0, 0, 1, 0.8], "texture": "#0"}
			}
		},
		{
			"from": [0, 6, 6],
			"to": [3, 7, 7],
			"faces": {
				"north": {"uv": [0, 0, 1, 0.8], "texture": "#0"},
				"east": {"uv": [2, 4.8, 3, 5.6], "texture": "#0"},
				"south": {"uv": [0, 0, 1, 0.8], "texture": "#missing"},
				"west": {"uv": [13, 4.8, 14, 5.6], "texture": "#0"},
				"up": {"uv": [0, 0, 1, 0.8], "texture": "#missing"},
				"down": {"uv": [0, 0, 1, 0.8], "texture": "#0"}
			}
		},
		{
			"from": [0, 6, 2],
			"to": [3, 7, 3],
			"faces": {
				"north": {"uv": [0, 0, 1, 0.8], "texture": "#missing"},
				"east": {"uv": [9, 4.8, 10, 5.6], "texture": "#0"},
				"south": {"uv": [0, 0, 1, 0.8], "texture": "#0"},
				"west": {"uv": [9, 4.8, 10, 5.6], "texture": "#0"},
				"up": {"uv": [0, 0, 1, 0.8], "texture": "#missing"},
				"down": {"uv": [0, 0, 1, 0.8], "texture": "#0"}
			}
		},
		{
			"from": [0, 6, 13],
			"to": [3, 7, 14],
			"faces": {
				"north": {"uv": [0, 0, 1, 0.8], "texture": "#0"},
				"east": {"uv": [2, 4.8, 3, 5.6], "texture": "#0"},
				"south": {"uv": [0, 0, 1, 0.8], "texture": "#missing"},
				"west": {"uv": [13, 4.8, 14, 5.6], "texture": "#0"},
				"up": {"uv": [0, 0, 1, 0.8], "texture": "#missing"},
				"down": {"uv": [0, 0, 1, 0.8], "texture": "#0"}
			}
		},
		{
			"from": [0, 6, 9],
			"to": [3, 7, 10],
			"faces": {
				"north": {"uv": [0, 0, 1, 0.8], "texture": "#missing"},
				"east": {"uv": [9, 4.8, 10, 5.6], "texture": "#0"},
				"south": {"uv": [0, 0, 1, 0.8], "texture": "#0"},
				"west": {"uv": [9, 4.8, 10, 5.6], "texture": "#0"},
				"up": {"uv": [0, 0, 1, 0.8], "texture": "#missing"},
				"down": {"uv": [0, 0, 1, 0.8], "texture": "#0"}
			}
		}
	]
}