{
	"credit": "Made with Blockbench",
	"ambientocclusion": false,
	"texture_size": [16, 20],
	"textures": {
		"0": "block/oak_door_bottom",
		"particle": "block/oak_door_bottom"
	},
	"elements": [
		{
			"from": [0, 0, 14],
			"to": [3, 16, 16],
			"rotation": {"angle": 0, "axis": "y", "origin": [0, 0, 16]},
			"faces": {
				"north": {"uv": [0, 2.4, 16, 0], "rotation": 90, "texture": "#0"},
				"east": {"uv": [0, 3.2, 2, 16], "texture": "#0"},
				"south": {"uv": [0, 2.4, 16, 0], "rotation": 90, "texture": "#0"},
				"west": {"uv": [2, 3.2, 0, 16], "texture": "#0"},
				"up": {"uv": [0, 2.4, 2, 0], "texture": "#0"},
				"down": {"uv": [0, 2, 1, 0], "texture": "#0"}
			}
		},
		{
			"from": [0, 0, 0],
			"to": [3, 16, 2],
			"rotation": {"angle": 0, "axis": "y", "origin": [0, 0, 16]},
			"faces": {
				"north": {"uv": [0, 2.4, 16, 0], "rotation": 90, "texture": "#0"},
				"east": {"uv": [16, 3.2, 14, 16], "texture": "#0"},
				"south": {"uv": [0, 2.4, 16, 0], "rotation": 90, "texture": "#0"},
				"west": {"uv": [16, 3.2, 14, 16], "texture": "#0"},
				"up": {"uv": [0, 1.6, 1, 0], "texture": "#0"},
				"down": {"uv": [0, 2, 1, 0], "texture": "#0"}
			}
		},
		{
			"from": [0, 0, 7],
			"to": [3, 16, 9],
			"rotation": {"angle": 0, "axis": "y", "origin": [0, 0, 16]},
			"faces": {
				"north": {"uv": [0, 2.4, 16, 0], "rotation": 90, "texture": "#0"},
				"east": {"uv": [9, 3.2, 7, 16], "texture": "#0"},
				"south": {"uv": [0, 2.4, 16, 0], "rotation": 90, "texture": "#0"},
				"west": {"uv": [9, 3.2, 7, 16], "texture": "#0"},
				"up": {"uv": [0, 2.4, 2, 0], "texture": "#0"},
				"down": {"uv": [0, 0.8, 4, 0], "texture": "#0"}
			}
		},
		{
			"from": [0, 0, 9],
			"to": [3, 2, 14],
			"rotation": {"angle": 0, "axis": "y", "origin": [0, 0, 16]},
			"faces": {
				"north": {"uv": [1, 0, 0, 1.6], "texture": "#missing"},
				"east": {"uv": [14, 14.4, 9, 16], "texture": "#0"},
				"south": {"uv": [1, 0, 0, 1.6], "texture": "#missing"},
				"west": {"uv": [7, 14.4, 2, 16], "texture": "#0"},
				"up": {"uv": [7, 0, 2, 2.4], "rotation": 90, "texture": "#0"},
				"down": {"uv": [0, 1.6, 3, 0], "texture": "#0"}
			}
		},
		{
			"from": [0, 14, 9],
			"to": [3, 16, 14],
			"rotation": {"angle": 0, "axis": "y", "origin": [0, 0, 16]},
			"faces": {
				"north": {"uv": [1, 0, 0, 1.6], "texture": "#missing"},
				"east": {"uv": [7, 3.2, 2, 4.8], "texture": "#0"},
				"south": {"uv": [1, 0, 0, 1.6], "texture": "#missing"},
				"west": {"uv": [7, 3.2, 2, 4.8], "texture": "#0"},
				"up": {"uv": [0, 2.4, 5, 0], "rotation": 90, "texture": "#0"},
				"down": {"uv": [5, 0, 0, 2.4], "rotation": 90, "texture": "#0"}
			}
		},
		{
			"from": [0, 14, 2],
			"to": [3, 16, 7],
			"rotation": {"angle": 0, "axis": "y", "origin": [0, 0, 16]},
			"faces": {
				"north": {"uv": [1, 0, 0, 1.6], "texture": "#missing"},
				"east": {"uv": [14, 3.2, 9, 4.8], "texture": "#0"},
				"south": {"uv": [1, 0, 0, 1.6], "texture": "#missing"},
				"west": {"uv": [14, 3.2, 9, 4.8], "texture": "#0"},
				"up": {"uv": [0, 2.4, 5, 0], "rotation": 90, "texture": "#0"},
				"down": {"uv": [5, 0, 0, 2.4], "rotation": 90, "texture": "#0"}
			}
		},
		{
			"from": [0, 0, 2],
			"to": [3, 2, 7],
			"rotation": {"angle": 0, "axis": "y", "origin": [0, 0, 16]},
			"faces": {
				"north": {"uv": [1, 0, 0, 1.6], "texture": "#missing"},
				"east": {"uv": [7, 14.4, 2, 16], "texture": "#0"},
				"south": {"uv": [1, 0, 0, 1.6], "texture": "#missing"},
				"west": {"uv": [14, 14.4, 9, 16], "texture": "#0"},
				"up": {"uv": [7, 0, 2, 2.4], "rotation": 90, "texture": "#0"},
				"down": {"uv": [0, 1.6, 3, 0], "texture": "#0"}
			}
		},
		{
			"from": [0, 7, 2],
			"to": [3, 9, 7],
			"rotation": {"angle": 0, "axis": "y", "origin": [0, 0, 16]},
			"faces": {
				"north": {"uv": [1, 0, 0, 1.6], "texture": "#missing"},
				"east": {"uv": [7, 14.4, 2, 16], "texture": "#0"},
				"south": {"uv": [1, 0, 0, 1.6], "texture": "#missing"},
				"west": {"uv": [14, 14.4, 9, 16], "texture": "#0"},
				"up": {"uv": [7, 0, 2, 2.4], "rotation": 90, "texture": "#0"},
				"down": {"uv": [0, 1.6, 3, 0], "texture": "#0"}
			}
		},
		{
			"from": [0, 7, 9],
			"to": [3, 9, 14],
			"rotation": {"angle": 0, "axis": "y", "origin": [0, 0, 16]},
			"faces": {
				"north": {"uv": [1, 0, 0, 1.6], "texture": "#missing"},
				"east": {"uv": [14, 14.4, 9, 16], "texture": "#0"},
				"south": {"uv": [1, 0, 0, 1.6], "texture": "#missing"},
				"west": {"uv": [7, 14.4, 2, 16], "texture": "#0"},
				"up": {"uv": [7, 0, 2, 2.4], "rotation": 90, "texture": "#0"},
				"down": {"uv": [0, 1.6, 3, 0], "texture": "#0"}
			}
		},
		{
			"from": [0, 13, 2],
			"to": [3, 14, 3],
			"rotation": {"angle": 0, "axis": "y", "origin": [0, 0, 16]},
			"faces": {
				"north": {"uv": [1, 0, 0, 0.8], "texture": "#missing"},
				"east": {"uv": [3, 4.8, 2, 5.6], "texture": "#0"},
				"south": {"uv": [1, 0, 0, 0.8], "texture": "#0"},
				"west": {"uv": [14, 4.8, 13, 5.6], "texture": "#0"},
				"up": {"uv": [0, 0.8, 1, 0], "texture": "#missing"},
				"down": {"uv": [0, 0.8, 1, 0], "texture": "#0"}
			}
		},
		{
			"from": [0, 13, 6],
			"to": [3, 14, 7],
			"rotation": {"angle": 0, "axis": "y", "origin": [0, 0, 16]},
			"faces": {
				"north": {"uv": [1, 0, 0, 0.8], "texture": "#0"},
				"east": {"uv": [10, 4.8, 9, 5.6], "texture": "#0"},
				"south": {"uv": [1, 0, 0, 0.8], "texture": "#missing"},
				"west": {"uv": [10, 4.8, 9, 5.6], "texture": "#0"},
				"up": {"uv": [0, 0.8, 1, 0], "texture": "#missing"},
				"down": {"uv": [0, 0.8, 1, 0], "texture": "#0"}
			}
		},
		{
			"from": [0, 13, 9],
			"to": [3, 14, 10],
			"rotation": {"angle": 0, "axis": "y", "origin": [0, 0, 16]},
			"faces": {
				"north": {"uv": [1, 0, 0, 0.8], "texture": "#missing"},
				"east": {"uv": [3, 4.8, 2, 5.6], "texture": "#0"},
				"south": {"uv": [1, 0, 0, 0.8], "texture": "#0"},
				"west": {"uv": [14, 4.8, 13, 5.6], "texture": "#0"},
				"up": {"uv": [0, 0.8, 1, 0], "texture": "#missing"},
				"down": {"uv": [0, 0.8, 1, 0], "texture": "#0"}
			}
		},
		{
			"from": [0, 13, 13],
			"to": [3, 14, 14],
			"rotation": {"angle": 0, "axis": "y", "origin": [0, 0, 16]},
			"faces": {
				"north": {"uv": [1, 0, 0, 0.8], "texture": "#0"},
				"east": {"uv": [10, 4.8, 9, 5.6], "texture": "#0"},
				"south": {"uv": [1, 0, 0, 0.8], "texture": "#missing"},
				"west": {"uv": [10, 4.8, 9, 5.6], "texture": "#0"},
				"up": {"uv": [0, 0.8, 1, 0], "texture": "#missing"},
				"down": {"uv": [0, 0.8, 1, 0], "texture": "#0"}
			}
		},
		{
			"from": [0, 6, 9],
			"to": [3, 7, 10],
			"rotation": {"angle": 0, "axis": "y", "origin": [0, 0, 16]},
			"faces": {
				"north": {"uv": [1, 0, 0, 0.8], "texture": "#missing"},
				"east": {"uv": [3, 4.8, 2, 5.6], "texture": "#0"},
				"south": {"uv": [1, 0, 0, 0.8], "texture": "#0"},
				"west": {"uv": [14, 4.8, 13, 5.6], "texture": "#0"},
				"up": {"uv": [0, 0.8, 1, 0], "texture": "#missing"},
				"down": {"uv": [0, 0.8, 1, 0], "texture": "#0"}
			}
		},
		{
			"from": [0, 6, 13],
			"to": [3, 7, 14],
			"rotation": {"angle": 0, "axis": "y", "origin": [0, 0, 16]},
			"faces": {
				"north": {"uv": [1, 0, 0, 0.8], "texture": "#0"},
				"east": {"uv": [10, 4.8, 9, 5.6], "texture": "#0"},
				"south": {"uv": [1, 0, 0, 0.8], "texture": "#missing"},
				"west": {"uv": [10, 4.8, 9, 5.6], "texture": "#0"},
				"up": {"uv": [0, 0.8, 1, 0], "texture": "#missing"},
				"down": {"uv": [0, 0.8, 1, 0], "texture": "#0"}
			}
		},
		{
			"from": [0, 6, 2],
			"to": [3, 7, 3],
			"rotation": {"angle": 0, "axis": "y", "origin": [0, 0, 16]},
			"faces": {
				"north": {"uv": [1, 0, 0, 0.8], "texture": "#missing"},
				"east": {"uv": [3, 4.8, 2, 5.6], "texture": "#0"},
				"south": {"uv": [1, 0, 0, 0.8], "texture": "#0"},
				"west": {"uv": [14, 4.8, 13, 5.6], "texture": "#0"},
				"up": {"uv": [0, 0.8, 1, 0], "texture": "#missing"},
				"down": {"uv": [0, 0.8, 1, 0], "texture": "#0"}
			}
		},
		{
			"from": [0, 6, 6],
			"to": [3, 7, 7],
			"rotation": {"angle": 0, "axis": "y", "origin": [0, 0, 16]},
			"faces": {
				"north": {"uv": [1, 0, 0, 0.8], "texture": "#0"},
				"east": {"uv": [10, 4.8, 9, 5.6], "texture": "#0"},
				"south": {"uv": [1, 0, 0, 0.8], "texture": "#missing"},
				"west": {"uv": [10, 4.8, 9, 5.6], "texture": "#0"},
				"up": {"uv": [0, 0.8, 1, 0], "texture": "#missing"},
				"down": {"uv": [0, 0.8, 1, 0], "texture": "#0"}
			}
		}
	]
}