{
	"credit": "Made with Blockbench",
	"parent": "block/door_bottom",
	"ambientocclusion": false,
	"texture_size": [16, 20],
	"textures": {
		"particle": "block/spruce_door_bottom",
		"bottom": "block/spruce_door_bottom"
	},
	"elements": [
		{
			"from": [0, 0, 0],
			"to": [3, 16, 3],
			"faces": {
				"north": {"uv": [0, 0, 16, 2.4], "rotation": 90, "texture": "#bottom"},
				"east": {"uv": [13, 3.2, 16, 16], "texture": "#bottom"},
				"south": {"uv": [3, 3.2, 4, 16], "texture": "#bottom"},
				"west": {"uv": [0, 3.2, 3, 16], "texture": "#bottom"},
				"up": {"uv": [0, 0, 1, 2.4], "texture": "#missing"},
				"down": {"uv": [0, 0, 1, 2.4], "texture": "#bottom"}
			}
		},
		{
			"from": [0, 0, 4],
			"to": [3, 16, 6],
			"faces": {
				"north": {"uv": [3, 3.2, 4, 16], "texture": "#bottom"},
				"east": {"uv": [10, 3.2, 12, 16], "texture": "#bottom"},
				"south": {"uv": [6, 3.2, 7, 16], "texture": "#bottom"},
				"west": {"uv": [4, 3.2, 6, 16], "texture": "#bottom"},
				"up": {"uv": [0, 0, 1, 2.4], "texture": "#missing"},
				"down": {"uv": [0, 0, 1, 2.4], "texture": "#bottom"}
			}
		},
		{
			"from": [0, 0, 7],
			"to": [3, 16, 9],
			"faces": {
				"north": {"uv": [6, 3.2, 7, 16], "texture": "#bottom"},
				"east": {"uv": [7, 3.2, 9, 16], "texture": "#bottom"},
				"south": {"uv": [9, 3.2, 10, 16], "texture": "#bottom"},
				"west": {"uv": [7, 3.2, 9, 16], "texture": "#bottom"},
				"up": {"uv": [0, 0, 1, 2.4], "texture": "#missing"},
				"down": {"uv": [0, 0, 1, 2.4], "texture": "#bottom"}
			}
		},
		{
			"from": [0, 0, 10],
			"to": [3, 16, 12],
			"faces": {
				"north": {"uv": [6, 3.2, 7, 16], "texture": "#bottom"},
				"east": {"uv": [4, 3.2, 6, 16], "texture": "#bottom"},
				"south": {"uv": [12, 3.2, 13, 16], "texture": "#bottom"},
				"west": {"uv": [10, 3.2, 12, 16], "texture": "#bottom"},
				"up": {"uv": [0, 0, 1, 2.4], "texture": "#missing"},
				"down": {"uv": [0, 0, 1, 2.4], "texture": "#bottom"}
			}
		},
		{
			"from": [1, 0, 3],
			"to": [2, 16, 4],
			"faces": {
				"north": {"uv": [0, 0, 1, 12.8], "texture": "#missing"},
				"east": {"uv": [12, 3.2, 13, 16], "texture": "#bottom"},
				"south": {"uv": [0, 0, 1, 12.8], "texture": "#missing"},
				"west": {"uv": [3, 3.2, 4, 16], "texture": "#bottom"},
				"up": {"uv": [0, 0, 1, 2.4], "texture": "#missing"},
				"down": {"uv": [0, 0, 1, 2.4], "texture": "#bottom"}
			}
		},
		{
			"from": [1, 0, 6],
			"to": [2, 16, 7],
			"faces": {
				"north": {"uv": [0, 0, 1, 12.8], "texture": "#missing"},
				"east": {"uv": [9, 3.2, 10, 16], "texture": "#bottom"},
				"south": {"uv": [0, 0, 1, 12.8], "texture": "#missing"},
				"west": {"uv": [6, 3.2, 7, 16], "texture": "#bottom"},
				"up": {"uv": [0, 0, 1, 2.4], "texture": "#missing"},
				"down": {"uv": [0, 0, 1, 2.4], "texture": "#bottom"}
			}
		},
		{
			"from": [1, 0, 9],
			"to": [2, 16, 10],
			"faces": {
				"north": {"uv": [0, 0, 1, 12.8], "texture": "#missing"},
				"east": {"uv": [6, 3.2, 7, 16], "texture": "#bottom"},
				"south": {"uv": [0, 0, 1, 12.8], "texture": "#missing"},
				"west": {"uv": [9, 3.2, 10, 16], "texture": "#bottom"},
				"up": {"uv": [0, 0, 1, 2.4], "texture": "#missing"},
				"down": {"uv": [0, 0, 1, 2.4], "texture": "#bottom"}
			}
		},
		{
			"from": [1, 0, 12],
			"to": [2, 16, 13],
			"faces": {
				"north": {"uv": [0, 0, 1, 12.8], "texture": "#missing"},
				"east": {"uv": [3, 3.2, 4, 16], "texture": "#bottom"},
				"south": {"uv": [0, 0, 1, 12.8], "texture": "#missing"},
				"west": {"uv": [12, 3.2, 13, 16], "texture": "#bottom"},
				"up": {"uv": [0, 0, 1, 2.4], "texture": "#missing"},
				"down": {"uv": [0, 0, 1, 2.4], "texture": "#bottom"}
			}
		},
		{
			"from": [0, 0, 13],
			"to": [3, 16, 16],
			"faces": {
				"north": {"uv": [3, 3.2, 4, 16], "texture": "#bottom"},
				"east": {"uv": [0, 3.2, 3, 16], "texture": "#bottom"},
				"south": {"uv": [0, 0, 16, 2.4], "rotation": 90, "texture": "#bottom"},
				"west": {"uv": [13, 3.2, 16, 16], "texture": "#bottom"},
				"up": {"uv": [0, 0, 1, 2.4], "texture": "#missing"},
				"down": {"uv": [0, 0, 1, 2.4], "texture": "#bottom"}
			}
		}
	]
}