{
	"credit": "Made with Blockbench",
	"ambientocclusion": false,
	"texture_size": [16, 20],
	"textures": {
		"1": "block/warped_door_bottom",
		"particle": "block/warped_door_bottom"
	},
	"elements": [
		{
			"from": [0, 0, 14],
			"to": [3, 16, 16],
			"rotation": {"angle": 0, "axis": "y", "origin": [0, 16, 16]},
			"faces": {
				"north": {"uv": [16, 2.4, 0, 0], "rotation": 90, "texture": "#1"},
				"east": {"uv": [0, 16, 2, 3.2], "texture": "#1"},
				"south": {"uv": [16, 2.4, 0, 0], "rotation": 90, "texture": "#1"},
				"west": {"uv": [2, 16, 0, 3.2], "texture": "#1"},
				"up": {"uv": [0, 0, 3, 2], "texture": "#missing"},
				"down": {"uv": [0, 0, 3, 1.6], "texture": "#1"}
			}
		},
		{
			"from": [0, 0, 0],
			"to": [3, 16, 2],
			"rotation": {"angle": 0, "axis": "y", "origin": [0, 16, 16]},
			"faces": {
				"north": {"uv": [16, 2.4, 0, 0], "rotation": 90, "texture": "#1"},
				"east": {"uv": [14, 16, 16, 3.2], "texture": "#1"},
				"south": {"uv": [16, 2.4, 0, 0], "rotation": 90, "texture": "#1"},
				"west": {"uv": [16, 16, 14, 3.2], "texture": "#1"},
				"up": {"uv": [0, 0, 3, 2], "texture": "#missing"},
				"down": {"uv": [0, 0, 3, 1.6], "texture": "#1"}
			}
		},
		{
			"from": [0, 0, 2],
			"to": [3, 2, 14],
			"rotation": {"angle": 0, "axis": "y", "origin": [0, 16, 16]},
			"faces": {
				"north": {"uv": [3, 1.6, 0, 0], "texture": "#missing"},
				"east": {"uv": [14, 4.8, 2, 3.2], "texture": "#1"},
				"south": {"uv": [3, 1.6, 0, 0], "texture": "#missing"},
				"west": {"uv": [14, 4.8, 2, 3.2], "texture": "#1"},
				"up": {"uv": [0, 0, 1, 0.8], "texture": "#1"},
				"down": {"uv": [2, 0, 14, 2.4], "rotation": 90, "texture": "#1"}
			}
		},
		{
			"from": [0, 2, 3],
			"to": [3, 3, 13],
			"rotation": {"angle": 0, "axis": "y", "origin": [0, 16, 16]},
			"faces": {
				"north": {"uv": [6, 1.6, 4, 0], "texture": "#1"},
				"east": {"uv": [13, 5.6, 3, 4.8], "texture": "#1"},
				"south": {"uv": [1, 0.8, 0, 0], "texture": "#1"},
				"west": {"uv": [13, 5.6, 3, 4.8], "texture": "#1"},
				"up": {"uv": [0, 0, 1, 0.8], "texture": "#1"},
				"down": {"uv": [0, 0, 3, 9.6], "texture": "#missing"}
			}
		},
		{
			"from": [0, 3, 4],
			"to": [3, 5, 12],
			"rotation": {"angle": 0, "axis": "y", "origin": [0, 16, 16]},
			"faces": {
				"north": {"uv": [3, 2.4, 0, 0], "texture": "#1"},
				"east": {"uv": [12, 7.2, 4, 5.6], "texture": "#1"},
				"south": {"uv": [3, 2.4, 0, 0], "texture": "#1"},
				"west": {"uv": [12, 7.2, 4, 5.6], "texture": "#1"},
				"up": {"uv": [0, 0, 1, 0.8], "texture": "#1"},
				"down": {"uv": [0, 0, 3, 9.6], "texture": "#missing"}
			}
		},
		{
			"from": [0, 5, 11],
			"to": [3, 16, 12],
			"rotation": {"angle": 0, "axis": "y", "origin": [0, 16, 16]},
			"faces": {
				"north": {"uv": [10, 2.4, 0, 0], "rotation": 90, "texture": "#1"},
				"east": {"uv": [12, 16, 11, 8], "texture": "#1"},
				"south": {"uv": [11, 2.4, 0, 0], "rotation": 90, "texture": "#1"},
				"west": {"uv": [5, 16, 4, 7.2], "texture": "#1"},
				"up": {"uv": [0, 0, 3, 9.6], "texture": "#missing"},
				"down": {"uv": [0, 0, 3, 9.6], "texture": "#missing"}
			}
		},
		{
			"from": [0, 5, 4],
			"to": [3, 16, 5],
			"rotation": {"angle": 0, "axis": "y", "origin": [0, 16, 16]},
			"faces": {
				"north": {"uv": [10, 2.4, 0, 0], "rotation": 90, "texture": "#1"},
				"east": {"uv": [5, 16, 4, 8], "texture": "#1"},
				"south": {"uv": [11, 2.4, 0, 0], "rotation": 90, "texture": "#1"},
				"west": {"uv": [5, 16, 4, 7.2], "texture": "#1"},
				"up": {"uv": [0, 0, 3, 9.6], "texture": "#missing"},
				"down": {"uv": [0, 0, 3, 9.6], "texture": "#missing"}
			}
		},
		{
			"from": [0, 5, 10],
			"to": [3, 6, 11],
			"rotation": {"angle": 0, "axis": "y", "origin": [0, 16, 16]},
			"faces": {
				"north": {"uv": [1, 0.8, 0, 0], "texture": "#1"},
				"east": {"uv": [6, 8, 5, 7.2], "texture": "#1"},
				"south": {"uv": [3, 0.8, 0, 0], "texture": "#missing"},
				"west": {"uv": [6, 8, 5, 7.2], "texture": "#1"},
				"up": {"uv": [0, 0, 1, 0.8], "texture": "#1"},
				"down": {"uv": [0, 0, 3, 0.8], "texture": "#missing"}
			}
		},
		{
			"from": [0, 5, 5],
			"to": [3, 6, 6],
			"rotation": {"angle": 0, "axis": "y", "origin": [0, 16, 16]},
			"faces": {
				"north": {"uv": [3, 0.8, 0, 0], "texture": "#missing"},
				"east": {"uv": [11, 8, 10, 7.2], "texture": "#1"},
				"south": {"uv": [1, 0.8, 0, 0], "texture": "#1"},
				"west": {"uv": [6, 8, 5, 7.2], "texture": "#1"},
				"up": {"uv": [0, 0, 1, 0.8], "texture": "#1"},
				"down": {"uv": [0, 0, 3, 0.8], "texture": "#missing"}
			}
		},
		{
			"from": [1, 2, 2],
			"to": [2, 16, 14],
			"rotation": {"angle": 0, "axis": "y", "origin": [0, 16, 16]},
			"faces": {
				"north": {"uv": [1, 11.2, 0, 0], "texture": "#missing"},
				"east": {"uv": [14, 16, 2, 4.8], "texture": "#1"},
				"south": {"uv": [1, 11.2, 0, 0], "texture": "#missing"},
				"west": {"uv": [14, 16, 2, 4.8], "texture": "#1"},
				"up": {"uv": [0, 0, 1, 9.6], "texture": "#missing"},
				"down": {"uv": [0, 0, 1, 9.6], "texture": "#missing"}
			}
		}
	],
	"groups": [
		{
			"name": "vines",
			"origin": [8, 8, 8],
			"color": 0,
			"children": [0, 1, 2, 3, 4, 5, 6, 7, 8, 9]
		}
	]
}