{
	"credit": "Made with Blockbench",
	"ambientocclusion": false,
	"texture_size": [16, 20],
	"textures": {
		"1": "block/warped_door_bottom",
		"particle": "block/warped_door_bottom"
	},
	"elements": [
		{
			"from": [0, 0, 14],
			"to": [3, 16, 16],
			"rotation": {"angle": 0, "axis": "y", "origin": [0, 0, 16]},
			"faces": {
				"north": {"uv": [0, 2.4, 16, 0], "rotation": 90, "texture": "#1"},
				"east": {"uv": [0, 3.2, 2, 16], "texture": "#1"},
				"south": {"uv": [0, 2.4, 16, 0], "rotation": 90, "texture": "#1"},
				"west": {"uv": [2, 3.2, 0, 16], "texture": "#1"},
				"up": {"uv": [0, 1.6, 3, 0], "texture": "#1"},
				"down": {"uv": [0, 2, 3, 0], "texture": "#missing"}
			}
		},
		{
			"from": [0, 0, 0],
			"to": [3, 16, 2],
			"rotation": {"angle": 0, "axis": "y", "origin": [0, 0, 16]},
			"faces": {
				"north": {"uv": [0, 2.4, 16, 0], "rotation": 90, "texture": "#1"},
				"east": {"uv": [14, 3.2, 16, 16], "texture": "#1"},
				"south": {"uv": [0, 2.4, 16, 0], "rotation": 90, "texture": "#1"},
				"west": {"uv": [16, 3.2, 14, 16], "texture": "#1"},
				"up": {"uv": [0, 1.6, 3, 0], "texture": "#1"},
				"down": {"uv": [0, 2, 3, 0], "texture": "#missing"}
			}
		},
		{
			"from": [0, 14, 2],
			"to": [3, 16, 14],
			"rotation": {"angle": 0, "axis": "y", "origin": [0, 0, 16]},
			"faces": {
				"north": {"uv": [3, 0, 0, 1.6], "texture": "#missing"},
				"east": {"uv": [14, 3.2, 2, 4.8], "texture": "#1"},
				"south": {"uv": [3, 0, 0, 1.6], "texture": "#missing"},
				"west": {"uv": [14, 3.2, 2, 4.8], "texture": "#1"},
				"up": {"uv": [14, 0, 2, 2.4], "rotation": 90, "texture": "#1"},
				"down": {"uv": [0, 0.8, 1, 0], "texture": "#1"}
			}
		},
		{
			"from": [0, 13, 3],
			"to": [3, 14, 13],
			"rotation": {"angle": 0, "axis": "y", "origin": [0, 0, 16]},
			"faces": {
				"north": {"uv": [6, 0, 4, 1.6], "texture": "#1"},
				"east": {"uv": [13, 4.8, 3, 5.6], "texture": "#1"},
				"south": {"uv": [1, 0, 0, 0.8], "texture": "#1"},
				"west": {"uv": [13, 4.8, 3, 5.6], "texture": "#1"},
				"up": {"uv": [0, 9.6, 3, 0], "texture": "#missing"},
				"down": {"uv": [0, 0.8, 1, 0], "texture": "#1"}
			}
		},
		{
			"from": [0, 11, 4],
			"to": [3, 13, 12],
			"rotation": {"angle": 0, "axis": "y", "origin": [0, 0, 16]},
			"faces": {
				"north": {"uv": [3, 0, 0, 2.4], "texture": "#1"},
				"east": {"uv": [12, 5.6, 4, 7.2], "texture": "#1"},
				"south": {"uv": [3, 0, 0, 2.4], "texture": "#1"},
				"west": {"uv": [12, 5.6, 4, 7.2], "texture": "#1"},
				"up": {"uv": [0, 9.6, 3, 0], "texture": "#missing"},
				"down": {"uv": [0, 0.8, 1, 0], "texture": "#1"}
			}
		},
		{
			"from": [0, 0, 11],
			"to": [3, 11, 12],
			"rotation": {"angle": 0, "axis": "y", "origin": [0, 0, 16]},
			"faces": {
				"north": {"uv": [0, 2.4, 10, 0], "rotation": 90, "texture": "#1"},
				"east": {"uv": [12, 8, 11, 16], "texture": "#1"},
				"south": {"uv": [0, 2.4, 11, 0], "rotation": 90, "texture": "#1"},
				"west": {"uv": [5, 7.2, 4, 16], "texture": "#1"},
				"up": {"uv": [0, 9.6, 3, 0], "texture": "#missing"},
				"down": {"uv": [0, 9.6, 3, 0], "texture": "#missing"}
			}
		},
		{
			"from": [0, 0, 4],
			"to": [3, 11, 5],
			"rotation": {"angle": 0, "axis": "y", "origin": [0, 0, 16]},
			"faces": {
				"north": {"uv": [0, 2.4, 10, 0], "rotation": 90, "texture": "#1"},
				"east": {"uv": [5, 8, 4, 16], "texture": "#1"},
				"south": {"uv": [0, 2.4, 11, 0], "rotation": 90, "texture": "#1"},
				"west": {"uv": [5, 7.2, 4, 16], "texture": "#1"},
				"up": {"uv": [0, 9.6, 3, 0], "texture": "#missing"},
				"down": {"uv": [0, 9.6, 3, 0], "texture": "#missing"}
			}
		},
		{
			"from": [0, 10, 10],
			"to": [3, 11, 11],
			"rotation": {"angle": 0, "axis": "y", "origin": [0, 0, 16]},
			"faces": {
				"north": {"uv": [1, 0, 0, 0.8], "texture": "#1"},
				"east": {"uv": [6, 7.2, 5, 8], "texture": "#1"},
				"south": {"uv": [3, 0, 0, 0.8], "texture": "#missing"},
				"west": {"uv": [6, 7.2, 5, 8], "texture": "#1"},
				"up": {"uv": [0, 0.8, 3, 0], "texture": "#missing"},
				"down": {"uv": [0, 0.8, 1, 0], "texture": "#1"}
			}
		},
		{
			"from": [0, 10, 5],
			"to": [3, 11, 6],
			"rotation": {"angle": 0, "axis": "y", "origin": [0, 0, 16]},
			"faces": {
				"north": {"uv": [3, 0, 0, 0.8], "texture": "#missing"},
				"east": {"uv": [11, 7.2, 10, 8], "texture": "#1"},
				"south": {"uv": [1, 0, 0, 0.8], "texture": "#1"},
				"west": {"uv": [6, 7.2, 5, 8], "texture": "#1"},
				"up": {"uv": [0, 0.8, 3, 0], "texture": "#missing"},
				"down": {"uv": [0, 0.8, 1, 0], "texture": "#1"}
			}
		},
		{
			"from": [1, 0, 2],
			"to": [2, 14, 14],
			"rotation": {"angle": 0, "axis": "y", "origin": [0, 0, 16]},
			"faces": {
				"north": {"uv": [1, 0, 0, 11.2], "texture": "#missing"},
				"east": {"uv": [14, 4.8, 2, 16], "texture": "#1"},
				"south": {"uv": [1, 0, 0, 11.2], "texture": "#missing"},
				"west": {"uv": [14, 4.8, 2, 16], "texture": "#1"},
				"up": {"uv": [0, 9.6, 1, 0], "texture": "#missing"},
				"down": {"uv": [0, 9.6, 1, 0], "texture": "#missing"}
			}
		}
	],
	"groups": [
		{
			"name": "vines",
			"origin": [8, 8, 8],
			"color": 0,
			"children": [0, 1, 2, 3, 4, 5, 6, 7, 8, 9]
		}
	]
}