{
	"credit": "Made with Blockbench",
	"parent": "minecraft:item/book",
	"textures": {
		"1": "item/book",
		"particle": "item/book"
	},
	"elements": [
		{
			"from": [4, 2, 2],
			"to": [12, 3, 14],
			"faces": {
				"north": {"uv": [5, 6, 9, 6.5], "rotation": 180, "texture": "#1"},
				"east": {"uv": [0.5, 7, 6.5, 7.5], "rotation": 180, "texture": "#1"},
				"south": {"uv": [5, 0.5, 9, 1], "rotation": 180, "texture": "#1"},
				"west": {"uv": [8.5, 0.5, 9, 6.5], "rotation": 180, "texture": "#1"},
				"up": {"uv": [5, 0.5, 9, 6.5], "rotation": 180, "texture": "#1"},
				"down": {"uv": [5, 0.5, 9, 6.5], "rotation": 180, "texture": "#1"}
			}
		},
		{
			"from": [4, 0, 2],
			"to": [12, 1, 14],
			"faces": {
				"north": {"uv": [0.5, 0.5, 4.5, 1], "rotation": 180, "texture": "#1"},
				"east": {"uv": [0.5, 8, 6.5, 8.5], "rotation": 180, "texture": "#1"},
				"south": {"uv": [0.5, 6, 4.5, 6.5], "rotation": 180, "texture": "#1"},
				"west": {"uv": [4, 0.5, 4.5, 6.5], "rotation": 180, "texture": "#1"},
				"up": {"uv": [0.5, 0.5, 4.5, 6.5], "rotation": 180, "texture": "#1"},
				"down": {"uv": [0.5, 0.5, 4.5, 6.5], "rotation": 180, "texture": "#1"}
			}
		},
		{
			"from": [4.5, 1, 2.5],
			"to": [11, 2, 13.5],
			"faces": {
				"north": {"uv": [0.5, 10, 4, 10.5], "rotation": 180, "texture": "#1"},
				"east": {"uv": [5, 6, 5.5, 6.5], "rotation": 180, "texture": "#1"},
				"south": {"uv": [0.5, 10, 4, 10.5], "rotation": 180, "texture": "#1"},
				"west": {"uv": [0.5, 9, 6.5, 9.5], "rotation": 180, "texture": "#1"},
				"up": {"uv": [4, 6, 4.5, 6.5], "rotation": 180, "texture": "#1"},
				"down": {"uv": [4, 6, 4.5, 6.5], "rotation": 180, "texture": "#1"}
			}
		},
		{
			"from": [11, 1, 2],
			"to": [12, 2, 14],
			"faces": {
				"north": {"uv": [5, 0.5, 5.5, 1], "rotation": 180, "texture": "#1"},
				"east": {"uv": [0.5, 7.5, 6.5, 8], "rotation": 180, "texture": "#1"},
				"south": {"uv": [5, 0.5, 5.5, 1], "rotation": 180, "texture": "#1"},
				"west": {"uv": [5, 0.5, 5.5, 1], "rotation": 180, "texture": "#1"},
				"up": {"uv": [5, 0.5, 5.5, 6.5], "rotation": 180, "texture": "#1"},
				"down": {"uv": [5, 0.5, 5.5, 6.5], "rotation": 180, "texture": "#1"}
			}
		}
	],
	"display": {
		"thirdperson_righthand": {
			"translation": [0, 4.25, 0],
			"scale": [0.55, 0.55, 0.55]
		},
		"thirdperson_lefthand": {
			"translation": [0, 4.25, 1],
			"scale": [0.55, 0.55, 0.55]
		},
		"firstperson_righthand": {
			"translation": [0, 6.25, 0]
		},
		"firstperson_lefthand": {
			"translation": [0, 6.25, 0]
		},
		"ground": {
			"translation": [0, 3.75, 0],
			"scale": [0.75, 0.75, 0.75]
		},
		"gui": {
			"rotation": [36, -36, 0],
			"translation": [0, 5.5, 0],
			"scale": [1, 1, 1.02]
		},
		"head": {
			"translation": [0, 16, 0]
		},
		"fixed": {
			"rotation": [-90, 0, 0],
			"translation": [0, 0, -8.5]
		}
	}
}