{
	"credit": "Made by Berenvonbaggins",
	"textures": {
		"0": "minecraft:block/warped_planks",
		"1": "minecraft:block/warped_stem",
		"particle": "minecraft:block/warped_planks"
	},
	"elements": [
		{
			"from": [5, -1, 6],
			"to": [11, 1, 10],
			"rotation": {"angle": 0, "axis": "y", "origin": [0, 0, 0]},
			"faces": {
				"north": {"uv": [5, 14, 11, 16], "texture": "#0"},
				"east": {"uv": [6, 14, 10, 16], "texture": "#0"},
				"south": {"uv": [5, 14, 11, 16], "texture": "#0"},
				"west": {"uv": [6, 14, 10, 16], "texture": "#0"},
				"up": {"uv": [5, 6, 11, 10], "texture": "#0"},
				"down": {"uv": [5, 6, 11, 10], "texture": "#0"}
			}
		},
		{
			"from": [4, -0.5, 5],
			"to": [12, 0.5, 11],
			"rotation": {"angle": 0, "axis": "y", "origin": [0, 0, 0]},
			"faces": {
				"north": {"uv": [4, 15, 12, 16], "texture": "#1"},
				"east": {"uv": [5, 15, 11, 16], "texture": "#1"},
				"south": {"uv": [4, 15, 12, 16], "texture": "#1"},
				"west": {"uv": [5, 15, 11, 16], "texture": "#1"},
				"up": {"uv": [4, 5, 12, 11], "texture": "#1"},
				"down": {"uv": [4, 5, 12, 11], "texture": "#1"}
			}
		}
	]
}