{
	"credit": "Made with Blockbench",
	"texture_size": [32, 32],
	"textures": {
		"1": "item/acacia1"
	},
	"elements": [
		{
			"from": [7, 0, 7],
			"to": [8, 3, 8],
			"faces": {
				"north": {"uv": [0, 4, 1, 7], "texture": "#1"},
				"east": {"uv": [0, 16, 1, 13], "texture": "#1"},
				"south": {"uv": [3, 13, 4, 16], "texture": "#1"},
				"west": {"uv": [1, 13, 2, 16], "texture": "#1"},
				"up": {"uv": [0, 0, 0.5, 0.5], "texture": "#1"},
				"down": {"uv": [0, 0, 1, 1], "texture": "#1"}
			}
		},
		{
			"from": [6, 3, 6],
			"to": [7, 7, 7],
			"faces": {
				"north": {"uv": [0, 4, 1, 8], "texture": "#1"},
				"east": {"uv": [0, 16, 1, 12], "texture": "#1"},
				"south": {"uv": [2, 11, 3, 15], "texture": "#1"},
				"west": {"uv": [1, 12, 2, 16], "texture": "#1"},
				"up": {"uv": [0, 0, 0.5, 0.5], "texture": "#1"},
				"down": {"uv": [0, 0, 1, 1], "texture": "#1"}
			}
		},
		{
			"from": [7, 2, 8],
			"to": [8, 4, 9],
			"faces": {
				"north": {"uv": [0, 0, 1, 2], "texture": "#1"},
				"east": {"uv": [0, 16, 1, 14], "texture": "#1"},
				"south": {"uv": [1, 12, 2, 14], "texture": "#1"},
				"west": {"uv": [1, 14, 2, 16], "texture": "#1"},
				"up": {"uv": [0, 0, 0.5, 0.5], "texture": "#1"},
				"down": {"uv": [0, 0, 1, 1], "texture": "#1"}
			}
		},
		{
			"from": [7, 2, 6],
			"to": [8, 4, 7],
			"faces": {
				"north": {"uv": [0, 0, 1, 2], "texture": "#1"},
				"east": {"uv": [0, 16, 1, 14], "texture": "#1"},
				"south": {"uv": [1, 12, 2, 14], "texture": "#1"},
				"west": {"uv": [1, 14, 2, 16], "texture": "#1"},
				"up": {"uv": [0, 0, 0.5, 0.5], "texture": "#1"},
				"down": {"uv": [0, 0, 1, 1], "texture": "#1"}
			}
		},
		{
			"from": [8, 3, 8],
			"to": [9, 5, 9],
			"faces": {
				"north": {"uv": [0, 0, 1, 2], "texture": "#1"},
				"east": {"uv": [0, 15, 1, 13], "texture": "#1"},
				"south": {"uv": [0, 10, 1, 12], "texture": "#1"},
				"west": {"uv": [1, 14, 2, 16], "texture": "#1"},
				"up": {"uv": [0, 0, 0.5, 0.5], "texture": "#1"},
				"down": {"uv": [0, 0, 1, 1], "texture": "#1"}
			}
		},
		{
			"from": [5, 7, 4],
			"to": [10, 8, 9],
			"faces": {
				"north": {"uv": [11, 3, 16, 4], "texture": "#1"},
				"east": {"uv": [11, 5, 16, 6], "texture": "#1"},
				"south": {"uv": [16, 7, 11, 8], "texture": "#1"},
				"west": {"uv": [10, 1, 15, 2], "texture": "#1"},
				"up": {"uv": [11, 0, 16, 5], "texture": "#1"},
				"down": {"uv": [5, 1, 10, 6], "texture": "#1"}
			}
		},
		{
			"from": [4, 5, 3],
			"to": [11, 6, 10],
			"faces": {
				"north": {"uv": [7, 3, 16, 4], "texture": "#1"},
				"east": {"uv": [9, 5, 16, 6], "texture": "#1"},
				"south": {"uv": [16, 7, 9, 8], "texture": "#1"},
				"west": {"uv": [8, 1, 15, 2], "texture": "#1"},
				"up": {"uv": [8, 9, 15, 16], "texture": "#1"},
				"down": {"uv": [5, 1, 12, 8], "texture": "#1"}
			}
		}
	]
}