{
	"credit": "Made with Blockbench",
	"texture_size": [32, 32],
	"textures": {
		"1": "item/birch1"
	},
	"elements": [
		{
			"from": [7, 0, 7],
			"to": [8, 5, 8],
			"faces": {
				"north": {"uv": [0, 4, 1, 9], "texture": "#1"},
				"east": {"uv": [0, 16, 1, 11], "texture": "#1"},
				"south": {"uv": [2, 11, 3, 16], "texture": "#1"},
				"west": {"uv": [1, 11, 2, 16], "texture": "#1"},
				"up": {"uv": [0, 0, 0.5, 0.5], "texture": "#1"},
				"down": {"uv": [0, 0, 1, 1], "texture": "#1"}
			}
		},
		{
			"from": [7, 4, 8],
			"to": [8, 6, 9],
			"faces": {
				"north": {"uv": [0, 0, 1, 2], "texture": "#1"},
				"east": {"uv": [0, 16, 1, 14], "texture": "#1"},
				"south": {"uv": [1, 12, 2, 14], "texture": "#1"},
				"west": {"uv": [1, 14, 2, 16], "texture": "#1"},
				"up": {"uv": [0, 0, 0.5, 0.5], "texture": "#1"},
				"down": {"uv": [0, 0, 1, 1], "texture": "#1"}
			}
		},
		{
			"from": [7, 4, 6],
			"to": [8, 6, 7],
			"faces": {
				"north": {"uv": [0, 0, 1, 2], "texture": "#1"},
				"east": {"uv": [0, 16, 1, 14], "texture": "#1"},
				"south": {"uv": [1, 12, 2, 14], "texture": "#1"},
				"west": {"uv": [1, 14, 2, 16], "texture": "#1"},
				"up": {"uv": [0, 0, 0.5, 0.5], "texture": "#1"},
				"down": {"uv": [0, 0, 1, 1], "texture": "#1"}
			}
		},
		{
			"from": [8, 5, 8],
			"to": [9, 7, 9],
			"faces": {
				"north": {"uv": [0, 0, 1, 2], "texture": "#1"},
				"east": {"uv": [0, 15, 1, 13], "texture": "#1"},
				"south": {"uv": [0, 10, 1, 12], "texture": "#1"},
				"west": {"uv": [1, 14, 2, 16], "texture": "#1"},
				"up": {"uv": [0, 0, 0.5, 0.5], "texture": "#1"},
				"down": {"uv": [0, 0, 1, 1], "texture": "#1"}
			}
		},
		{
			"from": [7, 5, 5],
			"to": [8, 7, 6],
			"faces": {
				"north": {"uv": [0, 0, 1, 2], "texture": "#1"},
				"east": {"uv": [0, 15, 1, 13], "texture": "#1"},
				"south": {"uv": [0, 10, 1, 12], "texture": "#1"},
				"west": {"uv": [1, 14, 2, 16], "texture": "#1"},
				"up": {"uv": [0, 0, 0.5, 0.5], "texture": "#1"},
				"down": {"uv": [0, 0, 1, 1], "texture": "#1"}
			}
		},
		{
			"from": [7, 11, 5],
			"to": [8, 12, 6],
			"faces": {
				"north": {"uv": [12, 4, 13, 5], "texture": "#1"},
				"east": {"uv": [11, 5, 12, 6], "texture": "#1"},
				"south": {"uv": [12, 7, 11, 8], "texture": "#1"},
				"west": {"uv": [13, 0, 14, 1], "texture": "#1"},
				"up": {"uv": [15, 4, 16, 5], "texture": "#1"},
				"down": {"uv": [5, 1, 10, 6], "texture": "#1"}
			}
		},
		{
			"from": [7, 11, 6],
			"to": [8, 12, 7],
			"faces": {
				"north": {"uv": [12, 4, 13, 5], "texture": "#1"},
				"east": {"uv": [11, 5, 12, 6], "texture": "#1"},
				"south": {"uv": [12, 7, 11, 8], "texture": "#1"},
				"west": {"uv": [10, 1, 11, 2], "texture": "#1"},
				"up": {"uv": [8, 3, 9, 4], "texture": "#1"},
				"down": {"uv": [5, 1, 10, 6], "texture": "#1"}
			}
		},
		{
			"from": [7, 11, 7],
			"to": [8, 12, 8],
			"faces": {
				"north": {"uv": [12, 4, 13, 5], "texture": "#1"},
				"east": {"uv": [11, 5, 12, 6], "texture": "#1"},
				"south": {"uv": [12, 7, 11, 8], "texture": "#1"},
				"west": {"uv": [10, 1, 11, 2], "texture": "#1"},
				"up": {"uv": [15, 4, 16, 5], "texture": "#1"},
				"down": {"uv": [5, 1, 10, 6], "texture": "#1"}
			}
		},
		{
			"from": [7, 11, 8],
			"to": [8, 12, 9],
			"faces": {
				"north": {"uv": [12, 4, 13, 5], "texture": "#1"},
				"east": {"uv": [11, 5, 12, 6], "texture": "#1"},
				"south": {"uv": [12, 7, 11, 8], "texture": "#1"},
				"west": {"uv": [10, 1, 11, 2], "texture": "#1"},
				"up": {"uv": [8, 4, 9, 5], "texture": "#1"},
				"down": {"uv": [5, 1, 10, 6], "texture": "#1"}
			}
		},
		{
			"from": [6, 11, 7],
			"to": [7, 12, 8],
			"faces": {
				"north": {"uv": [12, 4, 13, 5], "texture": "#1"},
				"east": {"uv": [11, 5, 12, 6], "texture": "#1"},
				"south": {"uv": [12, 7, 11, 8], "texture": "#1"},
				"west": {"uv": [10, 1, 11, 2], "texture": "#1"},
				"up": {"uv": [15, 4, 16, 5], "texture": "#1"},
				"down": {"uv": [5, 1, 10, 6], "texture": "#1"}
			}
		},
		{
			"from": [6, 11, 6],
			"to": [7, 12, 7],
			"faces": {
				"north": {"uv": [12, 4, 13, 5], "texture": "#1"},
				"east": {"uv": [11, 5, 12, 6], "texture": "#1"},
				"south": {"uv": [12, 7, 11, 8], "texture": "#1"},
				"west": {"uv": [11, 1, 12, 2], "texture": "#1"},
				"up": {"uv": [15, 5, 16, 6], "texture": "#1"},
				"down": {"uv": [5, 1, 10, 6], "texture": "#1"}
			}
		},
		{
			"from": [8, 11, 7],
			"to": [9, 12, 8],
			"faces": {
				"north": {"uv": [12, 4, 13, 5], "texture": "#1"},
				"east": {"uv": [11, 5, 12, 6], "texture": "#1"},
				"south": {"uv": [12, 7, 11, 8], "texture": "#1"},
				"west": {"uv": [10, 1, 11, 2], "texture": "#1"},
				"up": {"uv": [8, 4, 9, 5], "texture": "#1"},
				"down": {"uv": [5, 1, 10, 6], "texture": "#1"}
			}
		},
		{
			"from": [8, 11, 6],
			"to": [9, 12, 7],
			"faces": {
				"north": {"uv": [12, 4, 13, 5], "texture": "#1"},
				"east": {"uv": [11, 5, 12, 6], "texture": "#1"},
				"south": {"uv": [12, 7, 11, 8], "texture": "#1"},
				"west": {"uv": [10, 1, 11, 2], "texture": "#1"},
				"up": {"uv": [15, 4, 16, 5], "texture": "#1"},
				"down": {"uv": [5, 1, 10, 6], "texture": "#1"}
			}
		},
		{
			"from": [4, 7, 3],
			"to": [11, 9, 11],
			"faces": {
				"north": {"uv": [9, 3, 16, 5], "texture": "#1"},
				"east": {"uv": [8, 5, 16, 7], "texture": "#1"},
				"south": {"uv": [16, 7, 9, 9], "texture": "#1"},
				"west": {"uv": [7, 1, 15, 3], "texture": "#1"},
				"up": {"uv": [8, 8, 15, 16], "texture": "#1"},
				"down": {"uv": [5, 1, 12, 9], "texture": "#1"}
			}
		},
		{
			"from": [5, 9, 4],
			"to": [10, 11, 10],
			"faces": {
				"north": {"uv": [9, 3, 14, 5], "texture": "#1"},
				"east": {"uv": [8, 5, 14, 7], "texture": "#1"},
				"south": {"uv": [14, 7, 9, 9], "texture": "#1"},
				"west": {"uv": [7, 2, 13, 4], "texture": "#1"},
				"up": {"uv": [9, 9, 14, 15], "texture": "#1"},
				"down": {"uv": [5, 1, 12, 9], "texture": "#1"}
			}
		}
	]
}