{
	"credit": "Made with Blockbench",
	"texture_size": [32, 32],
	"textures": {
		"1": "item/dark1"
	},
	"elements": [
		{
			"from": [7, 0, 7],
			"to": [9, 7, 9],
			"faces": {
				"north": {"uv": [1, 9, 3, 16], "texture": "#1"},
				"east": {"uv": [1, 16, 3, 9], "texture": "#1"},
				"south": {"uv": [2, 9, 4, 16], "texture": "#1"},
				"west": {"uv": [1, 9, 3, 16], "texture": "#1"},
				"up": {"uv": [0, 0, 0.5, 0.5], "texture": "#1"},
				"down": {"uv": [0, 0, 1, 1], "texture": "#1"}
			}
		},
		{
			"from": [9, 5, 8],
			"to": [10, 7, 9],
			"faces": {
				"north": {"uv": [0, 0, 1, 2], "texture": "#1"},
				"east": {"uv": [0, 15, 1, 13], "texture": "#1"},
				"south": {"uv": [0, 10, 1, 12], "texture": "#1"},
				"west": {"uv": [1, 14, 2, 16], "texture": "#1"},
				"up": {"uv": [0, 0, 0.5, 0.5], "texture": "#1"},
				"down": {"uv": [0, 0, 1, 1], "texture": "#1"}
			}
		},
		{
			"from": [7, 5, 9],
			"to": [8, 7, 10],
			"faces": {
				"north": {"uv": [0, 0, 1, 2], "texture": "#1"},
				"east": {"uv": [0, 15, 1, 13], "texture": "#1"},
				"south": {"uv": [0, 10, 1, 12], "texture": "#1"},
				"west": {"uv": [1, 14, 2, 16], "texture": "#1"},
				"up": {"uv": [0, 0, 0.5, 0.5], "texture": "#1"},
				"down": {"uv": [0, 0, 1, 1], "texture": "#1"}
			}
		},
		{
			"from": [6, 5, 6],
			"to": [7, 7, 7],
			"faces": {
				"north": {"uv": [0, 0, 1, 2], "texture": "#1"},
				"east": {"uv": [0, 15, 1, 13], "texture": "#1"},
				"south": {"uv": [0, 10, 1, 12], "texture": "#1"},
				"west": {"uv": [1, 14, 2, 16], "texture": "#1"},
				"up": {"uv": [0, 0, 0.5, 0.5], "texture": "#1"},
				"down": {"uv": [0, 0, 1, 1], "texture": "#1"}
			}
		},
		{
			"from": [8, 6, 6],
			"to": [9, 7, 7],
			"faces": {
				"north": {"uv": [12, 4, 13, 5], "texture": "#1"},
				"east": {"uv": [11, 5, 12, 6], "texture": "#1"},
				"south": {"uv": [12, 7, 11, 8], "texture": "#1"},
				"west": {"uv": [13, 0, 14, 1], "texture": "#1"},
				"up": {"uv": [15, 4, 16, 5], "texture": "#1"},
				"down": {"uv": [5, 1, 6, 2], "texture": "#1"}
			}
		},
		{
			"from": [7, 4, 10],
			"to": [8, 5, 11],
			"faces": {
				"north": {"uv": [12, 4, 13, 5], "texture": "#1"},
				"east": {"uv": [11, 5, 12, 6], "texture": "#1"},
				"south": {"uv": [7, 8, 6, 9], "texture": "#1"},
				"west": {"uv": [7, 1, 8, 2], "texture": "#1"},
				"up": {"uv": [8, 4, 9, 5], "texture": "#1"},
				"down": {"uv": [5, 1, 6, 2], "texture": "#1"}
			}
		},
		{
			"from": [6, 6, 8],
			"to": [7, 7, 9],
			"faces": {
				"north": {"uv": [12, 4, 13, 5], "texture": "#1"},
				"east": {"uv": [11, 5, 12, 6], "texture": "#1"},
				"south": {"uv": [12, 7, 11, 8], "texture": "#1"},
				"west": {"uv": [10, 1, 11, 2], "texture": "#1"},
				"up": {"uv": [15, 4, 16, 5], "texture": "#1"},
				"down": {"uv": [5, 1, 6, 2], "texture": "#1"}
			}
		},
		{
			"from": [4, 7, 4],
			"to": [12, 9, 12],
			"faces": {
				"north": {"uv": [8, 3, 16, 5], "texture": "#1"},
				"east": {"uv": [8, 5, 16, 7], "texture": "#1"},
				"south": {"uv": [16, 7, 8, 9], "texture": "#1"},
				"west": {"uv": [7, 1, 15, 3], "texture": "#1"},
				"up": {"uv": [8, 8, 16, 16], "texture": "#1"},
				"down": {"uv": [5, 1, 12, 9], "texture": "#1"}
			}
		},
		{
			"from": [5, 9, 5],
			"to": [11, 10, 11],
			"faces": {
				"north": {"uv": [9, 3, 15, 4], "texture": "#1"},
				"east": {"uv": [8, 5, 14, 6], "texture": "#1"},
				"south": {"uv": [15, 7, 9, 8], "texture": "#1"},
				"west": {"uv": [7, 2, 13, 3], "texture": "#1"},
				"up": {"uv": [9, 9, 15, 15], "texture": "#1"},
				"down": {"uv": [5, 1, 12, 9], "texture": "#1"}
			}
		}
	]
}