{
	"credit": "Made with Blockbench",
	"textures": {
		"2": "item/pot1",
		"3": "item/pot2",
		"particle": "item/pot1"
	},
	"elements": [
		{
			"from": [5, 0, 5],
			"to": [10, 3, 10],
			"faces": {
				"north": {"uv": [9, 12, 14, 15], "texture": "#2"},
				"east": {"uv": [7, 12, 12, 15], "texture": "#2"},
				"south": {"uv": [0, 11, 5, 14], "texture": "#2"},
				"west": {"uv": [6, 12, 11, 15], "texture": "#2"},
				"up": {"uv": [10, 1, 15, 6], "texture": "#2"},
				"down": {"uv": [14, 13, 16.5, 15.5], "texture": "#2"}
			}
		},
		{
			"from": [9.75, 3, 5],
			"to": [10.25, 4, 10],
			"faces": {
				"north": {"uv": [1, 0, 1.25, 0.5], "texture": "#3"},
				"east": {"uv": [0, 0, 5, 1], "texture": "#3"},
				"south": {"uv": [0, 0, 0.25, 0.5], "texture": "#3"},
				"west": {"uv": [5, 0, 10, 1], "texture": "#3"},
				"up": {"uv": [2, 0, 7, 1], "rotation": 90, "texture": "#3"},
				"down": {"uv": [3, 0, 8, 1], "rotation": 90, "texture": "#3"}
			}
		},
		{
			"from": [4.75, 3, 5],
			"to": [5.25, 4, 10],
			"faces": {
				"north": {"uv": [1, 0, 1.25, 0.5], "texture": "#3"},
				"east": {"uv": [0, 0, 5, 1], "texture": "#3"},
				"south": {"uv": [0, 0, 0.25, 0.5], "texture": "#3"},
				"west": {"uv": [5, 0, 10, 1], "texture": "#3"},
				"up": {"uv": [2, 0, 7, 1], "rotation": 90, "texture": "#3"},
				"down": {"uv": [3, 0, 8, 1], "rotation": 90, "texture": "#3"}
			}
		},
		{
			"from": [6.75, 3, 4.75],
			"to": [9.75, 4, 5.25],
			"faces": {
				"north": {"uv": [13, 1, 16, 2], "texture": "#3"},
				"east": {"uv": [0, 0, 0.25, 0.5], "texture": "#3"},
				"south": {"uv": [2, 1, 5, 2], "texture": "#3"},
				"west": {"uv": [0, 0, 1, 1], "texture": "#3"},
				"up": {"uv": [1, 0, 4, 1], "texture": "#3"},
				"down": {"uv": [7, 1, 10, 2], "texture": "#3"}
			}
		},
		{
			"from": [5.25, 3, 9.75],
			"to": [8.25, 4, 10.25],
			"faces": {
				"north": {"uv": [13, 1, 16, 2], "texture": "#3"},
				"east": {"uv": [0, 0, 0.25, 0.5], "texture": "#3"},
				"south": {"uv": [2, 1, 5, 2], "texture": "#3"},
				"west": {"uv": [0, 0, 1, 1], "texture": "#3"},
				"up": {"uv": [1, 0, 4, 1], "texture": "#3"},
				"down": {"uv": [2, 1, 5, 2], "texture": "#3"}
			}
		},
		{
			"from": [8.5, 1, 4.75],
			"to": [9.5, 2, 5],
			"faces": {
				"north": {"uv": [1, 9, 2, 10], "texture": "#3"},
				"east": {"uv": [5, 8, 6, 9], "texture": "#3"},
				"south": {"uv": [5, 8, 6, 9], "texture": "#3"},
				"west": {"uv": [5, 8, 5.25, 9], "texture": "#3"},
				"up": {"uv": [5, 8, 6, 8.25], "texture": "#3"},
				"down": {"uv": [5, 8, 6, 8.25], "texture": "#3"}
			}
		},
		{
			"from": [5.5, 1, 4.75],
			"to": [6.5, 2, 5],
			"faces": {
				"north": {"uv": [1, 9, 2, 10], "texture": "#3"},
				"east": {"uv": [5, 8, 6, 9], "texture": "#3"},
				"south": {"uv": [5, 8, 6, 9], "texture": "#3"},
				"west": {"uv": [5, 8, 5.25, 9], "texture": "#3"},
				"up": {"uv": [5, 8, 6, 8.25], "texture": "#3"},
				"down": {"uv": [5, 8, 6, 8.25], "texture": "#3"}
			}
		},
		{
			"from": [8.5, 1, 10],
			"to": [9.5, 2, 10.25],
			"faces": {
				"north": {"uv": [1, 9, 2, 10], "texture": "#3"},
				"east": {"uv": [5, 8, 6, 9], "texture": "#3"},
				"south": {"uv": [5, 8, 6, 9], "texture": "#3"},
				"west": {"uv": [5, 8, 5.25, 9], "texture": "#3"},
				"up": {"uv": [5, 8, 6, 8.25], "texture": "#3"},
				"down": {"uv": [5, 8, 6, 8.25], "texture": "#3"}
			}
		},
		{
			"from": [5.5, 1, 10],
			"to": [6.5, 2, 10.25],
			"faces": {
				"north": {"uv": [1, 9, 2, 10], "texture": "#3"},
				"east": {"uv": [5, 8, 6, 9], "texture": "#3"},
				"south": {"uv": [5, 8, 6, 9], "texture": "#3"},
				"west": {"uv": [5, 8, 5.25, 9], "texture": "#3"},
				"up": {"uv": [5, 8, 6, 8.25], "texture": "#3"},
				"down": {"uv": [5, 8, 6, 8.25], "texture": "#3"}
			}
		},
		{
			"from": [4.75, 1, 8.5],
			"to": [5, 2, 9.5],
			"faces": {
				"north": {"uv": [5, 8, 5.25, 9], "texture": "#3"},
				"east": {"uv": [1, 9, 2, 10], "texture": "#3"},
				"south": {"uv": [5, 8, 6, 9], "texture": "#3"},
				"west": {"uv": [5, 8, 6, 9], "texture": "#3"},
				"up": {"uv": [5, 8, 6, 8.25], "rotation": 90, "texture": "#3"},
				"down": {"uv": [5, 8, 6, 8.25], "rotation": 270, "texture": "#3"}
			}
		},
		{
			"from": [4.75, 1, 5.5],
			"to": [5, 2, 6.5],
			"faces": {
				"north": {"uv": [5, 8, 5.25, 9], "texture": "#3"},
				"east": {"uv": [1, 9, 2, 10], "texture": "#3"},
				"south": {"uv": [5, 8, 6, 9], "texture": "#3"},
				"west": {"uv": [5, 8, 6, 9], "texture": "#3"},
				"up": {"uv": [5, 8, 6, 8.25], "rotation": 90, "texture": "#3"},
				"down": {"uv": [5, 8, 6, 8.25], "rotation": 270, "texture": "#3"}
			}
		},
		{
			"from": [10, 1, 8.5],
			"to": [10.25, 2, 9.5],
			"faces": {
				"north": {"uv": [5, 8, 5.25, 9], "texture": "#3"},
				"east": {"uv": [1, 9, 2, 10], "texture": "#3"},
				"south": {"uv": [5, 8, 6, 9], "texture": "#3"},
				"west": {"uv": [5, 8, 6, 9], "texture": "#3"},
				"up": {"uv": [5, 8, 6, 8.25], "rotation": 90, "texture": "#3"},
				"down": {"uv": [5, 8, 6, 8.25], "rotation": 270, "texture": "#3"}
			}
		},
		{
			"from": [10, 1, 5.5],
			"to": [10.25, 2, 6.5],
			"faces": {
				"north": {"uv": [5, 8, 5.25, 9], "texture": "#3"},
				"east": {"uv": [1, 9, 2, 10], "texture": "#3"},
				"south": {"uv": [5, 8, 6, 9], "texture": "#3"},
				"west": {"uv": [5, 8, 6, 9], "texture": "#3"},
				"up": {"uv": [5, 8, 6, 8.25], "rotation": 90, "texture": "#3"},
				"down": {"uv": [5, 8, 6, 8.25], "rotation": 270, "texture": "#3"}
			}
		}
	]
}