{
	"credit": "Made with Blockbench",
	"texture_size": [32, 32],
	"textures": {
		"1": "item/oak1"
	},
	"elements": [
		{
			"from": [8, 0, 7],
			"to": [9, 7, 8],
			"faces": {
				"north": {"uv": [2, 9, 3, 16], "texture": "#1"},
				"east": {"uv": [3, 16, 4, 9], "texture": "#1"},
				"south": {"uv": [2, 9, 3, 16], "texture": "#1"},
				"west": {"uv": [1, 9, 2, 16], "texture": "#1"},
				"up": {"uv": [0, 0, 0.5, 0.5], "texture": "#1"},
				"down": {"uv": [0, 0, 1, 1], "texture": "#1"}
			}
		},
		{
			"from": [10, 5, 7],
			"to": [11, 7, 8],
			"faces": {
				"north": {"uv": [0, 0, 1, 2], "texture": "#1"},
				"east": {"uv": [0, 15, 1, 13], "texture": "#1"},
				"south": {"uv": [0, 10, 1, 12], "texture": "#1"},
				"west": {"uv": [1, 14, 2, 16], "texture": "#1"},
				"up": {"uv": [0, 0, 0.5, 0.5], "texture": "#1"},
				"down": {"uv": [0, 0, 1, 1], "texture": "#1"}
			}
		},
		{
			"from": [8, 5, 8],
			"to": [9, 7, 9],
			"faces": {
				"north": {"uv": [0, 0, 1, 2], "texture": "#1"},
				"east": {"uv": [0, 15, 1, 13], "texture": "#1"},
				"south": {"uv": [0, 10, 1, 12], "texture": "#1"},
				"west": {"uv": [1, 14, 2, 16], "texture": "#1"},
				"up": {"uv": [0, 0, 0.5, 0.5], "texture": "#1"},
				"down": {"uv": [0, 0, 1, 1], "texture": "#1"}
			}
		},
		{
			"from": [7, 5, 6],
			"to": [8, 7, 7],
			"faces": {
				"north": {"uv": [0, 0, 1, 2], "texture": "#1"},
				"east": {"uv": [0, 15, 1, 13], "texture": "#1"},
				"south": {"uv": [0, 10, 1, 12], "texture": "#1"},
				"west": {"uv": [1, 14, 2, 16], "texture": "#1"},
				"up": {"uv": [0, 0, 0.5, 0.5], "texture": "#1"},
				"down": {"uv": [0, 0, 1, 1], "texture": "#1"}
			}
		},
		{
			"from": [9, 5, 7],
			"to": [10, 6, 8],
			"faces": {
				"north": {"uv": [0, 0, 1, 2], "texture": "#1"},
				"east": {"uv": [0, 15, 1, 14], "texture": "#1"},
				"south": {"uv": [0, 10, 1, 12], "texture": "#1"},
				"west": {"uv": [1, 15, 2, 16], "texture": "#1"},
				"up": {"uv": [0, 0, 0.5, 0.5], "texture": "#1"},
				"down": {"uv": [0, 0, 1, 1], "texture": "#1"}
			}
		},
		{
			"from": [8, 6, 9],
			"to": [9, 7, 10],
			"faces": {
				"north": {"uv": [12, 4, 13, 5], "texture": "#1"},
				"east": {"uv": [11, 5, 12, 6], "texture": "#1"},
				"south": {"uv": [12, 7, 11, 8], "texture": "#1"},
				"west": {"uv": [13, 0, 14, 1], "texture": "#1"},
				"up": {"uv": [15, 4, 16, 5], "texture": "#1"},
				"down": {"uv": [5, 1, 6, 2], "texture": "#1"}
			}
		},
		{
			"from": [8, 6, 6],
			"to": [9, 7, 7],
			"faces": {
				"north": {"uv": [12, 4, 13, 5], "texture": "#1"},
				"east": {"uv": [11, 5, 12, 6], "texture": "#1"},
				"south": {"uv": [12, 7, 11, 8], "texture": "#1"},
				"west": {"uv": [10, 1, 11, 2], "texture": "#1"},
				"up": {"uv": [15, 4, 16, 5], "texture": "#1"},
				"down": {"uv": [5, 1, 6, 2], "texture": "#1"}
			}
		},
		{
			"from": [5, 7, 3],
			"to": [13, 10, 11],
			"faces": {
				"north": {"uv": [8, 3, 16, 6], "texture": "#1"},
				"east": {"uv": [8, 5, 16, 8], "texture": "#1"},
				"south": {"uv": [16, 7, 8, 10], "texture": "#1"},
				"west": {"uv": [7, 1, 15, 4], "texture": "#1"},
				"up": {"uv": [8, 8, 16, 16], "texture": "#1"},
				"down": {"uv": [5, 1, 12, 9], "texture": "#1"}
			}
		},
		{
			"from": [5, 10, 4],
			"to": [11, 12, 10],
			"faces": {
				"north": {"uv": [9, 2, 15, 4], "texture": "#1"},
				"east": {"uv": [8, 3, 14, 5], "texture": "#1"},
				"south": {"uv": [15, 6, 9, 8], "texture": "#1"},
				"west": {"uv": [7, 5, 13, 7], "texture": "#1"},
				"up": {"uv": [9, 9, 15, 15], "texture": "#1"},
				"down": {"uv": [5, 1, 12, 9], "texture": "#1"}
			}
		}
	]
}