{
	"credit": "Made with Blockbench",
	"texture_size": [32, 32],
	"textures": {
		"1": "item/spruce1",
		"2": "item/pot1",
		"3": "item/pot2",
		"particle": "item/pot1"
	},
	"elements": [
		{
			"from": [7, 2, 7],
			"to": [8, 18, 8],
			"faces": {
				"north": {"uv": [2, 0, 3, 16], "texture": "#1"},
				"east": {"uv": [3, 16, 4, 0], "texture": "#1"},
				"south": {"uv": [3, 0, 4, 16], "texture": "#1"},
				"west": {"uv": [0, 0, 1, 16], "texture": "#1"},
				"up": {"uv": [0, 0, 0.5, 0.5], "texture": "#1"},
				"down": {"uv": [0, 0, 1, 1], "texture": "#1"}
			}
		},
		{
			"from": [4, 6, 4],
			"to": [11, 8, 11],
			"faces": {
				"north": {"uv": [9, 11, 16, 13], "texture": "#1"},
				"east": {"uv": [9, 14, 16, 16], "texture": "#1"},
				"south": {"uv": [14, 14, 7, 16], "texture": "#1"},
				"west": {"uv": [9, 7, 16, 9], "texture": "#1"},
				"up": {"uv": [9, 9, 16, 16], "texture": "#1"},
				"down": {"uv": [5, 2, 12, 9], "texture": "#1"}
			}
		},
		{
			"from": [4, 9, 4],
			"to": [11, 10, 11],
			"faces": {
				"north": {"uv": [5, 14, 12, 15], "texture": "#1"},
				"east": {"uv": [5, 11, 12, 12], "texture": "#1"},
				"south": {"uv": [14, 14, 7, 15], "texture": "#1"},
				"west": {"uv": [5, 5, 12, 6], "texture": "#1"},
				"up": {"uv": [9, 9, 16, 16], "texture": "#1"},
				"down": {"uv": [5, 2, 12, 9], "texture": "#1"}
			}
		},
		{
			"from": [5, 11, 5],
			"to": [10, 12, 10],
			"faces": {
				"north": {"uv": [8, 10, 13, 11], "texture": "#1"},
				"east": {"uv": [7, 11, 12, 12], "texture": "#1"},
				"south": {"uv": [10, 10, 5, 11], "texture": "#1"},
				"west": {"uv": [6, 6, 11, 7], "texture": "#1"},
				"up": {"uv": [10, 10, 15, 15], "texture": "#1"},
				"down": {"uv": [5, 2, 10, 7], "texture": "#1"}
			}
		},
		{
			"from": [5, 13, 5],
			"to": [10, 14, 10],
			"faces": {
				"north": {"uv": [6, 10, 11, 11], "texture": "#1"},
				"east": {"uv": [7, 13, 12, 14], "texture": "#1"},
				"south": {"uv": [11, 13, 6, 14], "texture": "#1"},
				"west": {"uv": [8, 6, 13, 7], "texture": "#1"},
				"up": {"uv": [10, 10, 15, 15], "texture": "#1"},
				"down": {"uv": [5, 2, 10, 7], "texture": "#1"}
			}
		},
		{
			"from": [6, 15, 6],
			"to": [9, 16, 9],
			"faces": {
				"north": {"uv": [9, 12, 12, 13], "texture": "#1"},
				"east": {"uv": [11, 13, 14, 14], "texture": "#1"},
				"south": {"uv": [10, 15, 7, 16], "texture": "#1"},
				"west": {"uv": [9, 7, 12, 8], "texture": "#1"},
				"up": {"uv": [10, 10, 13, 13], "texture": "#1"},
				"down": {"uv": [5, 2, 8, 5], "texture": "#1"}
			}
		},
		{
			"from": [6.25, 17.25, 6.25],
			"to": [8.75, 18.25, 8.75],
			"faces": {
				"north": {"uv": [9, 12, 12, 13], "texture": "#1"},
				"east": {"uv": [9, 15, 12, 16], "texture": "#1"},
				"south": {"uv": [10, 15, 7, 16], "texture": "#1"},
				"west": {"uv": [9, 7, 12, 8], "texture": "#1"},
				"up": {"uv": [7, 6, 10, 9], "texture": "#1"},
				"down": {"uv": [5, 2, 8, 5], "texture": "#1"}
			}
		},
		{
			"from": [6, 8, 6],
			"to": [9, 9, 9],
			"faces": {
				"north": {"uv": [9, 12, 12, 13], "texture": "#1"},
				"east": {"uv": [9, 15, 12, 16], "texture": "#1"},
				"south": {"uv": [10, 15, 7, 16], "texture": "#1"},
				"west": {"uv": [12, 4, 15, 5], "texture": "#1"},
				"up": {"uv": [10, 10, 13, 13], "texture": "#1"},
				"down": {"uv": [5, 2, 8, 5], "texture": "#1"}
			}
		},
		{
			"from": [6, 10, 6],
			"to": [9, 11, 9],
			"faces": {
				"north": {"uv": [5, 9, 8, 10], "texture": "#1"},
				"east": {"uv": [11, 12, 14, 13], "texture": "#1"},
				"south": {"uv": [9, 13, 6, 14], "texture": "#1"},
				"west": {"uv": [9, 7, 12, 8], "texture": "#1"},
				"up": {"uv": [10, 10, 13, 13], "texture": "#1"},
				"down": {"uv": [5, 2, 8, 5], "texture": "#1"}
			}
		},
		{
			"from": [6, 12, 6],
			"to": [9, 13, 9],
			"faces": {
				"north": {"uv": [10, 5, 13, 6], "texture": "#1"},
				"east": {"uv": [6, 13, 9, 14], "texture": "#1"},
				"south": {"uv": [10, 15, 7, 16], "texture": "#1"},
				"west": {"uv": [7, 5, 10, 6], "texture": "#1"},
				"up": {"uv": [10, 10, 13, 13], "texture": "#1"},
				"down": {"uv": [5, 2, 8, 5], "texture": "#1"}
			}
		},
		{
			"from": [5, 0, 5],
			"to": [10, 3, 10],
			"faces": {
				"north": {"uv": [9, 12, 14, 15], "texture": "#2"},
				"east": {"uv": [7, 12, 12, 15], "texture": "#2"},
				"south": {"uv": [0, 11, 5, 14], "texture": "#2"},
				"west": {"uv": [6, 12, 11, 15], "texture": "#2"},
				"up": {"uv": [10, 1, 15, 6], "texture": "#2"},
				"down": {"uv": [14, 13, 16.5, 15.5], "texture": "#2"}
			}
		},
		{
			"from": [9.75, 3, 5],
			"to": [10.25, 4, 10],
			"faces": {
				"north": {"uv": [1, 0, 1.25, 0.5], "texture": "#3"},
				"east": {"uv": [0, 0, 5, 1], "texture": "#3"},
				"south": {"uv": [0, 0, 0.25, 0.5], "texture": "#3"},
				"west": {"uv": [5, 0, 10, 1], "texture": "#3"},
				"up": {"uv": [2, 0, 7, 1], "rotation": 90, "texture": "#3"},
				"down": {"uv": [3, 0, 8, 1], "rotation": 90, "texture": "#3"}
			}
		},
		{
			"from": [4.75, 3, 5],
			"to": [5.25, 4, 10],
			"faces": {
				"north": {"uv": [1, 0, 1.25, 0.5], "texture": "#3"},
				"east": {"uv": [0, 0, 5, 1], "texture": "#3"},
				"south": {"uv": [0, 0, 0.25, 0.5], "texture": "#3"},
				"west": {"uv": [5, 0, 10, 1], "texture": "#3"},
				"up": {"uv": [2, 0, 7, 1], "rotation": 90, "texture": "#3"},
				"down": {"uv": [3, 0, 8, 1], "rotation": 90, "texture": "#3"}
			}
		},
		{
			"from": [6.75, 3, 4.75],
			"to": [9.75, 4, 5.25],
			"faces": {
				"north": {"uv": [13, 1, 16, 2], "texture": "#3"},
				"east": {"uv": [0, 0, 0.25, 0.5], "texture": "#3"},
				"south": {"uv": [2, 1, 5, 2], "texture": "#3"},
				"west": {"uv": [0, 0, 1, 1], "texture": "#3"},
				"up": {"uv": [1, 0, 4, 1], "texture": "#3"},
				"down": {"uv": [7, 1, 10, 2], "texture": "#3"}
			}
		},
		{
			"from": [5.25, 3, 9.75],
			"to": [8.25, 4, 10.25],
			"faces": {
				"north": {"uv": [13, 1, 16, 2], "texture": "#3"},
				"east": {"uv": [0, 0, 0.25, 0.5], "texture": "#3"},
				"south": {"uv": [2, 1, 5, 2], "texture": "#3"},
				"west": {"uv": [0, 0, 1, 1], "texture": "#3"},
				"up": {"uv": [1, 0, 4, 1], "texture": "#3"},
				"down": {"uv": [2, 1, 5, 2], "texture": "#3"}
			}
		},
		{
			"from": [8.5, 1, 4.75],
			"to": [9.5, 2, 5],
			"faces": {
				"north": {"uv": [1, 9, 2, 10], "texture": "#3"},
				"east": {"uv": [5, 8, 6, 9], "texture": "#3"},
				"south": {"uv": [5, 8, 6, 9], "texture": "#3"},
				"west": {"uv": [5, 8, 5.25, 9], "texture": "#3"},
				"up": {"uv": [5, 8, 6, 8.25], "texture": "#3"},
				"down": {"uv": [5, 8, 6, 8.25], "texture": "#3"}
			}
		},
		{
			"from": [5.5, 1, 4.75],
			"to": [6.5, 2, 5],
			"faces": {
				"north": {"uv": [1, 9, 2, 10], "texture": "#3"},
				"east": {"uv": [5, 8, 6, 9], "texture": "#3"},
				"south": {"uv": [5, 8, 6, 9], "texture": "#3"},
				"west": {"uv": [5, 8, 5.25, 9], "texture": "#3"},
				"up": {"uv": [5, 8, 6, 8.25], "texture": "#3"},
				"down": {"uv": [5, 8, 6, 8.25], "texture": "#3"}
			}
		},
		{
			"from": [8.5, 1, 10],
			"to": [9.5, 2, 10.25],
			"faces": {
				"north": {"uv": [1, 9, 2, 10], "texture": "#3"},
				"east": {"uv": [5, 8, 6, 9], "texture": "#3"},
				"south": {"uv": [5, 8, 6, 9], "texture": "#3"},
				"west": {"uv": [5, 8, 5.25, 9], "texture": "#3"},
				"up": {"uv": [5, 8, 6, 8.25], "texture": "#3"},
				"down": {"uv": [5, 8, 6, 8.25], "texture": "#3"}
			}
		},
		{
			"from": [5.5, 1, 10],
			"to": [6.5, 2, 10.25],
			"faces": {
				"north": {"uv": [1, 9, 2, 10], "texture": "#3"},
				"east": {"uv": [5, 8, 6, 9], "texture": "#3"},
				"south": {"uv": [5, 8, 6, 9], "texture": "#3"},
				"west": {"uv": [5, 8, 5.25, 9], "texture": "#3"},
				"up": {"uv": [5, 8, 6, 8.25], "texture": "#3"},
				"down": {"uv": [5, 8, 6, 8.25], "texture": "#3"}
			}
		},
		{
			"from": [4.75, 1, 8.5],
			"to": [5, 2, 9.5],
			"faces": {
				"north": {"uv": [5, 8, 5.25, 9], "texture": "#3"},
				"east": {"uv": [1, 9, 2, 10], "texture": "#3"},
				"south": {"uv": [5, 8, 6, 9], "texture": "#3"},
				"west": {"uv": [5, 8, 6, 9], "texture": "#3"},
				"up": {"uv": [5, 8, 6, 8.25], "rotation": 90, "texture": "#3"},
				"down": {"uv": [5, 8, 6, 8.25], "rotation": 270, "texture": "#3"}
			}
		},
		{
			"from": [4.75, 1, 5.5],
			"to": [5, 2, 6.5],
			"faces": {
				"north": {"uv": [5, 8, 5.25, 9], "texture": "#3"},
				"east": {"uv": [1, 9, 2, 10], "texture": "#3"},
				"south": {"uv": [5, 8, 6, 9], "texture": "#3"},
				"west": {"uv": [5, 8, 6, 9], "texture": "#3"},
				"up": {"uv": [5, 8, 6, 8.25], "rotation": 90, "texture": "#3"},
				"down": {"uv": [5, 8, 6, 8.25], "rotation": 270, "texture": "#3"}
			}
		},
		{
			"from": [10, 1, 8.5],
			"to": [10.25, 2, 9.5],
			"faces": {
				"north": {"uv": [5, 8, 5.25, 9], "texture": "#3"},
				"east": {"uv": [1, 9, 2, 10], "texture": "#3"},
				"south": {"uv": [5, 8, 6, 9], "texture": "#3"},
				"west": {"uv": [5, 8, 6, 9], "texture": "#3"},
				"up": {"uv": [5, 8, 6, 8.25], "rotation": 90, "texture": "#3"},
				"down": {"uv": [5, 8, 6, 8.25], "rotation": 270, "texture": "#3"}
			}
		},
		{
			"from": [10, 1, 5.5],
			"to": [10.25, 2, 6.5],
			"faces": {
				"north": {"uv": [5, 8, 5.25, 9], "texture": "#3"},
				"east": {"uv": [1, 9, 2, 10], "texture": "#3"},
				"south": {"uv": [5, 8, 6, 9], "texture": "#3"},
				"west": {"uv": [5, 8, 6, 9], "texture": "#3"},
				"up": {"uv": [5, 8, 6, 8.25], "rotation": 90, "texture": "#3"},
				"down": {"uv": [5, 8, 6, 8.25], "rotation": 270, "texture": "#3"}
			}
		}
	],
	"groups": [0, 1, 2, 3, 4, 5, 6, 7, 8, 9,
		{
			"name": "lol",
			"origin": [8, 8, 8],
			"color": 0,
			"children": [10, 11, 12, 13, 14, 15, 16, 17, 18, 19, 20, 21, 22]
		}
	]
}