{
	"textures": {
		"1": "entity/armorstand/wood"
	},
	"elements": [
		{
			"name": "head",
			"from": [7, 23, 7],
			"to": [9, 30, 9],
			"faces": {
				"north": {"uv": [1, 0.5, 1.5, 2.25], "texture": "#1"},
				"east": {"uv": [0, 0.5, 0.5, 2.25], "texture": "#1"},
				"south": {"uv": [0.5, 0.5, 1, 2.25], "texture": "#1"},
				"west": {"uv": [0, 0.5, 0.5, 2.25], "texture": "#1"},
				"up": {"uv": [0.5, 0, 1, 0.5], "texture": "#1"},
				"down": {"uv": [0, 0, 0, 0], "texture": "#1"}
			}
		},
		{
			"name": "body",
			"from": [2, 21, 6.5],
			"to": [14, 24, 9.5],
			"faces": {
				"north": {"uv": [4.5, 7.25, 7.5, 8], "texture": "#1"},
				"east": {"uv": [3.75, 7.25, 4.5, 8], "texture": "#1"},
				"south": {"uv": [0.75, 7.25, 3.75, 8], "texture": "#1"},
				"west": {"uv": [0, 7.25, 0.75, 8], "texture": "#1"},
				"up": {"uv": [0.75, 6.5, 3.75, 7.25], "texture": "#1"},
				"down": {"uv": [3.75, 6.5, 6.75, 7.25], "texture": "#1"}
			}
		},
		{
			"name": "left_leg",
			"from": [5.1, 1, 7],
			"to": [7.1, 12, 9],
			"shade": false,
			"faces": {
				"north": {"uv": [10.5, 4.5, 11, 7.25], "texture": "#1"},
				"east": {"uv": [10, 4.5, 10.5, 7.25], "texture": "#1"},
				"south": {"uv": [11, 4.5, 11.5, 7.25], "texture": "#1"},
				"west": {"uv": [11.5, 4.5, 12, 7.25], "texture": "#1"},
				"up": {"uv": [0, 0, 0, 0], "texture": "#1"},
				"down": {"uv": [0, 0, 0, 0], "texture": "#1"}
			}
		},
		{
			"name": "right_leg",
			"from": [9.05, 1, 7],
			"to": [11.05, 12, 9],
			"faces": {
				"north": {"uv": [2.5, 0.5, 3, 3.25], "texture": "#1"},
				"east": {"uv": [2, 0.5, 2.5, 3.25], "texture": "#1"},
				"south": {"uv": [3, 0.5, 3.5, 3.25], "texture": "#1"},
				"west": {"uv": [3.5, 0.5, 4, 3.25], "texture": "#1"},
				"up": {"uv": [0, 0, 0, 0], "texture": "#1"},
				"down": {"uv": [0, 0, 0, 0], "texture": "#1"}
			}
		},
		{
			"name": "right",
			"from": [5, 14, 7],
			"to": [7, 21, 9],
			"faces": {
				"north": {"uv": [5, 0.5, 5.5, 2.25], "texture": "#1"},
				"east": {"uv": [5.5, 0.5, 6, 2.25], "texture": "#1"},
				"south": {"uv": [4.5, 0.5, 5, 2.25], "texture": "#1"},
				"west": {"uv": [4, 0.5, 4.5, 2.25], "texture": "#1"},
				"up": {"uv": [0, 0, 0, 0], "texture": "#1"},
				"down": {"uv": [0, 0, 0, 0], "texture": "#1"}
			}
		},
		{
			"name": "left",
			"from": [9, 14, 7],
			"to": [11, 21, 9],
			"faces": {
				"north": {"uv": [13.5, 4.5, 14, 6.25], "texture": "#1"},
				"east": {"uv": [13, 4.5, 13.5, 6.25], "texture": "#1"},
				"south": {"uv": [12.5, 4.5, 13, 6.25], "texture": "#1"},
				"west": {"uv": [12, 4.5, 12.5, 6.25], "texture": "#1"},
				"up": {"uv": [0, 0, 0, 0], "texture": "#1"},
				"down": {"uv": [0, 0, 0, 0], "texture": "#1"}
			}
		},
		{
			"name": "waist",
			"from": [4, 12, 7],
			"to": [12, 14, 9],
			"faces": {
				"north": {"uv": [0.5, 12.5, 2.5, 13], "texture": "#1"},
				"east": {"uv": [0, 12.5, 0.5, 13], "texture": "#1"},
				"south": {"uv": [3, 12.5, 5, 13], "texture": "#1"},
				"west": {"uv": [2.5, 12.5, 3, 13], "texture": "#1"},
				"up": {"uv": [0.5, 12, 2.5, 12.5], "texture": "#1"},
				"down": {"uv": [2.5, 12, 4.5, 12.5], "texture": "#1"}
			}
		},
		{
			"name": "base",
			"from": [2, 0, 2],
			"to": [14, 1, 14],
			"faces": {
				"north": {"uv": [6, 11, 3, 11.25], "texture": "#1"},
				"east": {"uv": [3, 11, 0, 11.25], "texture": "#1"},
				"south": {"uv": [9, 11, 6, 11.25], "texture": "#1"},
				"west": {"uv": [12, 11, 9, 11.25], "texture": "#1"},
				"up": {"uv": [6, 11, 3, 8], "texture": "#1"},
				"down": {"uv": [9, 11, 6, 8], "texture": "#1"}
			}
		}
	],
	"display": {
		"thirdperson_righthand": {
			"rotation": [75, 135, 0],
			"translation": [0, 2.5, 0],
			"scale": [0.375, 0.375, 0.375]
		},
		"firstperson_righthand": {
			"rotation": [0, 135, 0],
			"scale": [0.4, 0.4, 0.4]
		},
		"ground": {
			"translation": [0, 1, 0],
			"scale": [0.25, 0.25, 0.25]
		},
		"gui": {
			"rotation": [30, -45, 0],
			"translation": [0, -2.25, 0],
			"scale": [0.5, 0.5, 0.5]
		},
		"head": {
			"translation": [0, 14.25, 0]
		},
		"fixed": {
			"rotation": [0, 180, 0],
			"translation": [0, -4, 0],
			"scale": [0.5, 0.5, 0.5]
		}
	},
	"groups": [
		{
			"name": "stand",
			"origin": [0, 0, 0],
			"color": 0,
			"children": [0, 1, 2, 3, 4, 5, 6, 7]
		}
	]
}