{
	"parent": "block/block",
	"textures": {
		"1": "block/bell_side",
		"2": "block/bell_top",
		"3": "block/bell_bottom",
		"4": "block/dark_oak_planks",
		"particle": "block/bell_side"
	},
	"elements": [
		{
			"from": [2, 13, 7],
			"to": [14, 15, 9],
			"faces": {
				"north": {"uv": [2, 2, 14, 4], "texture": "#4"},
				"east": {"uv": [5, 4, 7, 6], "texture": "#4", "cullface": "east"},
				"south": {"uv": [2, 3, 14, 5], "texture": "#4"},
				"west": {"uv": [5, 4, 7, 6], "texture": "#4", "cullface": "west"},
				"up": {"uv": [2, 3, 14, 5], "texture": "#4"},
				"down": {"uv": [2, 3, 14, 5], "texture": "#4"}
			}
		},
		{
			"from": [5, 6, 5],
			"to": [11, 13, 11],
			"faces": {
				"north": {"uv": [1, 0, 7, 7], "texture": "#1"},
				"east": {"uv": [1, 0, 7, 7], "texture": "#1"},
				"south": {"uv": [1, 0, 7, 7], "texture": "#1"},
				"west": {"uv": [1, 0, 7, 7], "texture": "#1"},
				"up": {"uv": [1, 1, 7, 7], "texture": "#2"},
				"down": {"uv": [0, 0, 6, 6], "texture": "#3"}
			}
		},
		{
			"from": [4, 4, 4],
			"to": [12, 6, 12],
			"faces": {
				"north": {"uv": [0, 7, 8, 9], "texture": "#1"},
				"east": {"uv": [0, 7, 8, 9], "texture": "#1"},
				"south": {"uv": [0, 7, 8, 9], "texture": "#1"},
				"west": {"uv": [0, 7, 8, 9], "texture": "#1"},
				"up": {"uv": [0, 0, 8, 8], "texture": "#3"},
				"down": {"uv": [0, 0, 8, 8], "texture": "#3"}
			}
		}
	],
	"display": {
        "gui": {
            "rotation": [ 30, 135, 0 ],
            "translation": [ 0, -1, 0],
            "scale":[ 0.85, 0.85, 0.85 ]
		}
	}
}