{
	"parent": "block/block",
	"texture_size": [64, 64],
	"textures": {
		"2": "entity/minecart",
		"4": "entity/chest/normal",
		"particle": "entity/minecart"
	},
	"elements": [
		{
			"from": [0, 0, -2],
			"to": [16, 2, 18],
			"faces": {
				"north": {"uv": [0, 6, 0.5, 14], "rotation": 90, "texture": "#2"},
				"east": {"uv": [5.5, 5, 10.5, 6], "texture": "#2"},
				"south": {"uv": [5.5, 6, 6, 14], "rotation": 270, "texture": "#2"},
				"west": {"uv": [0.5, 5, 5.5, 6], "texture": "#2"},
				"up": {"uv": [6, 6, 11, 14], "rotation": 90, "texture": "#2"},
				"down": {"uv": [0.5, 6, 5.5, 14], "rotation": 90, "texture": "#2"}
			}
		},
		{
			"from": [0, 2, -2],
			"to": [16, 10, 0],
			"faces": {
				"north": {"uv": [5, 1, 9, 5], "texture": "#2"},
				"east": {"uv": [4.5, 1, 5, 5], "texture": "#2"},
				"south": {"uv": [0.5, 1, 4.5, 5], "texture": "#2"},
				"west": {"uv": [0, 1, 0.5, 5], "texture": "#2"},
				"up": {"uv": [0.5, 0, 4.5, 1], "texture": "#2"},
				"down": {"uv": [0, 0, 0, 0], "texture": "#2"}
			}
		},
		{
			"from": [0, 2, 16],
			"to": [16, 10, 18],
			"faces": {
				"north": {"uv": [0.5, 1, 4.5, 5], "texture": "#2"},
				"east": {"uv": [0, 1, 0.5, 5], "texture": "#2"},
				"south": {"uv": [5, 1, 9, 5], "texture": "#2"},
				"west": {"uv": [4.5, 1, 5, 5], "texture": "#2"},
				"up": {"uv": [0.5, 0, 4.5, 1], "rotation": 180, "texture": "#2"},
				"down": {"uv": [0, 0, 0, 0], "texture": "#2"}
			}
		},
		{
			"from": [14, 2, 0],
			"to": [16, 10, 16],
			"faces": {
				"north": {"uv": [0, 0, 0, 0], "texture": "#2"},
				"east": {"uv": [5, 1, 9, 5], "texture": "#2"},
				"south": {"uv": [0, 0, 0, 0], "texture": "#2"},
				"west": {"uv": [0.5, 1, 4.5, 5], "texture": "#2"},
				"up": {"uv": [0.5, 0, 4.5, 1], "rotation": 90, "texture": "#2"},
				"down": {"uv": [0, 0, 0, 0], "texture": "#2"}
			}
		},
		{
			"from": [0, 2, 0],
			"to": [2, 10, 16],
			"faces": {
				"north": {"uv": [0, 0, 0, 0], "texture": "#2"},
				"east": {"uv": [0.5, 1, 4.5, 5], "texture": "#2"},
				"south": {"uv": [0, 0, 0, 0], "texture": "#2"},
				"west": {"uv": [5, 1, 9, 5], "texture": "#2"},
				"up": {"uv": [0.5, 0, 4.5, 1], "rotation": 270, "texture": "#2"},
				"down": {"uv": [0, 0, 0, 0], "texture": "#2"}
			}
		},
		{
			"from": [3, 5.75, 3],
			"to": [13, 12.75, 13],
			"faces": {
				"north": {"uv": [3.5, 8.25, 7, 10.75], "rotation": 180, "texture": "#4"},
				"east": {"uv": [0, 8.25, 3.5, 10.75], "rotation": 180, "texture": "#4"},
				"south": {"uv": [10.5, 8.25, 14, 10.75], "rotation": 180, "texture": "#4"},
				"west": {"uv": [7, 8.25, 10.5, 10.75], "rotation": 180, "texture": "#4"},
				"up": {"uv": [7, 4.75, 10.5, 8.25], "rotation": 180, "texture": "#4"},
				"down": {"uv": [3.5, 4.75, 7, 8.25], "rotation": 180, "texture": "#4"}
			}
		},
		{
			"from": [3, 12.05, 3],
			"to": [13, 15.55, 13],
			"faces": {
				"north": {"uv": [3.5, 3.5, 7, 4.75], "rotation": 180, "texture": "#4"},
				"east": {"uv": [0, 3.5, 3.5, 4.75], "rotation": 180, "texture": "#4"},
				"south": {"uv": [10.5, 3.5, 14, 4.75], "rotation": 180, "texture": "#4"},
				"west": {"uv": [7, 3.5, 10.5, 4.75], "rotation": 180, "texture": "#4"},
				"up": {"uv": [7, 0, 10.5, 3.5], "rotation": 180, "texture": "#4"},
				"down": {"uv": [7, 4.75, 10.5, 8.25], "rotation": 180, "texture": "#4"}
			}
		},
		{
			"from": [7.3, 10.65, 13],
			"to": [8.7, 13.45, 13.7],
			"faces": {
				"north": {"uv": [0.25, 0.25, 0.75, 1.25], "texture": "#4"},
				"east": {"uv": [0.75, 0.25, 1.25, 1.25], "rotation": 180, "texture": "#4"},
				"south": {"uv": [1, 0.25, 1.5, 1.25], "rotation": 180, "texture": "#4"},
				"west": {"uv": [0, 0.25, 0.5, 1.25], "rotation": 180, "texture": "#4"},
				"up": {"uv": [0.25, 0, 0.75, 0.25], "texture": "#4"},
				"down": {"uv": [0.75, 0, 1.25, 0.25], "texture": "#4"}
			}
		}
	],
	"display": {
		"gui": {
			"rotation": [30, -45, 0],
			"translation": [0, 1, 0],
			"scale": [0.55, 0.55, 0.55]
		}
	}
}