{
	"parent": "block/block",
	"texture_size": [64, 32],
	"textures": {
		"1": "entity/minecart",
		"2": "block/command_block_back",
		"3": "block/command_block_front",
		"4": "block/command_block_side",
		"particle": "block/command_block_side"
	},
	"elements": [
		{
			"from": [2, 3.5, 2],
			"to": [14, 15.5, 14],
			"rotation": {"angle": 0, "axis": "y", "origin": [10, 11, 10]},
			"faces": {
				"north": {"uv": [0, 0, 16, 16], "texture": "#2"},
				"east": {"uv": [0, 0, 16, 16], "rotation": 270, "texture": "#4"},
				"south": {"uv": [0, 0, 16, 16], "texture": "#3"},
				"west": {"uv": [0, 0, 16, 16], "rotation": 90, "texture": "#4"},
				"up": {"uv": [0, 0, 16, 16], "rotation": 180, "texture": "#4"},
				"down": {"uv": [0, 0, 16, 16], "texture": "#4"}
			}
		},
		{
			"from": [0, 0, -2],
			"to": [16, 2, 18],
			"faces": {
				"north": {"uv": [0, 6, 0.5, 14], "rotation": 90, "texture": "#1"},
				"east": {"uv": [5.5, 5, 10.5, 6], "texture": "#1"},
				"south": {"uv": [5.5, 6, 6, 14], "rotation": 270, "texture": "#1"},
				"west": {"uv": [0.5, 5, 5.5, 6], "texture": "#1"},
				"up": {"uv": [6, 6, 11, 14], "rotation": 90, "texture": "#1"},
				"down": {"uv": [0.5, 6, 5.5, 14], "rotation": 90, "texture": "#1"}
			}
		},
		{
			"from": [0, 2, -2],
			"to": [16, 10, 0],
			"faces": {
				"north": {"uv": [5, 1, 9, 5], "texture": "#1"},
				"east": {"uv": [4.5, 1, 5, 5], "texture": "#1"},
				"south": {"uv": [0.5, 1, 4.5, 5], "texture": "#1"},
				"west": {"uv": [0, 1, 0.5, 5], "texture": "#1"},
				"up": {"uv": [0.5, 0, 4.5, 1], "texture": "#1"},
				"down": {"uv": [0, 0, 0, 0], "texture": "#1"}
			}
		},
		{
			"from": [0, 2, 16],
			"to": [16, 10, 18],
			"faces": {
				"north": {"uv": [0.5, 1, 4.5, 5], "texture": "#1"},
				"east": {"uv": [0, 1, 0.5, 5], "texture": "#1"},
				"south": {"uv": [5, 1, 9, 5], "texture": "#1"},
				"west": {"uv": [4.5, 1, 5, 5], "texture": "#1"},
				"up": {"uv": [0.5, 0, 4.5, 1], "rotation": 180, "texture": "#1"},
				"down": {"uv": [0, 0, 0, 0], "texture": "#1"}
			}
		},
		{
			"from": [14, 2, 0],
			"to": [16, 10, 16],
			"faces": {
				"north": {"uv": [0, 0, 0, 0], "texture": "#1"},
				"east": {"uv": [5, 1, 9, 5], "texture": "#1"},
				"south": {"uv": [0, 0, 0, 0], "texture": "#1"},
				"west": {"uv": [0.5, 1, 4.5, 5], "texture": "#1"},
				"up": {"uv": [0.5, 0, 4.5, 1], "rotation": 90, "texture": "#1"},
				"down": {"uv": [0, 0, 0, 0], "texture": "#1"}
			}
		},
		{
			"from": [0, 2, 0],
			"to": [2, 10, 16],
			"faces": {
				"north": {"uv": [0, 0, 0, 0], "texture": "#1"},
				"east": {"uv": [0.5, 1, 4.5, 5], "texture": "#1"},
				"south": {"uv": [0, 0, 0, 0], "texture": "#1"},
				"west": {"uv": [5, 1, 9, 5], "texture": "#1"},
				"up": {"uv": [0.5, 0, 4.5, 1], "rotation": 270, "texture": "#1"},
				"down": {"uv": [0, 0, 0, 0], "texture": "#1"}
			}
		}
	],
	"display": {
		"gui": {
			"rotation": [30, -45, 0],
			"translation": [0, 1, 0],
			"scale": [0.55, 0.55, 0.55]
		}
	}
}