{
	"credit": "Made with Blockbench",
	"ambientocclusion": false,
	"textures": {
		"1": "block/iron_bars"
	},
	"elements": [
		{
			"from": [8, 0, 0],
			"to": [8, 16, 8],
			"faces": {
				"east": {"uv": [8, 0, 16, 16], "texture": "#1"},
				"west": {"uv": [16, 0, 8, 16], "texture": "#1"}
			}
		},
		{
			"from": [8, 0, 8],
			"to": [8, 16, 16],
			"faces": {
				"east": {"uv": [0, 0, 8, 16], "texture": "#1"},
				"west": {"uv": [8, 0, 0, 16], "texture": "#1"}
			}
		},
		{
			"from": [7, 0, 9],
			"to": [9, 16, 16],
			"faces": {
				"south": {"uv": [7, 0, 9, 16], "texture": "#1"}
			}
		},
		{
			"from": [7, 16, 7],
			"to": [9, 16, 9],
			"faces": {
				"up": {"uv": [7, 7, 9, 9], "texture": "#1"},
				"down": {"uv": [9, 7, 7, 9], "texture": "#1"}
			}
		},
		{
			"from": [7, 0.001, 7],
			"to": [9, 0.001, 9],
			"faces": {
				"up": {"uv": [7, 7, 9, 9], "texture": "#1"},
				"down": {"uv": [9, 7, 7, 9], "texture": "#1"}
			}
		},
		{
			"from": [7, 0, 0],
			"to": [9, 0, 7],
			"faces": {
				"up": {"uv": [7, 0, 9, 7], "texture": "#1"},
				"down": {"uv": [9, 0, 7, 7], "texture": "#1"}
			}
		},
		{
			"from": [7, 0, 9],
			"to": [9, 0, 16],
			"faces": {
				"up": {"uv": [7, 0, 9, 7], "texture": "#1"},
				"down": {"uv": [9, 9, 7, 16], "texture": "#1"}
			}
		},
		{
			"from": [7, 16, 0],
			"to": [9, 16, 7],
			"faces": {
				"up": {"uv": [7, 0, 9, 7], "texture": "#1"},
				"down": {"uv": [9, 0, 7, 7], "texture": "#1"}
			}
		},
		{
			"from": [7, 16, 9],
			"to": [9, 16, 16],
			"faces": {
				"up": {"uv": [7, 9, 9, 16], "texture": "#1"},
				"down": {"uv": [9, 0, 7, 7], "texture": "#1"}
			}
		},
		{
			"from": [7, 0, 0],
			"to": [9, 16, 7],
			"faces": {
				"north": {"uv": [7, 0, 9, 16], "texture": "#1", "cullface": "north"}
			}
		}
	],
	"gui_light": "front",
	"display": {
		"thirdperson_righthand": {
			"rotation": [75, 225, 0],
			"translation": [0, 2.5, 0],
			"scale": [0.375, 0.375, 0.375]
		},
		"firstperson_righthand": {
			"rotation": [0, 45, 0],
			"scale": [0.4, 0.4, 0.4]
		},
		"firstperson_lefthand": {
			"rotation": [0, 225, 0],
			"scale": [0.4, 0.4, 0.4]
		},
		"ground": {
			"translation": [0, 3, 0],
			"scale": [0.25, 0.25, 0.25]
		},
		"gui": {
			"rotation": [30, 225, 0],
			"scale": [0.75, 0.75, 0.75]
		},
		"fixed": {
			"rotation": [0, 90, 0],
			"scale": [0.5, 0.5, 0.5]
		}
	}
}