{
	"ambientocclusion": false,
	"elements": [
		{
			"from": [0.8, 0, 8],
			"to": [15.2, 16, 8],
			"shade": false,
			"rotation": {"angle": 45, "axis": "y", "origin": [8, 8, 8], "rescale": true},
			"faces": {
				"north": {"uv": [0, 0, 16, 16], "texture": "#bottom"},
				"south": {"uv": [0, 0, 16, 16], "texture": "#bottom"}
			}
		},
		{
			"from": [8, 0, 0.8],
			"to": [8, 16, 15.2],
			"shade": false,
			"rotation": {"angle": 45, "axis": "y", "origin": [8, 8, 8], "rescale": true},
			"faces": {
				"east": {"uv": [0, 0, 16, 16], "texture": "#bottom"},
				"west": {"uv": [0, 0, 16, 16], "texture": "#bottom"}
			}
		},
		{
			"from": [8, 16, 0.8],
			"to": [8, 32, 15.2],
			"shade": false,
			"rotation": {"angle": 45, "axis": "y", "origin": [8, 8, 8], "rescale": true},
			"faces": {
				"east": {"uv": [0, 0, 16, 16], "texture": "#top"},
				"west": {"uv": [0, 0, 16, 16], "texture": "#top"}
			}
		},
		{
			"from": [0.8, 16, 8],
			"to": [15.2, 32, 8],
			"shade": false,
			"rotation": {"angle": 45, "axis": "y", "origin": [8, 8, 8], "rescale": true},
			"faces": {
				"north": {"uv": [0, 0, 16, 16], "texture": "#top"},
				"south": {"uv": [0, 0, 16, 16], "texture": "#top"}
			}
		}
	],
    "gui_light": "front",
    "display": {
        "gui": {
            "rotation": [ 30, 90, 0 ],
            "translation": [ 0, -3.25, 0],
            "scale":[ 0.45, 0.45, 0.45 ]
        },
        "ground": {
            "rotation": [ 0, 0, 0 ],
            "translation": [ 0, 3, 0],
            "scale":[ 0.25, 0.25, 0.25 ]
        },
        "fixed": {
            "rotation": [ 0, 180, 0 ],
            "translation": [ 0, -4, 0],
            "scale":[ 0.5, 0.5, 0.5]
        },
    "thirdperson_righthand": {
      "rotation": [ 0, 0, 0 ],
      "translation": [ 0, 1, 0 ],
      "scale": [ 0.55, 0.55, 0.55 ]
        },
        "firstperson_righthand": {
            "rotation": [ 0, 45, 0 ],
            "translation": [ 0, 2.5, 0 ],
            "scale": [ 0.375, 0.375, 0.375 ]
        },
        "firstperson_lefthand": {
            "rotation": [ 0, 225, 0 ],
            "translation": [ 0, 2.5, 0 ],
            "scale": [ 0.375, 0.375, 0.375 ]
        }
    }
}

