{
	"parent": "block/block",
	"textures": {
		"1": "entity/shulker/shulker"
	},
	"elements": [
		{
			"from": [0, 2, 0],
			"to": [0, 14, 16],
			"faces": {
				"east": {"uv": [8, 4, 12, 7], "texture": "#1"},
				"west": {"uv": [8, 4, 12, 7], "texture": "#1"}
			}
		},
		{
			"from": [0, 2, 16],
			"to": [16, 14, 16],
			"faces": {
				"north": {"uv": [12, 4, 16, 7], "texture": "#1"},
				"south": {"uv": [12, 4, 16, 7], "texture": "#1"}
			}
		},
		{
			"from": [16, 2, 0],
			"to": [16, 14, 16],
			"faces": {
				"east": {"uv": [0, 4, 4, 7], "texture": "#1"},
				"west": {"uv": [0, 4, 4, 7], "texture": "#1"}
			}
		},
		{
			"from": [0, 2, 0],
			"to": [16, 14, 0],
			"faces": {
				"north": {"uv": [4, 4, 8, 7], "texture": "#1"},
				"south": {"uv": [4, 4, 8, 7], "texture": "#1"}
			}
		},
		{
			"from": [0, 14, 0],
			"to": [16, 14, 16],
			"faces": {
				"up": {"uv": [4, 0, 8, 4], "rotation": 180, "texture": "#1"},
				"down": {"uv": [4, 0, 8, 4], "texture": "#1"}
			}
		},
		{
			"from": [0, 2, 0],
			"to": [16, 2, 16],
			"faces": {
				"up": {"uv": [8, 0, 12, 4], "rotation": 180, "texture": "#1"},
				"down": {"uv": [8, 0, 12, 4], "texture": "#1"}
			}
		}
	]
}