{
	"textures": {
		"particle": "#top"
	},
	"elements": [
		{
			"from": [0, 16, 6],
			"to": [16, 32, 9],
			"faces": {
				"north": {"uv": [0, 0, 16, 16], "texture": "#top", "cullface": "west"},
				"east": {"uv": [3, 0, 0, 16], "texture": "#top", "cullface": "north"},
				"south": {"uv": [16, 0, 0, 16], "texture": "#top"},
				"west": {"uv": [0, 0, 3, 16], "texture": "#top", "cullface": "south"},
				"up": {"uv": [13, 0, 16, 16], "rotation": 90, "texture": "#bottom", "cullface": "up"}
			}
		},
		{
			"from": [0, 0, 6],
			"to": [16, 16, 9],
			"faces": {
				"north": {"uv": [0, 0, 16, 16], "texture": "#bottom", "cullface": "west"},
				"east": {"uv": [3, 0, 0, 16], "texture": "#bottom", "cullface": "north"},
				"south": {"uv": [16, 0, 0, 16], "texture": "#bottom"},
				"west": {"uv": [0, 0, 3, 16], "texture": "#bottom", "cullface": "south"},
				"down": {"uv": [13, 0, 16, 16], "rotation": 270, "texture": "#bottom", "cullface": "down"}
			}
		}
	],
    "display": {
        "thirdperson_righthand": {
            "rotation": [ 75, 135, 0 ],
            "translation": [ 0, 2.5, 0],
            "scale": [ 0.375, 0.375, 0.375 ]
        },
        "firstperson_righthand": {
            "rotation": [ 0, 135, 0 ],
            "translation": [ 0, 0, 0 ],
            "scale": [ 0.40, 0.40, 0.40 ]
        },
        "gui": {
            "rotation": [ 30, -45, 0 ],
            "translation": [ 0, -3, 0],
            "scale":[ 0.45, 0.45, 0.45 ]
        },
        "ground": {
            "rotation": [ 0, 0, 0 ],
            "translation": [ 0, 1, 0],
            "scale":[ 0.25, 0.25, 0.25]
        },
        "head": {
            "rotation": [ 0, 180, 0 ],
            "translation": [ 0, 16, 7],
            "scale":[ 1.5, 1.5, 1.5 ]
        },
        "fixed": {
            "rotation": [ 0, 180, 0 ],
            "translation": [ 0, -4, 0],
            "scale":[ 0.5, 0.5, 0.5]
        }
    }
}
