{
	"parent": "block/block",
	"texture_size": [64, 32],
	"textures": {
		"particle": "#all"
	},
	"elements": [
		{
			"from": [3, 0.25, 4],
			"to": [13, 13.75, 4],
			"faces": {
				"north": {"uv": [5, 10, 7, 16], "texture": "#all"},
				"south": {"uv": [5, 10, 7, 16], "texture": "#all"}
			}
		},
		{
			"from": [3, 0.25, 10],
			"to": [13, 13.75, 10],
			"faces": {
				"north": {"uv": [8, 10, 10, 16], "texture": "#all"},
				"south": {"uv": [8, 10, 10, 16], "texture": "#all"}
			}
		},
		{
			"from": [3, 0.25, 4],
			"to": [3, 13.75, 10],
			"faces": {
				"east": {"uv": [7, 10, 8, 16], "texture": "#all"},
				"west": {"uv": [7, 10, 8, 16], "texture": "#all"}
			}
		},
		{
			"from": [13, 0.25, 4],
			"to": [13, 13.75, 10],
			"faces": {
				"east": {"uv": [4, 10, 5, 16], "texture": "#all"},
				"west": {"uv": [4, 10, 5, 16], "texture": "#all"}
			}
		},
		{
			"from": [11.25, 0.25, 4.25],
			"to": [16.75, 13.75, 4.25],
			"shade": false,
			"rotation": {"angle": 0, "axis": "y", "origin": [16, 0, 0]},
			"faces": {
				"north": {"uv": [11, 10, 12, 16], "texture": "#all"},
				"south": {"uv": [13, 10, 14, 16], "texture": "#all"}
			}
		},
		{
			"from": [11.25, 0.25, 9.75],
			"to": [16.75, 13.75, 9.75],
			"shade": false,
			"rotation": {"angle": 0, "axis": "y", "origin": [16, 0, 0]},
			"faces": {
				"north": {"uv": [11, 10, 12, 16], "texture": "#all"},
				"south": {"uv": [13, 10, 14, 16], "texture": "#all"}
			}
		},
		{
			"from": [16.75, 0.25, 4.25],
			"to": [16.75, 13.75, 9.75],
			"shade": false,
			"rotation": {"angle": 0, "axis": "y", "origin": [16, 0, 0]},
			"faces": {
				"east": {"uv": [10, 10, 11, 16], "texture": "#all"},
				"west": {"uv": [10, 10, 11, 16], "texture": "#all"}
			}
		},
		{
			"from": [11.25, 0.25, 4.25],
			"to": [11.25, 13.75, 9.75],
			"shade": false,
			"rotation": {"angle": 0, "axis": "y", "origin": [16, 0, 0]},
			"faces": {
				"east": {"uv": [12, 10, 13, 16], "texture": "#all"},
				"west": {"uv": [12, 10, 13, 16], "texture": "#all"}
			}
		},
		{
			"from": [11.25, 13.75, 4.25],
			"to": [16.75, 13.75, 9.75],
			"shade": false,
			"rotation": {"angle": 0, "axis": "y", "origin": [16, 0, 0]},
			"faces": {
				"up": {"uv": [11, 8, 12, 10], "rotation": 180, "texture": "#all"},
				"down": {"uv": [11, 8, 12, 10], "texture": "#all"}
			}
		},
		{
			"from": [-0.75, 0.25, 4.25],
			"to": [4.75, 13.75, 4.25],
			"shade": false,
			"faces": {
				"north": {"uv": [12, 10, 11, 16], "texture": "#all"},
				"south": {"uv": [14, 10, 13, 16], "texture": "#all"}
			}
		},
		{
			"from": [-0.75, 0.25, 9.75],
			"to": [4.75, 13.75, 9.75],
			"shade": false,
			"faces": {
				"north": {"uv": [12, 10, 11, 16], "texture": "#all"},
				"south": {"uv": [14, 10, 13, 16], "texture": "#all"}
			}
		},
		{
			"from": [-0.75, 0.25, 4.25],
			"to": [-0.75, 13.75, 9.75],
			"shade": false,
			"faces": {
				"east": {"uv": [11, 10, 10, 16], "texture": "#all"},
				"west": {"uv": [11, 10, 10, 16], "texture": "#all"}
			}
		},
		{
			"from": [4.75, 0.25, 4.25],
			"to": [4.75, 13.75, 9.75],
			"shade": false,
			"faces": {
				"east": {"uv": [13, 10, 12, 16], "texture": "#all"},
				"west": {"uv": [13, 10, 12, 16], "texture": "#all"}
			}
		},
		{
			"from": [-0.75, 13.75, 4.25],
			"to": [4.75, 13.75, 9.75],
			"shade": false,
			"faces": {
				"up": {"uv": [12, 8, 11, 10], "rotation": 180, "texture": "#all"},
				"down": {"uv": [12, 8, 11, 10], "texture": "#all"}
			}
		}
	],
	"display": {
		"gui": {
            "rotation": [ 30, 135, 0 ],
            "translation": [ 0.55, 0, 0],
            "scale":[ 0.8, 0.8, 0.8 ]
		},
		"firstperson_righthand": {
			"rotation": [ 0, 135, 0 ],
			"translation": [ 0, 2.5, 0 ],
			"scale": [ 0.375, 0.375, 0.375 ]
		},
		"firstperson_lefthand": {
			"rotation": [ 0, 135, 0 ],
			"translation": [ 0, 2.5, 0 ],
			"scale": [ 0.375, 0.375, 0.375 ]
		}
	}
	}