{
	"parent": "block/block",
	"texture_size": [64, 32],
	"textures": {
		"particle": "#all"
	},
	"elements": [
		{
			"from": [3.25, -0.75, 5.25],
			"to": [8.75, 12.75, 5.25],
			"shade": false,
			"faces": {
				"north": {"uv": [2, 10, 1, 16], "texture": "#all"},
				"south": {"uv": [2, 10, 1, 16], "texture": "#all"}
			}
		},
		{
			"from": [3.25, -0.75, 5.25],
			"to": [8.75, -0.75, 10.75],
			"shade": false,
			"faces": {
				"up": {"uv": [2, 10, 1, 16], "rotation": 180, "texture": "#all"},
				"down": {"uv": [3, 8, 2, 10], "texture": "#all"}
			}
		},
		{
			"from": [3.25, -0.75, 5.25],
			"to": [3.25, 12.75, 10.75],
			"shade": false,
			"faces": {
				"east": {"uv": [3, 10, 2, 16], "texture": "#all"},
				"west": {"uv": [3, 10, 2, 16], "texture": "#all"}
			}
		},
		{
			"from": [3.25, -0.75, 10.75],
			"to": [8.75, 12.75, 10.75],
			"shade": false,
			"faces": {
				"north": {"uv": [4, 10, 3, 16], "texture": "#all"},
				"south": {"uv": [4, 10, 3, 16], "texture": "#all"}
			}
		},
		{
			"from": [8.75, -0.75, 5.25],
			"to": [8.75, 12.75, 10.75],
			"shade": false,
			"faces": {
				"east": {"uv": [1, 10, 0, 16], "texture": "#all"},
				"west": {"uv": [1, 10, 0, 16], "texture": "#all"}
			}
		},
		{
			"from": [7.25, -0.75, 5.25],
			"to": [12.75, 12.75, 5.25],
			"shade": false,
			"rotation": {"angle": 0, "axis": "y", "origin": [16, 0, 0]},
			"faces": {
				"north": {"uv": [1, 10, 2, 16], "texture": "#all"},
				"south": {"uv": [1, 10, 2, 16], "texture": "#all"}
			}
		},
		{
			"from": [7.25, -0.75, 5.25],
			"to": [12.75, -0.75, 10.75],
			"shade": false,
			"rotation": {"angle": 0, "axis": "y", "origin": [16, 0, 0]},
			"faces": {
				"up": {"uv": [1, 10, 2, 16], "rotation": 180, "texture": "#all"},
				"down": {"uv": [2, 8, 3, 10], "texture": "#all"}
			}
		},
		{
			"from": [12.75, -0.75, 5.25],
			"to": [12.75, 12.75, 10.75],
			"shade": false,
			"rotation": {"angle": 0, "axis": "y", "origin": [16, 0, 0]},
			"faces": {
				"east": {"uv": [2, 10, 3, 16], "texture": "#all"},
				"west": {"uv": [2, 10, 3, 16], "texture": "#all"}
			}
		},
		{
			"from": [7.25, -0.75, 10.75],
			"to": [12.75, 12.75, 10.75],
			"shade": false,
			"rotation": {"angle": 0, "axis": "y", "origin": [16, 0, 0]},
			"faces": {
				"north": {"uv": [3, 10, 4, 16], "texture": "#all"},
				"south": {"uv": [3, 10, 4, 16], "texture": "#all"}
			}
		},
		{
			"from": [7.25, -0.75, 5.25],
			"to": [7.25, 12.75, 10.75],
			"shade": false,
			"rotation": {"angle": 0, "axis": "y", "origin": [16, 0, 0]},
			"faces": {
				"east": {"uv": [0, 10, 1, 16], "texture": "#all"},
				"west": {"uv": [0, 10, 1, 16], "texture": "#all"}
			}
		}
	],
	"display": {
		"gui": {
            "rotation": [ 30, 135, 0 ],
            "translation": [ 0, 3.5, 0],
            "scale":[ 0.8, 0.8, 0.8 ]
		},
		"firstperson_righthand": {
			"rotation": [ 0, 135, 0 ],
			"translation": [ 0, 2.5, 0 ],
			"scale": [ 0.375, 0.375, 0.375 ]
		},
		"firstperson_lefthand": {
			"rotation": [ 0, 135, 0 ],
			"translation": [ 0, 2.5, 0 ],
			"scale": [ 0.375, 0.375, 0.375 ]
		}
	}
	}
