{
	"elements": [
		{
			"from": [3, 3, 7.5],
			"to": [13, 13, 8],
			"faces": {
				"north": {"uv": [3, 3, 13, 13], "texture": "#back"},
				"south": {"uv": [3, 3, 13, 13], "texture": "#back"}
			}
		},
		{
			"from": [2, 2, 7],
			"to": [14, 3, 8],
			"faces": {
				"north": {"uv": [2, 13, 14, 14], "texture": "#wood"},
				"east": {"uv": [0, 13, 1, 14], "texture": "#wood"},
				"south": {"uv": [2, 13, 14, 14], "texture": "#wood"},
				"west": {"uv": [15, 13, 16, 14], "texture": "#wood"},
				"up": {"uv": [2, 15, 14, 16], "texture": "#wood"},
				"down": {"uv": [2, 0, 14, 1], "texture": "#wood"}
			}
		},
		{
			"from": [2, 13, 7],
			"to": [14, 14, 8],
			"faces": {
				"north": {"uv": [2, 2, 14, 3], "texture": "#wood"},
				"east": {"uv": [0, 2, 1, 3], "texture": "#wood"},
				"south": {"uv": [2, 2, 14, 3], "texture": "#wood"},
				"west": {"uv": [15, 2, 16, 3], "texture": "#wood"},
				"up": {"uv": [2, 15, 14, 16], "texture": "#wood"},
				"down": {"uv": [2, 0, 14, 1], "texture": "#wood"}
			}
		},
		{
			"from": [2, 3, 7],
			"to": [3, 13, 8],
			"faces": {
				"north": {"uv": [13, 3, 14, 13], "texture": "#wood"},
				"east": {"uv": [0, 3, 1, 13], "texture": "#wood"},
				"south": {"uv": [2, 3, 3, 13], "texture": "#wood"},
				"west": {"uv": [15, 3, 16, 13], "texture": "#wood"}
			}
		},
		{
			"from": [13, 3, 7],
			"to": [14, 13, 8],
			"faces": {
				"north": {"uv": [2, 3, 3, 13], "texture": "#wood"},
				"east": {"uv": [0, 3, 1, 13], "texture": "#wood"},
				"south": {"uv": [13, 3, 14, 13], "texture": "#wood"},
				"west": {"uv": [15, 3, 16, 13], "texture": "#wood"}
			}
		}
	],
	"gui_light": "side",
	"display": {
		"thirdperson_righthand": {
			"rotation": [75, -45, 0],
			"translation": [0, 2.5, 0],
			"scale": [0.375, 0.375, 0.375]
		},
		"firstperson_righthand": {
			"rotation": [0, 135, 0],
			"scale": [0.4, 0.4, 0.4]
		},
		"firstperson_lefthand": {
			"rotation": [0, 135, 0],
			"scale": [0.4, 0.4, 0.4]
		},
		"ground": {
			"translation": [0, 3, 0],
			"scale": [0.25, 0.25, 0.25]
		},
		"gui": {
			"rotation": [30, 135, 0],
			"scale": [0.75, 0.75, 0.75]
		},
		"fixed": {
			"scale": [0.5, 0.5, 0.5]
		}
	}
}