{
	"parent": "block/block",
	"texture_size": [128, 64],
	"textures": {
		"particle": "#boat"
	},
	"elements": [
		{
			"from": [0, 0, -6],
			"to": [16, 3, 22],
			"rotation": {"angle": 0, "axis": "y", "origin": [0, 0, -3]},
			"faces": {
				"north": {"uv": [0, 0.75, 0.375, 4.75], "rotation": 90, "texture": "#boat"},
				"east": {"uv": [3.875, 0, 7.375, 0.75], "texture": "#boat"},
				"south": {"uv": [3.875, 0.75, 4.25, 4.75], "rotation": 270, "texture": "#boat"},
				"west": {"uv": [0.375, 0, 3.875, 0.75], "texture": "#boat"},
				"up": {"uv": [4.25, 0.75, 7.75, 4.75], "rotation": 90, "texture": "#boat"},
				"down": {"uv": [0.375, 0.75, 3.875, 4.75], "rotation": 90, "texture": "#boat"}
			}
		},
		{
			"from": [0, 3, -8],
			"to": [16, 9, -6],
			"rotation": {"angle": 0, "axis": "y", "origin": [0, 0, -3]},
			"faces": {
				"north": {"uv": [0.25, 7.25, 2.25, 8.75], "texture": "#boat"},
				"east": {"uv": [0, 7.25, 0.25, 8.75], "texture": "#boat"},
				"south": {"uv": [2.5, 7.25, 4.5, 8.75], "texture": "#boat"},
				"west": {"uv": [2.25, 7.25, 2.5, 8.75], "texture": "#boat"},
				"up": {"uv": [2.25, 7.25, 0.25, 6.75], "texture": "#boat"},
				"down": {"uv": [4.25, 6.75, 2.25, 7.25], "texture": "#boat"}
			}
		},
		{
			"from": [-1, 3, 22],
			"to": [17, 9, 24],
			"rotation": {"angle": 0, "axis": "y", "origin": [0, 0, -3]},
			"faces": {
				"north": {"uv": [0.25, 5.25, 2.5, 6.75], "texture": "#boat"},
				"east": {"uv": [0, 5.25, 0.25, 6.75], "texture": "#boat"},
				"south": {"uv": [2.75, 5.25, 5, 6.75], "texture": "#boat"},
				"west": {"uv": [2.5, 5.25, 2.75, 6.75], "texture": "#boat"},
				"up": {"uv": [2.5, 5.25, 0.25, 4.75], "texture": "#boat"},
				"down": {"uv": [4.75, 4.75, 2.5, 5.25], "texture": "#boat"}
			}
		},
		{
			"from": [-2, 3, -6],
			"to": [0, 9, 22],
			"rotation": {"angle": 0, "axis": "y", "origin": [0, 0, -3]},
			"faces": {
				"north": {"uv": [0, 9.25, 0.25, 10.75], "texture": "#boat"},
				"east": {"uv": [4, 9.25, 7.5, 10.75], "texture": "#boat"},
				"south": {"uv": [3.75, 9.25, 4, 10.75], "texture": "#boat"},
				"west": {"uv": [0.25, 9.25, 3.75, 10.75], "texture": "#boat"},
				"up": {"uv": [3.75, 9.25, 0.25, 8.75], "rotation": 270, "texture": "#boat"},
				"down": {"uv": [7.25, 8.75, 3.75, 9.25], "rotation": 90, "texture": "#boat"}
			}
		},
		{
			"from": [16, 3, -6],
			"to": [18, 9, 22],
			"rotation": {"angle": 0, "axis": "y", "origin": [0, 0, -3]},
			"faces": {
				"north": {"uv": [0, 11.25, 0.25, 12.75], "texture": "#boat"},
				"east": {"uv": [4, 11.25, 7.5, 12.75], "texture": "#boat"},
				"south": {"uv": [3.75, 11.25, 4, 12.75], "texture": "#boat"},
				"west": {"uv": [0.25, 11.25, 3.75, 12.75], "texture": "#boat"},
				"up": {"uv": [3.75, 11.25, 0.25, 10.75], "rotation": 270, "texture": "#boat"},
				"down": {"uv": [7.25, 10.75, 3.75, 11.25], "rotation": 90, "texture": "#boat"}
			}
		},
		{
			"from": [20.51, -11, 10],
			"to": [21.51, -4, 16],
			"rotation": {"angle": 22.5, "axis": "z", "origin": [0, 0, -3]},
			"faces": {
				"north": {"uv": [8.875, 0, 8.75, 1.75], "rotation": 180, "texture": "#boat"},
				"east": {"uv": [7.75, 1.75, 8.625, 3.25], "rotation": 270, "texture": "#boat"},
				"south": {"uv": [8.75, 1.75, 8.625, 0], "texture": "#boat"},
				"west": {"uv": [8.75, 1.75, 9.625, 3.25], "rotation": 90, "texture": "#boat"},
				"up": {"uv": [8.625, 1.75, 8.75, 3.25], "rotation": 180, "texture": "#boat"},
				"down": {"uv": [9.625, 1.75, 9.75, 3.25], "texture": "#boat"}
			}
		},
		{
			"from": [19.5, -9, 11],
			"to": [21.5, 9, 13],
			"rotation": {"angle": 22.5, "axis": "z", "origin": [0, 0, -3]},
			"faces": {
				"north": {"uv": [10.5, 0, 10.25, 4.5], "rotation": 180, "texture": "#boat"},
				"east": {"uv": [7.75, 4.5, 10, 5], "rotation": 270, "texture": "#boat"},
				"south": {"uv": [10.25, 4.5, 10, 0], "texture": "#boat"},
				"west": {"uv": [10.25, 4.5, 12.5, 5], "rotation": 90, "texture": "#boat"},
				"up": {"uv": [10, 4.5, 10.25, 5], "rotation": 180, "texture": "#boat"},
				"down": {"uv": [12.5, 4.5, 12.75, 5], "texture": "#boat"}
			}
		},
		{
			"from": [-6.5, -3, 11],
			"to": [-4.5, 15, 13],
			"rotation": {"angle": -22.5, "axis": "z", "origin": [0, 0, -3]},
			"faces": {
				"north": {"uv": [10.5, 5, 10.25, 9.5], "rotation": 180, "texture": "#boat"},
				"east": {"uv": [7.75, 9.5, 10, 10], "rotation": 270, "texture": "#boat"},
				"south": {"uv": [10.25, 9.5, 10, 5], "texture": "#boat"},
				"west": {"uv": [10.25, 9.5, 12.5, 10], "rotation": 90, "texture": "#boat"},
				"up": {"uv": [10, 9.5, 10.25, 10], "rotation": 180, "texture": "#boat"},
				"down": {"uv": [12.5, 9.5, 12.75, 10], "texture": "#boat"}
			}
		},
		{
			"from": [-6.51, -5, 10],
			"to": [-5.51, 2, 16],
			"rotation": {"angle": -22.5, "axis": "z", "origin": [0, 0, -3]},
			"faces": {
				"north": {"uv": [8.875, 5, 8.75, 6.75], "rotation": 180, "texture": "#boat"},
				"east": {"uv": [7.75, 6.75, 8.625, 8.25], "rotation": 270, "texture": "#boat"},
				"south": {"uv": [8.75, 6.75, 8.625, 5], "texture": "#boat"},
				"west": {"uv": [8.75, 6.75, 9.625, 8.25], "rotation": 90, "texture": "#boat"},
				"up": {"uv": [8.625, 6.75, 8.75, 8.25], "rotation": 180, "texture": "#boat"},
				"down": {"uv": [9.625, 6.75, 9.75, 8.25], "texture": "#boat"}
			}
		}
	],
	"display": {
		"thirdperson_righthand": {
			"rotation": [30, 160, 0],
			"translation": [0, 3, 0],
			"scale": [0.23, 0.23, 0.23]
		},
		"firstperson_righthand": {
			"rotation": [30, 160, 0],
			"translation": [0, 1, 0],
			"scale": [0.375, 0.375, 0.375]
		},
		"gui": {
			"rotation": [30, -45, 0],
			"translation": [0.25, 1.25, 0],
			"scale": [0.425, 0.425, 0.425]
		},
		"head": {
			"rotation": [0, 180, 0],
			"translation": [0, 10, -8]
		},
		"fixed": {
			"rotation": [270, 0, 0],
			"translation": [0, 0, -2.75],
			"scale": [0.5, 0.5, 0.5]
		}
	}
}