{
	"parent": "block/block",
	"texture_size": [64, 32],
	"textures": {
		"particle": "#all"
	},
	"elements": [
		{
			"from": [12.75, 11.5, 5.25],
			"to": [12.75, 24.5, 10.75],
			"faces": {
				"east": {"uv": [7, 16, 8, 10], "rotation": 180, "texture": "#all"},
				"west": {"uv": [7, 10, 8, 16], "texture": "#all"}
			}
		},
		{
			"from": [3.25, 11.5, 10.75],
			"to": [12.75, 24.5, 10.75],
			"faces": {
				"north": {"uv": [5, 10, 7, 16], "texture": "#all"},
				"south": {"uv": [5, 16, 7, 10], "rotation": 180, "texture": "#all"}
			}
		},
		{
			"from": [3.25, 11.5, 5.25],
			"to": [12.75, 24.5, 5.25],
			"faces": {
				"north": {"uv": [8, 16, 10, 10], "rotation": 180, "texture": "#all"},
				"south": {"uv": [8, 10, 10, 16], "texture": "#all"}
			}
		},
		{
			"from": [3.25, 11.5, 5.25],
			"to": [3.25, 24.5, 10.75],
			"faces": {
				"east": {"uv": [7, 10, 8, 16], "texture": "#all"},
				"west": {"uv": [7, 16, 8, 10], "rotation": 180, "texture": "#all"}
			}
		},
		{
			"from": [7.5, 12.5, 5.5],
			"to": [12.5, 12.5, 10.5],
			"faces": {
				"up": {"uv": [1, 8, 2, 10], "rotation": 180, "texture": "#all"},
				"down": {"uv": [1, 8, 2, 10], "texture": "#all"}
			}
		},
		{
			"from": [7.5, -0.5, 5.5],
			"to": [12.5, 12.5, 5.5],
			"faces": {
				"north": {"uv": [1, 10, 2, 16], "texture": "#all"},
				"south": {"uv": [1, 10, 2, 16], "texture": "#all"}
			}
		},
		{
			"from": [12.5, -0.5, 5.5],
			"to": [12.5, 12.5, 10.5],
			"faces": {
				"east": {"uv": [0, 10, 1, 16], "texture": "#all"},
				"west": {"uv": [0, 10, 1, 16], "texture": "#all"}
			}
		},
		{
			"from": [7.5, -0.5, 5.5],
			"to": [7.5, 12.5, 10.5],
			"faces": {
				"east": {"uv": [0, 10, 1, 16], "texture": "#all"},
				"west": {"uv": [2, 10, 3, 16], "texture": "#all"}
			}
		},
		{
			"from": [7.5, -0.5, 10.5],
			"to": [12.5, 12.5, 10.5],
			"faces": {
				"north": {"uv": [3, 10, 4, 16], "texture": "#all"},
				"south": {"uv": [3, 10, 4, 16], "texture": "#all"}
			}
		},
		{
			"from": [3.5, 12.5, 5.5],
			"to": [8.5, 12.5, 10.5],
			"rotation": {"angle": 0, "axis": "x", "origin": [16, 0, 0]},
			"faces": {
				"up": {"uv": [2, 8, 1, 10], "rotation": 180, "texture": "#all"},
				"down": {"uv": [2, 8, 1, 10], "texture": "#all"}
			}
		},
		{
			"from": [3.5, -0.5, 5.5],
			"to": [8.5, 12.5, 5.5],
			"rotation": {"angle": 0, "axis": "y", "origin": [16, 0, 0]},
			"faces": {
				"north": {"uv": [2, 10, 1, 16], "texture": "#all"},
				"south": {"uv": [2, 10, 1, 16], "texture": "#all"}
			}
		},
		{
			"from": [3.5, -0.5, 5.5],
			"to": [3.5, 12.5, 10.5],
			"rotation": {"angle": 0, "axis": "y", "origin": [16, 0, 0]},
			"faces": {
				"east": {"uv": [1, 10, 0, 16], "texture": "#all"},
				"west": {"uv": [1, 10, 0, 16], "texture": "#all"}
			}
		},
		{
			"from": [8.5, -0.5, 5.5],
			"to": [8.5, 12.5, 10.5],
			"rotation": {"angle": 0, "axis": "y", "origin": [16, 0, 0]},
			"faces": {
				"east": {"uv": [3, 10, 2, 16], "texture": "#all"},
				"west": {"uv": [1, 10, 0, 16], "texture": "#all"}
			}
		},
		{
			"from": [3.5, -0.5, 10.5],
			"to": [8.5, 12.5, 10.5],
			"rotation": {"angle": 0, "axis": "y", "origin": [16, 0, 0]},
			"faces": {
				"north": {"uv": [4, 10, 3, 16], "texture": "#all"},
				"south": {"uv": [4, 10, 3, 16], "texture": "#all"}
			}
		}
	],
	"display": {
		"gui": {
			"rotation": [ 30, 135, 0 ],
			"translation": [ 0, -1.25, 0],
			"scale":[ 0.8, 0.8, 0.8 ]
		},
		"firstperson_righthand": {
			"rotation": [ 0, 135, 0 ],
			"translation": [ 0, 2.5, 0 ],
			"scale": [ 0.375, 0.375, 0.375 ]
		},
		"firstperson_lefthand": {
			"rotation": [ 0, 135, 0 ],
			"translation": [ 0, 2.5, 0 ],
			"scale": [ 0.375, 0.375, 0.375 ]
		}
	}
	}