{
	"credit": "Made with Blockbench",
	"parent": "minecraft:block/cube_column",
	"textures": {
		"2": "modeltextures/mushroom_stem",
		"3": "modeltextures/mushroom_block_inside",
		"4": "modeltextures/brown_mushroom_block",
		"5": "modeltextures/oak_log",
		"particle": "modeltextures/brown_mushroom_block"
	},
	"elements": [
		{
			"from": [6, 2, 13],
			"to": [7, 3, 14],
			"faces": {
				"north": {"uv": [9, 3, 10, 4], "texture": "#2"},
				"east": {"uv": [7, 8, 8, 9], "texture": "#2"},
				"south": {"uv": [8, 5, 9, 6], "texture": "#2"},
				"west": {"uv": [6, 6, 7, 7], "texture": "#2"}
			}
		},
		{
			"from": [5, 3, 12],
			"to": [8, 4, 15],
			"faces": {
				"north": {"uv": [8, 1, 11, 2], "texture": "#4"},
				"east": {"uv": [2, 3, 5, 4], "texture": "#4"},
				"south": {"uv": [8, 3, 11, 4], "texture": "#4"},
				"west": {"uv": [3, 3, 6, 4], "texture": "#4"},
				"up": {"uv": [4, 3, 7, 6], "texture": "#4"},
				"down": {"uv": [5, 4, 8, 7], "texture": "#3"}
			}
		},
		{
			"from": [5, 0, 7],
			"to": [6, 2, 8],
			"faces": {
				"north": {"uv": [9, 3, 10, 5], "texture": "#2"},
				"east": {"uv": [7, 8, 8, 10], "texture": "#2"},
				"south": {"uv": [8, 5, 9, 7], "texture": "#2"},
				"west": {"uv": [6, 6, 7, 8], "texture": "#2"},
				"down": {"uv": [6, 6, 7, 7], "texture": "#2"}
			}
		},
		{
			"from": [4, 2, 6],
			"to": [7, 3, 9],
			"faces": {
				"north": {"uv": [8, 1, 11, 2], "texture": "#4"},
				"east": {"uv": [2, 3, 5, 4], "texture": "#4"},
				"south": {"uv": [8, 3, 11, 4], "texture": "#4"},
				"west": {"uv": [3, 3, 6, 4], "texture": "#4"},
				"up": {"uv": [4, 3, 7, 6], "texture": "#4"},
				"down": {"uv": [5, 4, 8, 7], "texture": "#3"}
			}
		},
		{
			"from": [10, 4, 5],
			"to": [13, 5, 8],
			"faces": {
				"north": {"uv": [10, 3, 13, 4], "texture": "#4"},
				"east": {"uv": [6, 2, 9, 3], "texture": "#4"},
				"south": {"uv": [12, 13, 15, 14], "texture": "#4"},
				"west": {"uv": [3, 6, 6, 7], "texture": "#4"},
				"up": {"uv": [4, 3, 7, 6], "texture": "#4"},
				"down": {"uv": [5, 4, 8, 7], "texture": "#3"}
			}
		},
		{
			"from": [13, 3, 5],
			"to": [14, 4, 8],
			"faces": {
				"north": {"uv": [10, 3, 11, 4], "texture": "#4"},
				"east": {"uv": [6, 2, 9, 3], "texture": "#4"},
				"south": {"uv": [12, 13, 13, 14], "texture": "#4"},
				"west": {"uv": [3, 6, 6, 7], "texture": "#4"},
				"up": {"uv": [4, 3, 5, 6], "texture": "#4"},
				"down": {"uv": [5, 4, 6, 7], "texture": "#3"}
			}
		},
		{
			"from": [9, 3, 5],
			"to": [10, 4, 8],
			"faces": {
				"north": {"uv": [12, 7, 13, 8], "texture": "#4"},
				"east": {"uv": [6, 2, 9, 3], "texture": "#4"},
				"south": {"uv": [12, 11, 13, 12], "texture": "#4"},
				"west": {"uv": [9, 4, 12, 5], "texture": "#4"},
				"up": {"uv": [10, 4, 11, 7], "texture": "#4"},
				"down": {"uv": [5, 4, 6, 7], "texture": "#3"}
			}
		},
		{
			"from": [10, 3, 8],
			"to": [13, 4, 9],
			"rotation": {"angle": 0, "axis": "y", "origin": [11.5, 3.5, 6.5]},
			"faces": {
				"north": {"uv": [6, 2, 9, 3], "texture": "#4"},
				"east": {"uv": [7, 5, 8, 6], "texture": "#4"},
				"south": {"uv": [9, 4, 12, 5], "texture": "#4"},
				"west": {"uv": [12, 7, 13, 8], "texture": "#4"},
				"up": {"uv": [6, 6, 9, 7], "texture": "#4"},
				"down": {"uv": [5, 4, 6, 7], "rotation": 90, "texture": "#3"}
			}
		},
		{
			"from": [10, 3, 4],
			"to": [13, 4, 5],
			"rotation": {"angle": 0, "axis": "y", "origin": [11.5, 3.5, 6.5]},
			"faces": {
				"north": {"uv": [6, 5, 9, 6], "texture": "#4"},
				"east": {"uv": [12, 13, 13, 14], "texture": "#4"},
				"south": {"uv": [3, 6, 6, 7], "texture": "#4"},
				"west": {"uv": [10, 3, 11, 4], "texture": "#4"},
				"up": {"uv": [9, 8, 12, 9], "texture": "#4"},
				"down": {"uv": [5, 4, 6, 7], "rotation": 90, "texture": "#3"}
			}
		},
		{
			"from": [8, 0, 4],
			"to": [10, 2, 12],
			"faces": {
				"north": {"uv": [1, 1, 3, 3], "texture": "#5"},
				"east": {"uv": [5, 6, 13, 8], "texture": "#5"},
				"south": {"uv": [1, 1, 3, 3], "texture": "#5"},
				"west": {"uv": [5, 4, 13, 6], "texture": "#5"},
				"up": {"uv": [5, 3, 7, 11], "texture": "#5"},
				"down": {"uv": [3, 4, 5, 12], "texture": "#5"}
			}
		},
		{
			"from": [10, 0, 6],
			"to": [12, 1, 7],
			"faces": {
				"north": {"uv": [4, 4, 6, 5], "texture": "#2"},
				"east": {"uv": [4, 4, 5, 5], "texture": "#2"},
				"south": {"uv": [4, 4, 6, 5], "texture": "#2"},
				"up": {"uv": [4, 4, 6, 5], "texture": "#2"},
				"down": {"uv": [4, 4, 6, 5], "texture": "#2"}
			}
		},
		{
			"from": [11, 1, 6],
			"to": [12, 4, 7],
			"faces": {
				"north": {"uv": [4, 4, 5, 7], "texture": "#2"},
				"east": {"uv": [4, 4, 5, 7], "texture": "#2"},
				"south": {"uv": [4, 4, 5, 7], "texture": "#2"},
				"west": {"uv": [4, 4, 5, 7], "texture": "#2"}
			}
		},
		{
			"from": [8, 0, 12],
			"to": [9, 2, 13],
			"faces": {
				"east": {"uv": [10, 7, 11, 9], "texture": "#5"},
				"south": {"uv": [10, 7, 11, 9], "texture": "#5"},
				"up": {"uv": [10, 7, 11, 8], "texture": "#5"},
				"down": {"uv": [10, 7, 11, 8], "texture": "#5"}
			}
		},
		{
			"from": [7, 0, 11],
			"to": [8, 2, 12],
			"faces": {
				"north": {"uv": [5, 7, 6, 9], "texture": "#5"},
				"west": {"uv": [5, 7, 6, 9], "texture": "#5"},
				"up": {"uv": [5, 7, 6, 8], "texture": "#5"},
				"down": {"uv": [5, 7, 6, 8], "texture": "#5"}
			}
		},
		{
			"from": [7, 0, 12],
			"to": [8, 2, 13],
			"faces": {
				"up": {"uv": [11, 5, 12, 6], "texture": "#5"},
				"down": {"uv": [11, 5, 12, 6], "texture": "#5"}
			}
		},
		{
			"from": [7, 0, 13],
			"to": [8, 2, 14],
			"faces": {
				"east": {"uv": [10, 7, 11, 9], "texture": "#5"},
				"south": {"uv": [10, 7, 11, 9], "texture": "#5"},
				"up": {"uv": [10, 7, 11, 8], "texture": "#5"},
				"down": {"uv": [10, 7, 11, 8], "texture": "#5"}
			}
		},
		{
			"from": [6, 0, 13],
			"to": [7, 2, 14],
			"faces": {
				"south": {"uv": [11, 5, 12, 7], "texture": "#5"},
				"west": {"uv": [11, 5, 12, 7], "texture": "#5"},
				"down": {"uv": [11, 5, 12, 6], "texture": "#5"}
			}
		},
		{
			"from": [6, 0, 12],
			"to": [7, 2, 13],
			"faces": {
				"north": {"uv": [5, 7, 6, 9], "texture": "#5"},
				"west": {"uv": [5, 7, 6, 9], "texture": "#5"},
				"up": {"uv": [5, 7, 6, 8], "texture": "#5"},
				"down": {"uv": [5, 7, 6, 8], "texture": "#5"}
			}
		}
	],
	"display": {
		"thirdperson_righthand": {
			"translation": [0, 3, 1],
			"scale": [0.55, 0.55, 0.55]
		},
		"thirdperson_lefthand": {
			"translation": [0, 3, 1],
			"scale": [0.55, 0.55, 0.55]
		},
		"firstperson_righthand": {
			"rotation": [0, -90, 25],
			"translation": [1.13, 3.2, 1.13],
			"scale": [0.68, 0.68, 0.68]
		},
		"firstperson_lefthand": {
			"rotation": [0, -90, 25],
			"translation": [1.13, 3.2, 1.13],
			"scale": [0.68, 0.68, 0.68]
		},
		"ground": {
			"translation": [0, 2, 0],
			"scale": [0.5, 0.5, 0.5]
		},
		"head": {
			"rotation": [0, 180, 0],
			"translation": [0, 13, 7]
		},
		"fixed": {
			"rotation": [0, 180, 0]
		}
	}
}