{
	"credit": "Made with Blockbench",
	"parent": "minecraft:block/cube_column",
	"textures": {
		"2": "modeltextures/mushroom_stem",
		"3": "modeltextures/mushroom_block_inside",
		"4": "modeltextures/brown_mushroom_block",
		"particle": "modeltextures/brown_mushroom_block"
	},
	"elements": [
		{
			"from": [2, 0, 11],
			"to": [3, 2, 12],
			"faces": {
				"north": {"uv": [9, 3, 10, 5], "texture": "#2"},
				"east": {"uv": [7, 8, 8, 10], "texture": "#2"},
				"south": {"uv": [8, 5, 9, 7], "texture": "#2"},
				"west": {"uv": [6, 6, 7, 8], "texture": "#2"},
				"down": {"uv": [6, 6, 7, 7], "texture": "#2"}
			}
		},
		{
			"from": [1, 2, 10],
			"to": [4, 3, 13],
			"faces": {
				"north": {"uv": [8, 1, 11, 2], "texture": "#4"},
				"east": {"uv": [2, 3, 5, 4], "texture": "#4"},
				"south": {"uv": [8, 3, 11, 4], "texture": "#4"},
				"west": {"uv": [3, 3, 6, 4], "texture": "#4"},
				"up": {"uv": [4, 3, 7, 6], "texture": "#4"},
				"down": {"uv": [5, 4, 8, 7], "texture": "#3"}
			}
		},
		{
			"from": [7, 0, 1],
			"to": [8, 1, 2],
			"faces": {
				"north": {"uv": [9, 3, 10, 4], "texture": "#2"},
				"east": {"uv": [7, 8, 8, 9], "texture": "#2"},
				"south": {"uv": [8, 5, 9, 6], "texture": "#2"},
				"west": {"uv": [6, 6, 7, 7], "texture": "#2"},
				"down": {"uv": [6, 6, 7, 7], "texture": "#2"}
			}
		},
		{
			"from": [6, 1, 0],
			"to": [9, 2, 3],
			"faces": {
				"north": {"uv": [8, 1, 11, 2], "texture": "#4"},
				"east": {"uv": [2, 3, 5, 4], "texture": "#4"},
				"south": {"uv": [8, 3, 11, 4], "texture": "#4"},
				"west": {"uv": [3, 3, 6, 4], "texture": "#4"},
				"up": {"uv": [4, 3, 7, 6], "texture": "#4"},
				"down": {"uv": [5, 4, 8, 7], "texture": "#3"}
			}
		},
		{
			"from": [9, 1, 12],
			"to": [12, 2, 15],
			"faces": {
				"north": {"uv": [8, 1, 11, 2], "texture": "#4"},
				"east": {"uv": [2, 3, 5, 4], "texture": "#4"},
				"south": {"uv": [8, 3, 11, 4], "texture": "#4"},
				"west": {"uv": [3, 3, 6, 4], "texture": "#4"},
				"up": {"uv": [4, 3, 7, 6], "texture": "#4"},
				"down": {"uv": [5, 4, 8, 7], "texture": "#3"}
			}
		},
		{
			"from": [10, 0, 13],
			"to": [11, 1, 14],
			"faces": {
				"north": {"uv": [9, 3, 10, 4], "texture": "#2"},
				"east": {"uv": [7, 8, 8, 9], "texture": "#2"},
				"south": {"uv": [8, 5, 9, 6], "texture": "#2"},
				"west": {"uv": [6, 6, 7, 7], "texture": "#2"},
				"down": {"uv": [6, 6, 7, 7], "texture": "#2"}
			}
		},
		{
			"from": [5, 0, 7],
			"to": [6, 3, 8],
			"faces": {
				"north": {"uv": [9, 3, 10, 6], "texture": "#2"},
				"east": {"uv": [7, 8, 8, 11], "texture": "#2"},
				"south": {"uv": [8, 5, 9, 8], "texture": "#2"},
				"west": {"uv": [6, 6, 7, 9], "texture": "#2"},
				"down": {"uv": [6, 6, 7, 7], "texture": "#2"}
			}
		},
		{
			"from": [4, 3, 6],
			"to": [7, 4, 9],
			"faces": {
				"north": {"uv": [8, 1, 11, 2], "texture": "#4"},
				"east": {"uv": [2, 3, 5, 4], "texture": "#4"},
				"south": {"uv": [8, 3, 11, 4], "texture": "#4"},
				"west": {"uv": [3, 3, 6, 4], "texture": "#4"},
				"up": {"uv": [4, 3, 7, 6], "texture": "#4"},
				"down": {"uv": [5, 4, 8, 7], "texture": "#3"}
			}
		},
		{
			"from": [12, 0, 5],
			"to": [13, 2, 6],
			"faces": {
				"north": {"uv": [9, 3, 10, 5], "texture": "#2"},
				"east": {"uv": [7, 8, 8, 10], "texture": "#2"},
				"south": {"uv": [8, 5, 9, 7], "texture": "#2"},
				"west": {"uv": [6, 6, 7, 8], "texture": "#2"},
				"down": {"uv": [6, 6, 7, 7], "texture": "#2"}
			}
		},
		{
			"from": [11, 2, 4],
			"to": [14, 3, 7],
			"faces": {
				"north": {"uv": [8, 1, 11, 2], "texture": "#4"},
				"east": {"uv": [2, 3, 5, 4], "texture": "#4"},
				"south": {"uv": [8, 3, 11, 4], "texture": "#4"},
				"west": {"uv": [3, 3, 6, 4], "texture": "#4"},
				"up": {"uv": [4, 3, 7, 6], "texture": "#4"},
				"down": {"uv": [5, 4, 8, 7], "texture": "#3"}
			}
		}
	],
	"display": {
		"thirdperson_righthand": {
			"translation": [0, 3, 1],
			"scale": [0.55, 0.55, 0.55]
		},
		"thirdperson_lefthand": {
			"translation": [0, 3, 1],
			"scale": [0.55, 0.55, 0.55]
		},
		"firstperson_righthand": {
			"rotation": [0, -90, 25],
			"translation": [1.13, 3.2, 1.13],
			"scale": [0.68, 0.68, 0.68]
		},
		"firstperson_lefthand": {
			"rotation": [0, -90, 25],
			"translation": [1.13, 3.2, 1.13],
			"scale": [0.68, 0.68, 0.68]
		},
		"ground": {
			"translation": [0, 2, 0],
			"scale": [0.5, 0.5, 0.5]
		},
		"head": {
			"rotation": [0, 180, 0],
			"translation": [0, 13, 7]
		},
		"fixed": {
			"rotation": [0, 180, 0]
		}
	}
}