{
	"gui_light": "front",
	"textures": {
		"bow": "item/bows",
		"string": "item/strings"
	},
	"elements": [
		{
			"from": [15, 13, 7.5],
			"to": [16, 14, 8.5],
			"rotation": {"angle": 45, "axis": "z", "origin": [8, 8, 8]},
			"faces": {
				"north": {"uv": [7.5, 1.5, 8, 1], "rotation": 180, "texture": "#bow"},
				"east": {"uv": [7.5, 1, 8, 1.5], "texture": "#bow"},
				"south": {"uv": [7.5, 1, 8, 1.5], "texture": "#bow"},
				"up": {"uv": [8, 1, 7.5, 1.5], "rotation": 180, "texture": "#bow"},
				"down": {"uv": [7.5, 1, 8, 1.5], "texture": "#bow"}
			}
		},
		{
			"from": [11, 12, 7.5],
			"to": [15, 15, 8.5],
			"rotation": {"angle": 45, "axis": "z", "origin": [8, 8, 8]},
			"faces": {
				"north": {"uv": [5.5, 2, 7.5, 0.5], "rotation": 180, "texture": "#bow"},
				"east": {"uv": [7, 0.5, 7.5, 2], "texture": "#bow"},
				"south": {"uv": [5.5, 0.5, 7.5, 2], "texture": "#bow"},
				"west": {"uv": [5.5, 0.5, 6, 2], "texture": "#bow"},
				"up": {"uv": [7.5, 0.5, 5.5, 1], "rotation": 180, "texture": "#bow"},
				"down": {"uv": [5.5, 1.5, 7.5, 2], "texture": "#bow"}
			}
		},
		{
			"from": [8, 11, 7.5],
			"to": [11, 14, 8.5],
			"rotation": {"angle": 45, "axis": "z", "origin": [8, 8, 8]},
			"faces": {
				"north": {"uv": [4, 2.5, 5.5, 1], "rotation": 180, "texture": "#bow"},
				"east": {"uv": [5, 1, 5.5, 2.5], "texture": "#bow"},
				"south": {"uv": [4, 1, 5.5, 2.5], "texture": "#bow"},
				"west": {"uv": [4, 1, 4.5, 2.5], "texture": "#bow"},
				"up": {"uv": [5.5, 1, 4, 1.5], "rotation": 180, "texture": "#bow"},
				"down": {"uv": [4, 2, 5.5, 2.5], "texture": "#bow"}
			}
		},
		{
			"from": [6, 10, 7.5],
			"to": [8, 13, 8.5],
			"rotation": {"angle": 45, "axis": "z", "origin": [8, 8, 8]},
			"faces": {
				"north": {"uv": [3, 3, 4, 1.5], "rotation": 180, "texture": "#bow"},
				"east": {"uv": [3.5, 1.5, 4, 3], "texture": "#bow"},
				"south": {"uv": [3, 1.5, 4, 3], "texture": "#bow"},
				"west": {"uv": [3, 1.5, 3.5, 3], "texture": "#bow"},
				"up": {"uv": [4, 1.5, 3, 2], "rotation": 180, "texture": "#bow"},
				"down": {"uv": [3, 2.5, 4, 3], "texture": "#bow"}
			}
		},
		{
			"from": [5, 8, 7.5],
			"to": [6, 12, 8.5],
			"rotation": {"angle": 45, "axis": "z", "origin": [8, 8, 8]},
			"faces": {
				"north": {"uv": [2.5, 4, 3, 2], "rotation": 180, "texture": "#bow"},
				"east": {"uv": [2.5, 2, 3, 4], "texture": "#bow"},
				"south": {"uv": [2.5, 2, 3, 4], "texture": "#bow"},
				"west": {"uv": [2.5, 2, 3, 4], "texture": "#bow"},
				"up": {"uv": [3, 2, 2.5, 2.5], "rotation": 180, "texture": "#bow"},
				"down": {"uv": [2.5, 3.5, 3, 4], "texture": "#bow"}
			}
		},
		{
			"from": [6, 9, 7.5],
			"to": [7, 10, 8.5],
			"rotation": {"angle": 45, "axis": "z", "origin": [8, 8, 8]},
			"faces": {
				"north": {"uv": [3, 3.5, 3.5, 3], "rotation": 180, "texture": "#bow"},
				"east": {"uv": [3, 3, 3.5, 3.5], "texture": "#bow"},
				"south": {"uv": [3, 3, 3.5, 3.5], "texture": "#bow"},
				"down": {"uv": [3, 3, 3.5, 3.5], "texture": "#bow"}
			}
		},
		{
			"from": [4, 5, 7.5],
			"to": [5, 11, 8.5],
			"rotation": {"angle": 45, "axis": "z", "origin": [8, 8, 8]},
			"faces": {
				"north": {"uv": [2, 5.5, 2.5, 2.5], "rotation": 180, "texture": "#bow"},
				"east": {"uv": [2, 2.5, 2.5, 5.5], "texture": "#bow"},
				"south": {"uv": [2, 2.5, 2.5, 5.5], "texture": "#bow"},
				"west": {"uv": [2, 2.5, 2.5, 5.5], "texture": "#bow"},
				"up": {"uv": [2.5, 2.5, 2, 3], "rotation": 180, "texture": "#bow"},
				"down": {"uv": [2, 5, 2.5, 5.5], "texture": "#bow"}
			}
		},
		{
			"from": [3, 1, 7.5],
			"to": [4, 10, 8.5],
			"rotation": {"angle": 45, "axis": "z", "origin": [8, 8, 8]},
			"faces": {
				"north": {"uv": [1.5, 7.5, 2, 3], "rotation": 180, "texture": "#bow"},
				"east": {"uv": [1.5, 3, 2, 7.5], "texture": "#bow"},
				"south": {"uv": [1.5, 3, 2, 7.5], "texture": "#bow"},
				"west": {"uv": [1.5, 3, 2, 7.5], "texture": "#bow"},
				"up": {"uv": [2, 3, 1.5, 3.5], "rotation": 180, "texture": "#bow"},
				"down": {"uv": [1.5, 7, 2, 7.5], "texture": "#bow"}
			}
		},
		{
			"from": [2, 0, 7.5],
			"to": [3, 8, 8.5],
			"rotation": {"angle": 45, "axis": "z", "origin": [8, 8, 8]},
			"faces": {
				"north": {"uv": [1, 8, 1.5, 4], "rotation": 180, "texture": "#bow"},
				"east": {"uv": [1, 4, 1.5, 8], "texture": "#bow"},
				"south": {"uv": [1, 4, 1.5, 8], "texture": "#bow"},
				"west": {"uv": [1, 4, 1.5, 8], "texture": "#bow"},
				"up": {"uv": [1.5, 4, 1, 4.5], "rotation": 180, "texture": "#bow"},
				"down": {"uv": [1, 7.5, 1.5, 8], "texture": "#bow"}
			}
		},
		{
			"from": [1, 1, 7.5],
			"to": [2, 5, 8.5],
			"rotation": {"angle": 45, "axis": "z", "origin": [8, 8, 8]},
			"faces": {
				"north": {"uv": [0.5, 7.5, 1, 5.5], "rotation": 180, "texture": "#bow"},
				"south": {"uv": [0.5, 5.5, 1, 7.5], "texture": "#bow"},
				"west": {"uv": [0.5, 5.5, 1, 7.5], "texture": "#bow"},
				"up": {"uv": [1, 5.5, 0.5, 6], "rotation": 180, "texture": "#bow"},
				"down": {"uv": [0.5, 7, 1, 7.5], "texture": "#bow"}
			}
		},
		{
			"from": [4, 2, 8],
			"to": [14, 12, 8],
			"rotation": {"angle": 45, "axis": "z", "origin": [8, 8, 8]},
			"faces": {
				"north": {"uv": [7, 2, 2, 7], "texture": "#string"},
				"south": {"uv": [2, 2, 7, 7], "texture": "#string"}
			}
		}
	],
	"overrides": [
		{
			"predicate": {
				"pulling": 1
			},
			"model": "item/bow_pulling_0"
		},
		{
			"predicate": {
				"pulling": 1,
				"pull": 0.65
			},
			"model": "item/bow_pulling_1"
		},
		{
			"predicate": {
				"pulling": 1,
				"pull": 0.9
			},
			"model": "item/bow_pulling_2"
		}
	],
	"display": {
		"thirdperson_righthand": {
			"rotation": [-35, 260, -40],
			"translation": [-1, -2, 2.5],
			"scale": [0.9, 0.9, 0.9]
		},
		"thirdperson_lefthand": {
			"rotation": [-35, -280, 40],
			"translation": [-1, -2, 2.5],
			"scale": [0.9, 0.9, 0.9]
		},
		"firstperson_righthand": {
			"rotation": [45, -90, 25],
			"translation": [1.13, 3.2, 1.13],
			"scale": [0.68, 0.68, 0.68]
		},
		"firstperson_lefthand": {
			"rotation": [45, -90, -155],
			"translation": [1.13, 3.2, 1.13],
			"scale": [0.68, 0.68, 0.68]
		},
		"ground": {
			"rotation": [0, 0, -45],
			"translation": [0, 2, 0],
			"scale": [0.5, 0.5, 0.5]
		},
		"gui": {
			"rotation": [0, 0, -45]
		},
		"head": {
			"rotation": [4, 180, -45],
			"translation": [0, 13, 7]
		},
		"fixed": {
			"rotation": [0, 180, -45]
		}
	}
}