{
	"gui_light": "front",
	"textures": {
		"arrow": "entity/projectiles/arrow",
		"bow": "item/bows",
		"string": "item/strings"
	},
	"elements": [
		{
			"from": [15, 13, 7.5],
			"to": [16, 14, 8.5],
			"rotation": {"angle": 45, "axis": "z", "origin": [8, 8, 8.1]},
			"faces": {
				"north": {"uv": [15.5, 1.5, 16, 1], "rotation": 180, "texture": "#bow"},
				"east": {"uv": [15.5, 1, 16, 1.5], "texture": "#bow"},
				"south": {"uv": [15.5, 1, 16, 1.5], "texture": "#bow"},
				"up": {"uv": [16, 1, 15.5, 1.5], "rotation": 180, "texture": "#bow"},
				"down": {"uv": [15.5, 1, 16, 1.5], "texture": "#bow"}
			}
		},
		{
			"from": [11, 12, 7.5],
			"to": [15, 15, 8.5],
			"rotation": {"angle": 45, "axis": "z", "origin": [8, 8, 8.1]},
			"faces": {
				"north": {"uv": [13.5, 2, 15.5, 0.5], "rotation": 180, "texture": "#bow"},
				"east": {"uv": [15, 0.5, 15.5, 2], "texture": "#bow"},
				"south": {"uv": [13.5, 0.5, 15.5, 2], "texture": "#bow"},
				"west": {"uv": [13.5, 0.5, 14, 2], "texture": "#bow"},
				"up": {"uv": [15.5, 0.5, 13.5, 1], "rotation": 180, "texture": "#bow"},
				"down": {"uv": [13.5, 1.5, 15.5, 2], "texture": "#bow"}
			}
		},
		{
			"from": [8, 11, 7.5],
			"to": [11, 14, 8.5],
			"rotation": {"angle": 45, "axis": "z", "origin": [8, 8, 8.1]},
			"faces": {
				"north": {"uv": [12, 2.5, 13.5, 1], "rotation": 180, "texture": "#bow"},
				"east": {"uv": [13, 1, 13.5, 2.5], "texture": "#bow"},
				"south": {"uv": [12, 1, 13.5, 2.5], "texture": "#bow"},
				"west": {"uv": [12, 1, 12.5, 2.5], "texture": "#bow"},
				"up": {"uv": [13.5, 1, 12, 1.5], "rotation": 180, "texture": "#bow"},
				"down": {"uv": [12, 2, 13.5, 2.5], "texture": "#bow"}
			}
		},
		{
			"from": [6, 10, 7.5],
			"to": [8, 13, 8.5],
			"rotation": {"angle": 45, "axis": "z", "origin": [8, 8, 8.1]},
			"faces": {
				"north": {"uv": [11, 3, 12, 1.5], "rotation": 180, "texture": "#bow"},
				"east": {"uv": [11.5, 1.5, 12, 3], "texture": "#bow"},
				"south": {"uv": [11, 1.5, 12, 3], "texture": "#bow"},
				"west": {"uv": [11, 1.5, 11.5, 3], "texture": "#bow"},
				"up": {"uv": [12, 1.5, 11, 2], "rotation": 180, "texture": "#bow"},
				"down": {"uv": [11, 2.5, 12, 3], "texture": "#bow"}
			}
		},
		{
			"from": [6, 9, 7.5],
			"to": [7, 10, 8.5],
			"rotation": {"angle": 45, "axis": "z", "origin": [8, 8, 8.1]},
			"faces": {
				"north": {"uv": [11, 3.5, 11.5, 3], "rotation": 180, "texture": "#bow"},
				"east": {"uv": [11, 3, 11.5, 3.5], "texture": "#bow"},
				"south": {"uv": [11, 3, 11.5, 3.5], "texture": "#bow"},
				"down": {"uv": [11, 3, 11.5, 3.5], "texture": "#bow"}
			}
		},
		{
			"from": [5, 8, 7.5],
			"to": [6, 12, 8.5],
			"rotation": {"angle": 45, "axis": "z", "origin": [8, 8, 8.1]},
			"faces": {
				"north": {"uv": [10.5, 4, 11, 2], "rotation": 180, "texture": "#bow"},
				"east": {"uv": [10.5, 2, 11, 4], "texture": "#bow"},
				"south": {"uv": [10.5, 2, 11, 4], "texture": "#bow"},
				"west": {"uv": [10.5, 2, 11, 4], "texture": "#bow"},
				"up": {"uv": [11, 2, 10.5, 2.5], "rotation": 180, "texture": "#bow"},
				"down": {"uv": [10.5, 3.5, 11, 4], "texture": "#bow"}
			}
		},
		{
			"from": [4, 5, 7.5],
			"to": [5, 11, 8.5],
			"rotation": {"angle": 45, "axis": "z", "origin": [8, 8, 8.1]},
			"faces": {
				"north": {"uv": [10, 5.5, 10.5, 2.5], "rotation": 180, "texture": "#bow"},
				"east": {"uv": [10, 2.5, 10.5, 5.5], "texture": "#bow"},
				"south": {"uv": [10, 2.5, 10.5, 5.5], "texture": "#bow"},
				"west": {"uv": [10, 2.5, 10.5, 5.5], "texture": "#bow"},
				"up": {"uv": [10.5, 2.5, 10, 3], "rotation": 180, "texture": "#bow"},
				"down": {"uv": [10, 5, 10.5, 5.5], "texture": "#bow"}
			}
		},
		{
			"from": [3, 1, 7.5],
			"to": [4, 10, 8.5],
			"rotation": {"angle": 45, "axis": "z", "origin": [8, 8, 8.1]},
			"faces": {
				"north": {"uv": [9.5, 7.5, 10, 3], "rotation": 180, "texture": "#bow"},
				"east": {"uv": [9.5, 3, 10, 7.5], "texture": "#bow"},
				"south": {"uv": [9.5, 3, 10, 7.5], "texture": "#bow"},
				"west": {"uv": [9.5, 3, 10, 7.5], "texture": "#bow"},
				"up": {"uv": [10, 3, 9.5, 3.5], "rotation": 180, "texture": "#bow"},
				"down": {"uv": [9.5, 7, 10, 7.5], "texture": "#bow"}
			}
		},
		{
			"from": [2, 0, 7.5],
			"to": [3, 8, 8.5],
			"rotation": {"angle": 45, "axis": "z", "origin": [8, 8, 8.1]},
			"faces": {
				"north": {"uv": [9, 8, 9.5, 4], "rotation": 180, "texture": "#bow"},
				"east": {"uv": [9, 4, 9.5, 8], "texture": "#bow"},
				"south": {"uv": [9, 4, 9.5, 8], "texture": "#bow"},
				"west": {"uv": [9, 4, 9.5, 8], "texture": "#bow"},
				"up": {"uv": [9.5, 4, 9, 4.5], "rotation": 180, "texture": "#bow"},
				"down": {"uv": [9, 7.5, 9.5, 8], "texture": "#bow"}
			}
		},
		{
			"from": [1, 1, 7.5],
			"to": [2, 5, 8.5],
			"rotation": {"angle": 45, "axis": "z", "origin": [8, 8, 8.1]},
			"faces": {
				"north": {"uv": [8.5, 7.5, 9, 5.5], "rotation": 180, "texture": "#bow"},
				"south": {"uv": [8.5, 5.5, 9, 7.5], "texture": "#bow"},
				"west": {"uv": [8.5, 5.5, 9, 7.5], "texture": "#bow"},
				"up": {"uv": [9, 5.5, 8.5, 6], "rotation": 180, "texture": "#bow"},
				"down": {"uv": [8.5, 7, 9, 7.5], "texture": "#bow"}
			}
		},
		{
			"from": [4, 1, 8],
			"to": [15, 12, 8],
			"rotation": {"angle": 45, "axis": "z", "origin": [8, 8, 8.1]},
			"faces": {
				"north": {"uv": [15.5, 2, 10, 7.5], "texture": "#string"},
				"south": {"uv": [10, 2, 15.5, 7.5], "texture": "#string"}
			}
		},
		{
			"from": [-4.74264, 5.5, 8.5],
			"to": [11.25736, 10.5, 8.5],
			"rotation": {"angle": -45, "axis": "x", "origin": [8, 8, 8.6]},
			"faces": {
				"north": {"uv": [0, 0, 8, 2.5], "texture": "#arrow"},
				"south": {"uv": [8, 0, 0, 2.5], "texture": "#arrow"}
			}
		},
		{
			"from": [-4.74264, 8, 6],
			"to": [11.25736, 8, 11],
			"rotation": {"angle": -45, "axis": "x", "origin": [8, 8, 8.6]},
			"faces": {
				"up": {"uv": [8, 2.5, 0, 0], "texture": "#arrow"},
				"down": {"uv": [0, 0, 8, 2.5], "rotation": 180, "texture": "#arrow"}
			}
		},
		{
			"from": [10.25736, 5.5, 6],
			"to": [10.25736, 10.5, 11],
			"rotation": {"angle": -45, "axis": "x", "origin": [8, 8, 8.6]},
			"faces": {
				"east": {"uv": [2.5, 2.5, 0, 5], "texture": "#arrow"},
				"west": {"uv": [0, 2.5, 2.5, 5], "texture": "#arrow"}
			}
		}
	],
	"display": {
		"thirdperson_righthand": {
			"rotation": [-35, 260, -40],
			"translation": [-1, -2, 2.5],
			"scale": [0.9, 0.9, 0.9]
		},
		"thirdperson_lefthand": {
			"rotation": [-35, -280, 40],
			"translation": [-1, -2, 2.5],
			"scale": [0.9, 0.9, 0.9]
		},
		"firstperson_righthand": {
			"rotation": [45, -90, 25],
			"translation": [1.13, 3.2, 1.13],
			"scale": [0.68, 0.68, 0.68]
		},
		"firstperson_lefthand": {
			"rotation": [45, -90, -155],
			"translation": [1.13, 3.2, 1.13],
			"scale": [0.68, 0.68, 0.68]
		},
		"ground": {
			"rotation": [0, 0, -45],
			"translation": [0, 2, 0],
			"scale": [0.5, 0.5, 0.5]
		},
		"gui": {
			"rotation": [0, 0, -45]
		},
		"head": {
			"rotation": [4, 180, -45],
			"translation": [0, 13, 7]
		},
		"fixed": {
			"rotation": [0, 180, -45]
		}
	}
}