{
	"gui_light": "front",
	"textures": {
		"arrow": "entity/projectiles/arrow",
		"bow": "item/bows",
		"string": "item/strings"
	},
	"elements": [
		{
			"from": [2, 0, 7.5],
			"to": [3, 1, 8.5],
			"rotation": {"angle": 45, "axis": "z", "origin": [8, 8, 8.1]},
			"faces": {
				"north": {"uv": [7.5, 9, 8, 9.5], "rotation": 90, "texture": "#bow"},
				"east": {"uv": [7.5, 9, 8, 9.5], "rotation": 90, "texture": "#bow"},
				"south": {"uv": [7.5, 9.5, 8, 9], "rotation": 90, "texture": "#bow"},
				"west": {"uv": [8, 9, 7.5, 9.5], "rotation": 270, "texture": "#bow"},
				"down": {"uv": [7.5, 9, 8, 9.5], "rotation": 270, "texture": "#bow"}
			}
		},
		{
			"from": [1, 1, 7.5],
			"to": [4, 4, 8.5],
			"rotation": {"angle": 45, "axis": "z", "origin": [8, 8, 8.1]},
			"faces": {
				"north": {"uv": [6, 8.5, 7.5, 10], "rotation": 90, "texture": "#bow"},
				"east": {"uv": [6, 9.5, 7.5, 10], "rotation": 90, "texture": "#bow"},
				"south": {"uv": [6, 10, 7.5, 8.5], "rotation": 90, "texture": "#bow"},
				"west": {"uv": [7.5, 8.5, 6, 9], "rotation": 270, "texture": "#bow"},
				"up": {"uv": [6, 8.5, 6.5, 10], "rotation": 270, "texture": "#bow"},
				"down": {"uv": [7, 8.5, 7.5, 10], "rotation": 270, "texture": "#bow"}
			}
		},
		{
			"from": [2, 4, 7.5],
			"to": [5, 8, 8.5],
			"rotation": {"angle": 45, "axis": "z", "origin": [8, 8, 8.1]},
			"faces": {
				"north": {"uv": [4, 9, 6, 10.5], "rotation": 90, "texture": "#bow"},
				"east": {"uv": [4, 10, 6, 10.5], "rotation": 90, "texture": "#bow"},
				"south": {"uv": [4, 10.5, 6, 9], "rotation": 90, "texture": "#bow"},
				"west": {"uv": [6, 9, 4, 9.5], "rotation": 270, "texture": "#bow"},
				"up": {"uv": [4, 9, 4.5, 10.5], "rotation": 270, "texture": "#bow"},
				"down": {"uv": [5.5, 9, 6, 10.5], "rotation": 270, "texture": "#bow"}
			}
		},
		{
			"from": [3, 8, 7.5],
			"to": [6, 10, 8.5],
			"rotation": {"angle": 45, "axis": "z", "origin": [8, 8, 8.1]},
			"faces": {
				"north": {"uv": [3, 9.5, 4, 11], "rotation": 90, "texture": "#bow"},
				"east": {"uv": [3, 10.5, 4, 11], "rotation": 90, "texture": "#bow"},
				"south": {"uv": [3, 11, 4, 9.5], "rotation": 90, "texture": "#bow"},
				"west": {"uv": [4, 9.5, 3, 10], "rotation": 270, "texture": "#bow"},
				"up": {"uv": [3, 9.5, 3.5, 11], "rotation": 270, "texture": "#bow"},
				"down": {"uv": [3.5, 9.5, 4, 11], "rotation": 270, "texture": "#bow"}
			}
		},
		{
			"from": [6, 9, 7.5],
			"to": [7, 10, 8.5],
			"rotation": {"angle": 45, "axis": "z", "origin": [8, 8, 8.1]},
			"faces": {
				"north": {"uv": [3, 11, 3.5, 11.5], "rotation": 90, "texture": "#bow"},
				"east": {"uv": [3, 11, 3.5, 11.5], "rotation": 90, "texture": "#bow"},
				"south": {"uv": [3, 11.5, 3.5, 11], "rotation": 90, "texture": "#bow"},
				"down": {"uv": [3, 11, 3.5, 11.5], "rotation": 270, "texture": "#bow"}
			}
		},
		{
			"from": [4, 10, 7.5],
			"to": [8, 11, 8.5],
			"rotation": {"angle": 45, "axis": "z", "origin": [8, 8, 8.1]},
			"faces": {
				"north": {"uv": [2.5, 10, 3, 12], "rotation": 90, "texture": "#bow"},
				"east": {"uv": [2.5, 11.5, 3, 12], "rotation": 90, "texture": "#bow"},
				"south": {"uv": [2.5, 12, 3, 10], "rotation": 90, "texture": "#bow"},
				"west": {"uv": [3, 10, 2.5, 10.5], "rotation": 270, "texture": "#bow"},
				"up": {"uv": [2.5, 10, 3, 12], "rotation": 270, "texture": "#bow"},
				"down": {"uv": [2.5, 10, 3, 12], "rotation": 270, "texture": "#bow"}
			}
		},
		{
			"from": [5, 11, 7.5],
			"to": [12, 12, 8.5],
			"rotation": {"angle": 45, "axis": "z", "origin": [8, 8, 8.1]},
			"faces": {
				"north": {"uv": [2, 10.5, 2.5, 14], "rotation": 90, "texture": "#bow"},
				"east": {"uv": [2, 13.5, 2.5, 14], "rotation": 90, "texture": "#bow"},
				"south": {"uv": [2, 14, 2.5, 10.5], "rotation": 90, "texture": "#bow"},
				"west": {"uv": [2.5, 10.5, 2, 11], "rotation": 270, "texture": "#bow"},
				"up": {"uv": [2, 10.5, 2.5, 14], "rotation": 270, "texture": "#bow"},
				"down": {"uv": [2, 10.5, 2.5, 14], "rotation": 270, "texture": "#bow"}
			}
		},
		{
			"from": [6, 12, 7.5],
			"to": [15, 13, 8.5],
			"rotation": {"angle": 45, "axis": "z", "origin": [8, 8, 8.1]},
			"faces": {
				"north": {"uv": [1.5, 11, 2, 15.5], "rotation": 90, "texture": "#bow"},
				"east": {"uv": [1.5, 15, 2, 15.5], "rotation": 90, "texture": "#bow"},
				"south": {"uv": [1.5, 15.5, 2, 11], "rotation": 90, "texture": "#bow"},
				"west": {"uv": [2, 11, 1.5, 11.5], "rotation": 270, "texture": "#bow"},
				"up": {"uv": [1.5, 11, 2, 15.5], "rotation": 270, "texture": "#bow"},
				"down": {"uv": [1.5, 11, 2, 15.5], "rotation": 270, "texture": "#bow"}
			}
		},
		{
			"from": [8, 13, 7.5],
			"to": [16, 14, 8.5],
			"rotation": {"angle": 45, "axis": "z", "origin": [8, 8, 8.1]},
			"faces": {
				"north": {"uv": [1, 12, 1.5, 16], "rotation": 90, "texture": "#bow"},
				"east": {"uv": [1, 15.5, 1.5, 16], "rotation": 90, "texture": "#bow"},
				"south": {"uv": [1, 16, 1.5, 12], "rotation": 90, "texture": "#bow"},
				"west": {"uv": [1.5, 12, 1, 12.5], "rotation": 270, "texture": "#bow"},
				"up": {"uv": [1, 12, 1.5, 16], "rotation": 270, "texture": "#bow"},
				"down": {"uv": [1, 12, 1.5, 16], "rotation": 270, "texture": "#bow"}
			}
		},
		{
			"from": [12, 14, 7.5],
			"to": [15, 15, 8.5],
			"rotation": {"angle": 45, "axis": "z", "origin": [8, 8, 8.1]},
			"faces": {
				"north": {"uv": [0.5, 14, 1, 15.5], "rotation": 90, "texture": "#bow"},
				"east": {"uv": [0.5, 15, 1, 15.5], "rotation": 90, "texture": "#bow"},
				"south": {"uv": [0.5, 15.5, 1, 14], "rotation": 90, "texture": "#bow"},
				"west": {"uv": [1, 14, 0.5, 14.5], "rotation": 270, "texture": "#bow"},
				"up": {"uv": [0.5, 14, 1, 15.5], "rotation": 270, "texture": "#bow"}
			}
		},
		{
			"from": [4, 1, 8],
			"to": [15, 12, 8],
			"rotation": {"angle": 45, "axis": "z", "origin": [8, 8, 8.1]},
			"faces": {
				"north": {"uv": [7.5, 10, 2, 15.5], "texture": "#string"},
				"south": {"uv": [2, 10, 7.5, 15.5], "texture": "#string"}
			}
		},
		{
			"from": [-3.74264, 5.5, 8.5],
			"to": [12.25736, 10.5, 8.5],
			"rotation": {"angle": -45, "axis": "x", "origin": [8, 8, 8.6]},
			"faces": {
				"north": {"uv": [0, 0, 8, 2.5], "texture": "#arrow"},
				"south": {"uv": [8, 0, 0, 2.5], "texture": "#arrow"}
			}
		},
		{
			"from": [-3.74264, 8, 6],
			"to": [12.25736, 8, 11],
			"rotation": {"angle": -45, "axis": "x", "origin": [8, 8, 8.6]},
			"faces": {
				"up": {"uv": [8, 2.5, 0, 0], "texture": "#arrow"},
				"down": {"uv": [0, 0, 8, 2.5], "rotation": 180, "texture": "#arrow"}
			}
		},
		{
			"from": [11.25736, 5.5, 6],
			"to": [11.25736, 10.5, 11],
			"rotation": {"angle": -45, "axis": "x", "origin": [8, 8, 8.6]},
			"faces": {
				"east": {"uv": [2.5, 2.5, 0, 5], "texture": "#arrow"},
				"west": {"uv": [0, 2.5, 2.5, 5], "texture": "#arrow"}
			}
		}
	],
	"display": {
		"thirdperson_righthand": {
			"rotation": [-35, 260, -40],
			"translation": [-1, -2, 2.5],
			"scale": [0.9, 0.9, 0.9]
		},
		"thirdperson_lefthand": {
			"rotation": [-35, -280, 40],
			"translation": [-1, -2, 2.5],
			"scale": [0.9, 0.9, 0.9]
		},
		"firstperson_righthand": {
			"rotation": [45, -90, 25],
			"translation": [1.13, 3.2, 1.13],
			"scale": [0.68, 0.68, 0.68]
		},
		"firstperson_lefthand": {
			"rotation": [45, -90, -155],
			"translation": [1.13, 3.2, 1.13],
			"scale": [0.68, 0.68, 0.68]
		},
		"ground": {
			"rotation": [0, 0, -45],
			"translation": [0, 2, 0],
			"scale": [0.5, 0.5, 0.5]
		},
		"gui": {
			"rotation": [0, 0, -45]
		},
		"head": {
			"rotation": [4, 180, -45],
			"translation": [0, 13, 7]
		},
		"fixed": {
			"rotation": [0, 180, -45]
		}
	}
	}
}