{
	"credit": "Made with Blockbench",
	"parent": "block/cube_column",
	"textures": {
		"end": "block/oak_planks",
		"side": "block/bookshelf5"
	},
	"elements": [
		{
			"from": [0, 15, 0],
			"to": [16, 16, 16],
			"faces": {
				"north": {"uv": [0, 0, 16, 1], "texture": "#side"},
				"east": {"uv": [0, 0, 16, 1], "texture": "#side"},
				"south": {"uv": [0, 0, 16, 1], "texture": "#side"},
				"west": {"uv": [0, 0, 16, 1], "texture": "#side"},
				"up": {"uv": [0, 0, 16, 16], "texture": "#end"},
				"down": {"uv": [0, 0, 16, 16], "texture": "#end"}
			}
		},
		{
			"from": [0, 0, 0],
			"to": [16, 1, 16],
			"faces": {
				"north": {"uv": [0, 15, 16, 16], "texture": "#side"},
				"east": {"uv": [0, 15, 16, 16], "texture": "#side"},
				"south": {"uv": [0, 15, 16, 16], "texture": "#side"},
				"west": {"uv": [0, 15, 16, 16], "texture": "#side"},
				"up": {"uv": [0, 0, 16, 16], "texture": "#end"},
				"down": {"uv": [0, 0, 16, 16], "texture": "#end"}
			}
		},
		{
			"from": [0, 7, 0],
			"to": [16, 9, 16],
			"faces": {
				"north": {"uv": [0, 7, 16, 9], "texture": "#side"},
				"east": {"uv": [0, 7, 16, 9], "texture": "#side"},
				"south": {"uv": [0, 7, 16, 9], "texture": "#side"},
				"west": {"uv": [0, 7, 16, 9], "texture": "#side"},
				"up": {"uv": [0, 0, 16, 16], "texture": "#end"},
				"down": {"uv": [0, 0, 16, 16], "texture": "#end"}
			}
		},
		{
			"from": [15, 9, 15],
			"to": [16, 15, 16],
			"faces": {
				"north": {"uv": [15, 1, 16, 7], "texture": "#side"},
				"east": {"uv": [15, 1, 16, 7], "texture": "#side"},
				"south": {"uv": [15, 1, 16, 7], "texture": "#side"},
				"west": {"uv": [15, 1, 16, 7], "texture": "#side"},
				"up": {"uv": [15, 1, 16, 7], "texture": "#side"},
				"down": {"uv": [15, 1, 16, 7], "texture": "#side"}
			}
		},
		{
			"from": [15, 9, 0],
			"to": [16, 15, 1],
			"faces": {
				"north": {"uv": [0, 1, 1, 7], "texture": "#side"},
				"east": {"uv": [0, 1, 1, 7], "texture": "#side"},
				"south": {"uv": [0, 1, 1, 7], "texture": "#side"},
				"west": {"uv": [0, 1, 1, 7], "texture": "#side"},
				"up": {"uv": [0, 1, 1, 7], "texture": "#side"},
				"down": {"uv": [0, 1, 1, 7], "texture": "#side"}
			}
		},
		{
			"from": [0, 9, 0],
			"to": [1, 15, 1],
			"faces": {
				"north": {"uv": [0, 1, 1, 7], "texture": "#side"},
				"east": {"uv": [0, 1, 1, 7], "texture": "#side"},
				"south": {"uv": [0, 1, 1, 7], "texture": "#side"},
				"west": {"uv": [0, 1, 1, 7], "texture": "#side"},
				"up": {"uv": [0, 1, 1, 7], "texture": "#side"},
				"down": {"uv": [0, 1, 1, 7], "texture": "#side"}
			}
		},
		{
			"from": [0, 9, 15],
			"to": [1, 15, 16],
			"faces": {
				"north": {"uv": [15, 1, 16, 7], "texture": "#side"},
				"east": {"uv": [15, 1, 16, 7], "texture": "#side"},
				"south": {"uv": [15, 1, 16, 7], "texture": "#side"},
				"west": {"uv": [15, 1, 16, 7], "texture": "#side"},
				"up": {"uv": [15, 1, 16, 7], "texture": "#side"},
				"down": {"uv": [15, 1, 16, 7], "texture": "#side"}
			}
		},
		{
			"from": [0, 1, 15],
			"to": [1, 7, 16],
			"faces": {
				"north": {"uv": [0, 1, 1, 7], "texture": "#side"},
				"east": {"uv": [0, 1, 1, 7], "texture": "#side"},
				"south": {"uv": [0, 1, 1, 7], "texture": "#side"},
				"west": {"uv": [0, 1, 1, 7], "texture": "#side"},
				"up": {"uv": [0, 1, 1, 7], "texture": "#side"},
				"down": {"uv": [0, 1, 1, 7], "texture": "#side"}
			}
		},
		{
			"from": [15, 1, 15],
			"to": [16, 7, 16],
			"faces": {
				"north": {"uv": [15, 1, 16, 7], "texture": "#side"},
				"east": {"uv": [15, 1, 16, 7], "texture": "#side"},
				"south": {"uv": [15, 1, 16, 7], "texture": "#side"},
				"west": {"uv": [15, 1, 16, 7], "texture": "#side"},
				"up": {"uv": [15, 1, 16, 7], "texture": "#side"},
				"down": {"uv": [15, 1, 16, 7], "texture": "#side"}
			}
		},
		{
			"from": [15, 1, 0],
			"to": [16, 7, 1],
			"faces": {
				"north": {"uv": [0, 1, 1, 7], "texture": "#side"},
				"east": {"uv": [0, 1, 1, 7], "texture": "#side"},
				"south": {"uv": [0, 1, 1, 7], "texture": "#side"},
				"west": {"uv": [0, 1, 1, 7], "texture": "#side"},
				"up": {"uv": [0, 1, 1, 7], "texture": "#side"},
				"down": {"uv": [0, 1, 1, 7], "texture": "#side"}
			}
		},
		{
			"from": [0, 1, 0],
			"to": [1, 7, 1],
			"faces": {
				"north": {"uv": [15, 1, 16, 7], "texture": "#side"},
				"east": {"uv": [15, 1, 16, 7], "texture": "#side"},
				"south": {"uv": [15, 1, 16, 7], "texture": "#side"},
				"west": {"uv": [15, 1, 16, 7], "texture": "#side"},
				"up": {"uv": [15, 1, 16, 7], "texture": "#side"},
				"down": {"uv": [15, 1, 16, 7], "texture": "#side"}
			}
		},
		{
			"name": "biggang",
			"from": [1, 1, 1],
			"to": [15, 15, 15],
			"faces": {
				"north": {"uv": [1, 1, 15, 15], "texture": "#side"},
				"east": {"uv": [1, 1, 15, 15], "texture": "#side"},
				"south": {"uv": [1, 1, 15, 15], "texture": "#side"},
				"west": {"uv": [1, 1, 15, 15], "texture": "#side"},
				"up": {"uv": [0, 0, 14, 14], "texture": "#missing"},
				"down": {"uv": [0, 0, 14, 14], "texture": "#missing"}
			}
		},
		{
			"from": [15, 1, 13],
			"to": [15.6, 6, 15],
			"faces": {
				"north": {"uv": [2, 10, 3, 15], "texture": "#side"},
				"east": {"uv": [1, 10, 3, 15], "texture": "#side"},
				"south": {"uv": [0, 0, 1, 5], "texture": "#missing"},
				"west": {"uv": [0, 0, 2, 5], "texture": "#missing"},
				"up": {"uv": [1, 13, 2, 15], "rotation": 180, "texture": "#side"},
				"down": {"uv": [0, 0, 1, 2], "rotation": 180, "texture": "#missing"}
			}
		},
		{
			"from": [14.6, 1, 10],
			"to": [15.6, 5, 12],
			"faces": {
				"north": {"uv": [5, 11, 6, 15], "texture": "#side"},
				"east": {"uv": [4, 11, 6, 15], "texture": "#side"},
				"south": {"uv": [4, 11, 5, 15], "texture": "#side"},
				"west": {"uv": [0, 0, 2, 5], "texture": "#missing"},
				"up": {"uv": [4, 12, 5, 14], "rotation": 180, "texture": "#side"},
				"down": {"uv": [0, 0, 1, 2], "rotation": 180, "texture": "#missing"}
			}
		},
		{
			"from": [15, 9, 1],
			"to": [16.2, 14, 3],
			"faces": {
				"north": {"uv": [14, 2, 15, 7], "texture": "#side"},
				"east": {"uv": [13, 2, 15, 7], "texture": "#side"},
				"south": {"uv": [13, 2, 14, 7], "texture": "#side"},
				"west": {"uv": [0, 0, 2, 5], "texture": "#missing"},
				"up": {"uv": [13, 5, 14, 7], "rotation": 180, "texture": "#side"},
				"down": {"uv": [13, 5, 14, 7], "rotation": 180, "texture": "#side"}
			}
		},
		{
			"from": [15, 1, 12],
			"to": [15.8, 4, 13],
			"faces": {
				"north": {"uv": [3, 12, 4, 15], "texture": "#side"},
				"east": {"uv": [3, 12, 4, 15], "texture": "#side"},
				"south": {"uv": [3, 12, 4, 15], "texture": "#side"},
				"west": {"uv": [3, 12, 4, 15], "texture": "#side"},
				"up": {"uv": [3, 12, 4, 13], "texture": "#side"},
				"down": {"uv": [3, 12, 4, 15], "texture": "#side"}
			}
		},
		{
			"from": [15, 9, 3],
			"to": [15.6, 11, 9],
			"faces": {
				"north": {"uv": [0, 0, 0.6, 2], "texture": "#missing"},
				"east": {"uv": [7, 5, 13, 7], "texture": "#side"},
				"south": {"uv": [7, 5, 7.6, 7], "texture": "#side"},
				"west": {"uv": [0, 0, 6, 2], "texture": "#missing"},
				"up": {"uv": [8, 6, 9, 7], "texture": "#side"},
				"down": {"uv": [0, 0, 0.6, 6], "texture": "#missing"}
			}
		},
		{
			"from": [15, 1, 3],
			"to": [15.6, 2, 6],
			"faces": {
				"north": {"uv": [12, 14, 13, 15], "texture": "#side"},
				"east": {"uv": [10, 14, 13, 15], "texture": "#side"},
				"south": {"uv": [10, 14, 11, 15], "texture": "#side"},
				"west": {"uv": [10, 14, 13, 15], "texture": "#side"},
				"up": {"uv": [10, 14, 13, 15], "texture": "#side"},
				"down": {"uv": [10, 14, 13, 15], "texture": "#side"}
			}
		},
		{
			"from": [15, 2, 6],
			"to": [15.6, 3, 8],
			"faces": {
				"north": {"uv": [8, 13, 9, 14], "texture": "#side"},
				"east": {"uv": [8, 13, 9, 14], "texture": "#side"},
				"south": {"uv": [8, 13, 9, 14], "texture": "#side"},
				"west": {"uv": [8, 13, 9, 14], "texture": "#side"},
				"up": {"uv": [8, 13, 9, 14], "texture": "#side"},
				"down": {"uv": [8, 13, 9, 14], "texture": "#side"}
			}
		},
		{
			"from": [15, 4, 6],
			"to": [15.6, 5, 8],
			"faces": {
				"north": {"uv": [8, 13, 9, 14], "texture": "#side"},
				"east": {"uv": [8, 13, 9, 14], "texture": "#side"},
				"south": {"uv": [8, 13, 9, 14], "texture": "#side"},
				"west": {"uv": [8, 13, 9, 14], "texture": "#side"},
				"up": {"uv": [8, 13, 9, 14], "texture": "#side"},
				"down": {"uv": [8, 13, 9, 14], "texture": "#side"}
			}
		},
		{
			"from": [15, 2, 2],
			"to": [15.6, 5, 3],
			"faces": {
				"north": {"uv": [13, 11, 14, 14], "texture": "#side"},
				"east": {"uv": [13, 11, 14, 14], "texture": "#side"},
				"south": {"uv": [13, 11, 14, 14], "texture": "#side"},
				"west": {"uv": [10, 14, 13, 15], "texture": "#side"},
				"up": {"uv": [10, 14, 13, 15], "texture": "#side"},
				"down": {"uv": [10, 14, 13, 15], "texture": "#side"}
			}
		},
		{
			"from": [15, 2, 8],
			"to": [15.8, 5, 9],
			"faces": {
				"north": {"uv": [7, 11, 8, 14], "texture": "#side"},
				"east": {"uv": [7, 11, 8, 14], "texture": "#side"},
				"south": {"uv": [7, 11, 8, 14], "texture": "#side"},
				"west": {"uv": [7, 11, 8, 14], "texture": "#side"},
				"up": {"uv": [7, 11, 8, 12], "texture": "#side"},
				"down": {"uv": [7, 13, 8, 14], "texture": "#side"}
			}
		},
		{
			"from": [15, 5, 3],
			"to": [15.6, 6, 6],
			"faces": {
				"north": {"uv": [12, 14, 13, 15], "texture": "#side"},
				"east": {"uv": [10, 10, 13, 11], "texture": "#side"},
				"south": {"uv": [10, 14, 11, 15], "texture": "#side"},
				"west": {"uv": [10, 14, 13, 15], "texture": "#side"},
				"up": {"uv": [10, 10, 13, 11], "texture": "#side"},
				"down": {"uv": [10, 14, 13, 15], "texture": "#side"}
			}
		},
		{
			"from": [15, 2, 3],
			"to": [15.4, 5, 6],
			"faces": {
				"north": {"uv": [0, 0, 0.4, 3], "texture": "#missing"},
				"east": {"uv": [10, 11, 13, 14], "texture": "#side"},
				"south": {"uv": [10, 11, 10.4, 14], "texture": "#side"},
				"west": {"uv": [0, 0, 3, 3], "texture": "#missing"},
				"up": {"uv": [0, 0, 0.4, 3], "texture": "#missing"},
				"down": {"uv": [0, 0, 0.4, 3], "texture": "#missing"}
			}
		},
		{
			"from": [15, 3, 6],
			"to": [15.4, 4, 8],
			"faces": {
				"north": {"uv": [8, 12, 10, 13], "texture": "#side"},
				"east": {"uv": [8, 12, 10, 13], "texture": "#side"},
				"south": {"uv": [8, 12, 10, 13], "texture": "#side"},
				"west": {"uv": [8, 12, 10, 13], "texture": "#side"},
				"up": {"uv": [8, 12, 10, 13], "texture": "#side"},
				"down": {"uv": [8, 12, 10, 13], "texture": "#side"}
			}
		},
		{
			"from": [13, 1, 0.4],
			"to": [15, 6, 0.9],
			"faces": {
				"north": {"uv": [1, 10, 3, 15], "texture": "#side"},
				"east": {"uv": [0, 0, 1, 5], "texture": "#missing"},
				"south": {"uv": [0, 0, 2, 5], "texture": "#missing"},
				"west": {"uv": [2, 10, 3, 15], "texture": "#side"},
				"up": {"uv": [1, 13, 2, 15], "rotation": 90, "texture": "#side"},
				"down": {"uv": [0, 0, 1, 2], "rotation": 270, "texture": "#missing"}
			}
		},
		{
			"from": [10, 1, 0.4],
			"to": [12, 5, 1.4],
			"faces": {
				"north": {"uv": [4, 11, 6, 15], "texture": "#side"},
				"east": {"uv": [4, 11, 5, 15], "texture": "#side"},
				"south": {"uv": [0, 0, 2, 5], "texture": "#missing"},
				"west": {"uv": [5, 11, 6, 15], "texture": "#side"},
				"up": {"uv": [4, 12, 5, 14], "rotation": 90, "texture": "#side"},
				"down": {"uv": [0, 0, 1, 2], "rotation": 270, "texture": "#missing"}
			}
		},
		{
			"from": [1, 9, -0.2],
			"to": [3, 14, 1],
			"faces": {
				"north": {"uv": [13, 2, 15, 7], "texture": "#side"},
				"east": {"uv": [13, 2, 14, 7], "texture": "#side"},
				"south": {"uv": [0, 0, 2, 5], "texture": "#missing"},
				"west": {"uv": [14, 2, 15, 7], "texture": "#side"},
				"up": {"uv": [13, 5, 14, 7], "rotation": 90, "texture": "#side"},
				"down": {"uv": [13, 5, 14, 7], "rotation": 270, "texture": "#side"}
			}
		},
		{
			"from": [12, 1, 0.2],
			"to": [13, 4, 1],
			"faces": {
				"north": {"uv": [3, 12, 4, 15], "texture": "#side"},
				"east": {"uv": [3, 12, 4, 15], "texture": "#side"},
				"south": {"uv": [3, 12, 4, 15], "texture": "#side"},
				"west": {"uv": [3, 12, 4, 15], "texture": "#side"},
				"up": {"uv": [3, 12, 4, 13], "rotation": 270, "texture": "#side"},
				"down": {"uv": [3, 12, 4, 15], "rotation": 90, "texture": "#side"}
			}
		},
		{
			"from": [3, 9, 0.4],
			"to": [9, 11, 1],
			"faces": {
				"north": {"uv": [7, 5, 13, 7], "texture": "#side"},
				"east": {"uv": [7, 5, 7.6, 7], "texture": "#side"},
				"south": {"uv": [0, 0, 6, 2], "texture": "#missing"},
				"west": {"uv": [0, 0, 0.6, 2], "texture": "#missing"},
				"up": {"uv": [8, 6, 9, 7], "rotation": 270, "texture": "#side"},
				"down": {"uv": [0, 0, 0.6, 6], "rotation": 90, "texture": "#missing"}
			}
		},
		{
			"from": [3, 1, 0.4],
			"to": [6, 2, 1],
			"faces": {
				"north": {"uv": [10, 14, 13, 15], "texture": "#side"},
				"east": {"uv": [10, 14, 11, 15], "texture": "#side"},
				"south": {"uv": [10, 14, 13, 15], "texture": "#side"},
				"west": {"uv": [12, 14, 13, 15], "texture": "#side"},
				"up": {"uv": [10, 14, 13, 15], "rotation": 270, "texture": "#side"},
				"down": {"uv": [10, 14, 13, 15], "rotation": 90, "texture": "#side"}
			}
		},
		{
			"from": [6, 2, 0.4],
			"to": [8, 3, 1],
			"faces": {
				"north": {"uv": [8, 13, 9, 14], "texture": "#side"},
				"east": {"uv": [8, 13, 9, 14], "texture": "#side"},
				"south": {"uv": [8, 13, 9, 14], "texture": "#side"},
				"west": {"uv": [8, 13, 9, 14], "texture": "#side"},
				"up": {"uv": [8, 13, 9, 14], "rotation": 270, "texture": "#side"},
				"down": {"uv": [8, 13, 9, 14], "rotation": 90, "texture": "#side"}
			}
		},
		{
			"from": [6, 4, 0.4],
			"to": [8, 5, 1],
			"faces": {
				"north": {"uv": [8, 13, 9, 14], "texture": "#side"},
				"east": {"uv": [8, 13, 9, 14], "texture": "#side"},
				"south": {"uv": [8, 13, 9, 14], "texture": "#side"},
				"west": {"uv": [8, 13, 9, 14], "texture": "#side"},
				"up": {"uv": [8, 13, 9, 14], "rotation": 270, "texture": "#side"},
				"down": {"uv": [8, 13, 9, 14], "rotation": 90, "texture": "#side"}
			}
		},
		{
			"from": [2, 2, 0.4],
			"to": [3, 5, 1],
			"faces": {
				"north": {"uv": [13, 11, 14, 14], "texture": "#side"},
				"east": {"uv": [13, 11, 14, 14], "texture": "#side"},
				"south": {"uv": [10, 14, 13, 15], "texture": "#side"},
				"west": {"uv": [13, 11, 14, 14], "texture": "#side"},
				"up": {"uv": [10, 14, 13, 15], "rotation": 270, "texture": "#side"},
				"down": {"uv": [10, 14, 13, 15], "rotation": 90, "texture": "#side"}
			}
		},
		{
			"from": [8, 2, 0.2],
			"to": [9, 5, 1],
			"faces": {
				"north": {"uv": [7, 11, 8, 14], "texture": "#side"},
				"east": {"uv": [7, 11, 8, 14], "texture": "#side"},
				"south": {"uv": [7, 11, 8, 14], "texture": "#side"},
				"west": {"uv": [7, 11, 8, 14], "texture": "#side"},
				"up": {"uv": [7, 11, 8, 12], "rotation": 270, "texture": "#side"},
				"down": {"uv": [7, 13, 8, 14], "rotation": 90, "texture": "#side"}
			}
		},
		{
			"from": [3, 5, 0.4],
			"to": [6, 6, 1],
			"faces": {
				"north": {"uv": [10, 10, 13, 11], "texture": "#side"},
				"east": {"uv": [10, 14, 11, 15], "texture": "#side"},
				"south": {"uv": [10, 14, 13, 15], "texture": "#side"},
				"west": {"uv": [12, 14, 13, 15], "texture": "#side"},
				"up": {"uv": [10, 10, 13, 11], "rotation": 270, "texture": "#side"},
				"down": {"uv": [10, 14, 13, 15], "rotation": 90, "texture": "#side"}
			}
		},
		{
			"from": [3, 2, 0.6],
			"to": [6, 5, 1],
			"faces": {
				"north": {"uv": [10, 11, 13, 14], "texture": "#side"},
				"east": {"uv": [10, 11, 10.4, 14], "texture": "#side"},
				"south": {"uv": [0, 0, 3, 3], "texture": "#missing"},
				"west": {"uv": [0, 0, 0.4, 3], "texture": "#missing"},
				"up": {"uv": [0, 0, 0.4, 3], "rotation": 270, "texture": "#missing"},
				"down": {"uv": [0, 0, 0.4, 3], "rotation": 90, "texture": "#missing"}
			}
		},
		{
			"from": [6, 3, 0.6],
			"to": [8, 4, 1],
			"faces": {
				"north": {"uv": [8, 12, 10, 13], "texture": "#side"},
				"east": {"uv": [8, 12, 10, 13], "texture": "#side"},
				"south": {"uv": [8, 12, 10, 13], "texture": "#side"},
				"west": {"uv": [8, 12, 10, 13], "texture": "#side"},
				"up": {"uv": [8, 12, 10, 13], "rotation": 270, "texture": "#side"},
				"down": {"uv": [8, 12, 10, 13], "rotation": 90, "texture": "#side"}
			}
		},
		{
			"from": [0.4, 1, 1],
			"to": [1, 6, 3],
			"faces": {
				"north": {"uv": [0, 0, 1, 5], "texture": "#missing"},
				"east": {"uv": [0, 0, 2, 5], "texture": "#missing"},
				"south": {"uv": [2, 10, 3, 15], "texture": "#side"},
				"west": {"uv": [1, 10, 3, 15], "texture": "#side"},
				"up": {"uv": [1, 13, 2, 15], "texture": "#side"},
				"down": {"uv": [0, 0, 1, 2], "texture": "#missing"}
			}
		},
		{
			"from": [0.4, 1, 4],
			"to": [1.4, 5, 6],
			"faces": {
				"north": {"uv": [4, 11, 5, 15], "texture": "#side"},
				"east": {"uv": [0, 0, 2, 5], "texture": "#missing"},
				"south": {"uv": [5, 11, 6, 15], "texture": "#side"},
				"west": {"uv": [4, 11, 6, 15], "texture": "#side"},
				"up": {"uv": [4, 12, 5, 14], "texture": "#side"},
				"down": {"uv": [0, 0, 1, 2], "texture": "#missing"}
			}
		},
		{
			"from": [-0.2, 9, 13],
			"to": [1, 14, 15],
			"faces": {
				"north": {"uv": [13, 2, 14, 7], "texture": "#side"},
				"east": {"uv": [0, 0, 2, 5], "texture": "#missing"},
				"south": {"uv": [14, 2, 15, 7], "texture": "#side"},
				"west": {"uv": [13, 2, 15, 7], "texture": "#side"},
				"up": {"uv": [13, 5, 14, 7], "texture": "#side"},
				"down": {"uv": [13, 5, 14, 7], "texture": "#side"}
			}
		},
		{
			"from": [0.2, 1, 3],
			"to": [1, 4, 4],
			"faces": {
				"north": {"uv": [3, 12, 4, 15], "texture": "#side"},
				"east": {"uv": [3, 12, 4, 15], "texture": "#side"},
				"south": {"uv": [3, 12, 4, 15], "texture": "#side"},
				"west": {"uv": [3, 12, 4, 15], "texture": "#side"},
				"up": {"uv": [3, 12, 4, 13], "rotation": 180, "texture": "#side"},
				"down": {"uv": [3, 12, 4, 15], "rotation": 180, "texture": "#side"}
			}
		},
		{
			"from": [0.4, 9, 7],
			"to": [1, 11, 13],
			"faces": {
				"north": {"uv": [7, 5, 7.6, 7], "texture": "#side"},
				"east": {"uv": [0, 0, 6, 2], "texture": "#missing"},
				"south": {"uv": [0, 0, 0.6, 2], "texture": "#missing"},
				"west": {"uv": [7, 5, 13, 7], "texture": "#side"},
				"up": {"uv": [8, 6, 9, 7], "rotation": 180, "texture": "#side"},
				"down": {"uv": [0, 0, 0.6, 6], "rotation": 180, "texture": "#missing"}
			}
		},
		{
			"from": [0.4, 1, 10],
			"to": [1, 2, 13],
			"faces": {
				"north": {"uv": [10, 14, 11, 15], "texture": "#side"},
				"east": {"uv": [10, 14, 13, 15], "texture": "#side"},
				"south": {"uv": [12, 14, 13, 15], "texture": "#side"},
				"west": {"uv": [10, 14, 13, 15], "texture": "#side"},
				"up": {"uv": [10, 14, 13, 15], "rotation": 180, "texture": "#side"},
				"down": {"uv": [10, 14, 13, 15], "rotation": 180, "texture": "#side"}
			}
		},
		{
			"from": [0.4, 2, 8],
			"to": [1, 3, 10],
			"faces": {
				"north": {"uv": [8, 13, 9, 14], "texture": "#side"},
				"east": {"uv": [8, 13, 9, 14], "texture": "#side"},
				"south": {"uv": [8, 13, 9, 14], "texture": "#side"},
				"west": {"uv": [8, 13, 9, 14], "texture": "#side"},
				"up": {"uv": [8, 13, 9, 14], "rotation": 180, "texture": "#side"},
				"down": {"uv": [8, 13, 9, 14], "rotation": 180, "texture": "#side"}
			}
		},
		{
			"from": [0.4, 4, 8],
			"to": [1, 5, 10],
			"faces": {
				"north": {"uv": [8, 13, 9, 14], "texture": "#side"},
				"east": {"uv": [8, 13, 9, 14], "texture": "#side"},
				"south": {"uv": [8, 13, 9, 14], "texture": "#side"},
				"west": {"uv": [8, 13, 9, 14], "texture": "#side"},
				"up": {"uv": [8, 13, 9, 14], "rotation": 180, "texture": "#side"},
				"down": {"uv": [8, 13, 9, 14], "rotation": 180, "texture": "#side"}
			}
		},
		{
			"from": [0.4, 2, 13],
			"to": [1, 5, 14],
			"faces": {
				"north": {"uv": [13, 11, 14, 14], "texture": "#side"},
				"east": {"uv": [10, 14, 13, 15], "texture": "#side"},
				"south": {"uv": [13, 11, 14, 14], "texture": "#side"},
				"west": {"uv": [13, 11, 14, 14], "texture": "#side"},
				"up": {"uv": [10, 14, 13, 15], "rotation": 180, "texture": "#side"},
				"down": {"uv": [10, 14, 13, 15], "rotation": 180, "texture": "#side"}
			}
		},
		{
			"from": [0.2, 2, 7],
			"to": [1, 5, 8],
			"faces": {
				"north": {"uv": [7, 11, 8, 14], "texture": "#side"},
				"east": {"uv": [7, 11, 8, 14], "texture": "#side"},
				"south": {"uv": [7, 11, 8, 14], "texture": "#side"},
				"west": {"uv": [7, 11, 8, 14], "texture": "#side"},
				"up": {"uv": [7, 11, 8, 12], "rotation": 180, "texture": "#side"},
				"down": {"uv": [7, 13, 8, 14], "rotation": 180, "texture": "#side"}
			}
		},
		{
			"from": [0.4, 5, 10],
			"to": [1, 6, 13],
			"faces": {
				"north": {"uv": [10, 14, 11, 15], "texture": "#side"},
				"east": {"uv": [10, 14, 13, 15], "texture": "#side"},
				"south": {"uv": [12, 14, 13, 15], "texture": "#side"},
				"west": {"uv": [10, 10, 13, 11], "texture": "#side"},
				"up": {"uv": [10, 10, 13, 11], "rotation": 180, "texture": "#side"},
				"down": {"uv": [10, 14, 13, 15], "rotation": 180, "texture": "#side"}
			}
		},
		{
			"from": [0.6, 2, 10],
			"to": [1, 5, 13],
			"faces": {
				"north": {"uv": [10, 11, 10.4, 14], "texture": "#side"},
				"east": {"uv": [0, 0, 3, 3], "texture": "#missing"},
				"south": {"uv": [0, 0, 0.4, 3], "texture": "#missing"},
				"west": {"uv": [10, 11, 13, 14], "texture": "#side"},
				"up": {"uv": [0, 0, 0.4, 3], "rotation": 180, "texture": "#missing"},
				"down": {"uv": [0, 0, 0.4, 3], "rotation": 180, "texture": "#missing"}
			}
		},
		{
			"from": [0.6, 3, 8],
			"to": [1, 4, 10],
			"faces": {
				"north": {"uv": [8, 12, 10, 13], "texture": "#side"},
				"east": {"uv": [8, 12, 10, 13], "texture": "#side"},
				"south": {"uv": [8, 12, 10, 13], "texture": "#side"},
				"west": {"uv": [8, 12, 10, 13], "texture": "#side"},
				"up": {"uv": [8, 12, 10, 13], "rotation": 180, "texture": "#side"},
				"down": {"uv": [8, 12, 10, 13], "rotation": 180, "texture": "#side"}
			}
		},
		{
			"from": [1, 1, 15],
			"to": [3, 6, 15.6],
			"faces": {
				"north": {"uv": [0, 0, 2, 5], "texture": "#missing"},
				"east": {"uv": [2, 10, 3, 15], "texture": "#side"},
				"south": {"uv": [1, 10, 3, 15], "texture": "#side"},
				"west": {"uv": [0, 0, 1, 5], "texture": "#missing"},
				"up": {"uv": [1, 13, 2, 15], "rotation": 270, "texture": "#side"},
				"down": {"uv": [0, 0, 1, 2], "rotation": 90, "texture": "#missing"}
			}
		},
		{
			"from": [4, 1, 14.6],
			"to": [6, 5, 15.6],
			"faces": {
				"north": {"uv": [0, 0, 2, 5], "texture": "#missing"},
				"east": {"uv": [5, 11, 6, 15], "texture": "#side"},
				"south": {"uv": [4, 11, 6, 15], "texture": "#side"},
				"west": {"uv": [4, 11, 5, 15], "texture": "#side"},
				"up": {"uv": [4, 12, 5, 14], "rotation": 270, "texture": "#side"},
				"down": {"uv": [0, 0, 1, 2], "rotation": 90, "texture": "#missing"}
			}
		},
		{
			"from": [13, 9, 15],
			"to": [15, 14, 16.2],
			"faces": {
				"north": {"uv": [0, 0, 2, 5], "texture": "#missing"},
				"east": {"uv": [14, 2, 15, 7], "texture": "#side"},
				"south": {"uv": [13, 2, 15, 7], "texture": "#side"},
				"west": {"uv": [13, 2, 14, 7], "texture": "#side"},
				"up": {"uv": [13, 5, 14, 7], "rotation": 270, "texture": "#side"},
				"down": {"uv": [13, 5, 14, 7], "rotation": 90, "texture": "#side"}
			}
		},
		{
			"from": [3, 1, 15],
			"to": [4, 4, 15.8],
			"faces": {
				"north": {"uv": [3, 12, 4, 15], "texture": "#side"},
				"east": {"uv": [3, 12, 4, 15], "texture": "#side"},
				"south": {"uv": [3, 12, 4, 15], "texture": "#side"},
				"west": {"uv": [3, 12, 4, 15], "texture": "#side"},
				"up": {"uv": [3, 12, 4, 13], "rotation": 90, "texture": "#side"},
				"down": {"uv": [3, 12, 4, 15], "rotation": 270, "texture": "#side"}
			}
		},
		{
			"from": [7, 9, 15],
			"to": [13, 11, 15.6],
			"faces": {
				"north": {"uv": [0, 0, 6, 2], "texture": "#missing"},
				"east": {"uv": [0, 0, 0.6, 2], "texture": "#missing"},
				"south": {"uv": [7, 5, 13, 7], "texture": "#side"},
				"west": {"uv": [7, 5, 7.6, 7], "texture": "#side"},
				"up": {"uv": [8, 6, 9, 7], "rotation": 90, "texture": "#side"},
				"down": {"uv": [0, 0, 0.6, 6], "rotation": 270, "texture": "#missing"}
			}
		},
		{
			"from": [10, 1, 15],
			"to": [13, 2, 15.6],
			"faces": {
				"north": {"uv": [10, 14, 13, 15], "texture": "#side"},
				"east": {"uv": [12, 14, 13, 15], "texture": "#side"},
				"south": {"uv": [10, 14, 13, 15], "texture": "#side"},
				"west": {"uv": [10, 14, 11, 15], "texture": "#side"},
				"up": {"uv": [10, 14, 13, 15], "rotation": 90, "texture": "#side"},
				"down": {"uv": [10, 14, 13, 15], "rotation": 270, "texture": "#side"}
			}
		},
		{
			"from": [8, 2, 15],
			"to": [10, 3, 15.6],
			"faces": {
				"north": {"uv": [8, 13, 9, 14], "texture": "#side"},
				"east": {"uv": [8, 13, 9, 14], "texture": "#side"},
				"south": {"uv": [8, 13, 9, 14], "texture": "#side"},
				"west": {"uv": [8, 13, 9, 14], "texture": "#side"},
				"up": {"uv": [8, 13, 9, 14], "rotation": 90, "texture": "#side"},
				"down": {"uv": [8, 13, 9, 14], "rotation": 270, "texture": "#side"}
			}
		},
		{
			"from": [8, 4, 15],
			"to": [10, 5, 15.6],
			"faces": {
				"north": {"uv": [8, 13, 9, 14], "texture": "#side"},
				"east": {"uv": [8, 13, 9, 14], "texture": "#side"},
				"south": {"uv": [8, 13, 9, 14], "texture": "#side"},
				"west": {"uv": [8, 13, 9, 14], "texture": "#side"},
				"up": {"uv": [8, 13, 9, 14], "rotation": 90, "texture": "#side"},
				"down": {"uv": [8, 13, 9, 14], "rotation": 270, "texture": "#side"}
			}
		},
		{
			"from": [13, 2, 15],
			"to": [14, 5, 15.6],
			"faces": {
				"north": {"uv": [10, 14, 13, 15], "texture": "#side"},
				"east": {"uv": [13, 11, 14, 14], "texture": "#side"},
				"south": {"uv": [13, 11, 14, 14], "texture": "#side"},
				"west": {"uv": [13, 11, 14, 14], "texture": "#side"},
				"up": {"uv": [10, 14, 13, 15], "rotation": 90, "texture": "#side"},
				"down": {"uv": [10, 14, 13, 15], "rotation": 270, "texture": "#side"}
			}
		},
		{
			"from": [7, 2, 15],
			"to": [8, 5, 15.8],
			"faces": {
				"north": {"uv": [7, 11, 8, 14], "texture": "#side"},
				"east": {"uv": [7, 11, 8, 14], "texture": "#side"},
				"south": {"uv": [7, 11, 8, 14], "texture": "#side"},
				"west": {"uv": [7, 11, 8, 14], "texture": "#side"},
				"up": {"uv": [7, 11, 8, 12], "rotation": 90, "texture": "#side"},
				"down": {"uv": [7, 13, 8, 14], "rotation": 270, "texture": "#side"}
			}
		},
		{
			"from": [10, 5, 15],
			"to": [13, 6, 15.6],
			"faces": {
				"north": {"uv": [10, 14, 13, 15], "texture": "#side"},
				"east": {"uv": [12, 14, 13, 15], "texture": "#side"},
				"south": {"uv": [10, 10, 13, 11], "texture": "#side"},
				"west": {"uv": [10, 14, 11, 15], "texture": "#side"},
				"up": {"uv": [10, 10, 13, 11], "rotation": 90, "texture": "#side"},
				"down": {"uv": [10, 14, 13, 15], "rotation": 270, "texture": "#side"}
			}
		},
		{
			"from": [10, 2, 15],
			"to": [13, 5, 15.4],
			"faces": {
				"north": {"uv": [0, 0, 3, 3], "texture": "#missing"},
				"east": {"uv": [0, 0, 0.4, 3], "texture": "#missing"},
				"south": {"uv": [10, 11, 13, 14], "texture": "#side"},
				"west": {"uv": [10, 11, 10.4, 14], "texture": "#side"},
				"up": {"uv": [0, 0, 0.4, 3], "rotation": 90, "texture": "#missing"},
				"down": {"uv": [0, 0, 0.4, 3], "rotation": 270, "texture": "#missing"}
			}
		},
		{
			"from": [8, 3, 15],
			"to": [10, 4, 15.4],
			"faces": {
				"north": {"uv": [8, 12, 10, 13], "texture": "#side"},
				"east": {"uv": [8, 12, 10, 13], "texture": "#side"},
				"south": {"uv": [8, 12, 10, 13], "texture": "#side"},
				"west": {"uv": [8, 12, 10, 13], "texture": "#side"},
				"up": {"uv": [8, 12, 10, 13], "rotation": 90, "texture": "#side"},
				"down": {"uv": [8, 12, 10, 13], "rotation": 270, "texture": "#side"}
			}
		}
	],
	"groups": [
		{
			"name": "scaffold",
			"origin": [0, 0, 0],
			"children": [0, 1, 2, 3, 4, 5, 6, 7, 8, 9, 10, 11]
		},
		{
			"name": "books",
			"origin": [8, 8, 8],
			"children": [12, 13, 14, 15, 16, 17, 18, 19, 20, 21, 22, 23, 24]
		},
		{
			"name": "books",
			"origin": [8, 8, 8],
			"children": [25, 26, 27, 28, 29, 30, 31, 32, 33, 34, 35, 36, 37]
		},
		{
			"name": "books",
			"origin": [8, 8, 8],
			"children": [38, 39, 40, 41, 42, 43, 44, 45, 46, 47, 48, 49, 50]
		},
		{
			"name": "books",
			"origin": [8, 8, 8],
			"children": [51, 52, 53, 54, 55, 56, 57, 58, 59, 60, 61, 62, 63]
		}
	]
}