{
	"credit": "Made with Blockbench",
	"parent": "block/cube_column",
	"textures": {
		"end": "block/oak_planks",
		"side": "block/bookshelf6"
	},
	"elements": [
		{
			"from": [0, 15, 0],
			"to": [16, 16, 16],
			"faces": {
				"north": {"uv": [0, 0, 16, 1], "texture": "#side"},
				"east": {"uv": [0, 0, 16, 1], "texture": "#side"},
				"south": {"uv": [0, 0, 16, 1], "texture": "#side"},
				"west": {"uv": [0, 0, 16, 1], "texture": "#side"},
				"up": {"uv": [0, 0, 16, 16], "texture": "#end"},
				"down": {"uv": [0, 0, 16, 16], "texture": "#end"}
			}
		},
		{
			"from": [0, 0, 0],
			"to": [16, 1, 16],
			"faces": {
				"north": {"uv": [0, 15, 16, 16], "texture": "#side"},
				"east": {"uv": [0, 15, 16, 16], "texture": "#side"},
				"south": {"uv": [0, 15, 16, 16], "texture": "#side"},
				"west": {"uv": [0, 15, 16, 16], "texture": "#side"},
				"up": {"uv": [0, 0, 16, 16], "texture": "#end"},
				"down": {"uv": [0, 0, 16, 16], "texture": "#end"}
			}
		},
		{
			"from": [0, 7, 0],
			"to": [16, 9, 16],
			"faces": {
				"north": {"uv": [0, 7, 16, 9], "texture": "#side"},
				"east": {"uv": [0, 7, 16, 9], "texture": "#side"},
				"south": {"uv": [0, 7, 16, 9], "texture": "#side"},
				"west": {"uv": [0, 7, 16, 9], "texture": "#side"},
				"up": {"uv": [0, 0, 16, 16], "texture": "#end"},
				"down": {"uv": [0, 0, 16, 16], "texture": "#end"}
			}
		},
		{
			"from": [15, 9, 15],
			"to": [16, 15, 16],
			"faces": {
				"north": {"uv": [15, 1, 16, 7], "texture": "#side"},
				"east": {"uv": [15, 1, 16, 7], "texture": "#side"},
				"south": {"uv": [15, 1, 16, 7], "texture": "#side"},
				"west": {"uv": [15, 1, 16, 7], "texture": "#side"},
				"up": {"uv": [15, 1, 16, 7], "texture": "#side"},
				"down": {"uv": [15, 1, 16, 7], "texture": "#side"}
			}
		},
		{
			"from": [15, 9, 0],
			"to": [16, 15, 1],
			"faces": {
				"north": {"uv": [0, 1, 1, 7], "texture": "#side"},
				"east": {"uv": [0, 1, 1, 7], "texture": "#side"},
				"south": {"uv": [0, 1, 1, 7], "texture": "#side"},
				"west": {"uv": [0, 1, 1, 7], "texture": "#side"},
				"up": {"uv": [0, 1, 1, 7], "texture": "#side"},
				"down": {"uv": [0, 1, 1, 7], "texture": "#side"}
			}
		},
		{
			"from": [0, 9, 0],
			"to": [1, 15, 1],
			"faces": {
				"north": {"uv": [0, 1, 1, 7], "texture": "#side"},
				"east": {"uv": [0, 1, 1, 7], "texture": "#side"},
				"south": {"uv": [0, 1, 1, 7], "texture": "#side"},
				"west": {"uv": [0, 1, 1, 7], "texture": "#side"},
				"up": {"uv": [0, 1, 1, 7], "texture": "#side"},
				"down": {"uv": [0, 1, 1, 7], "texture": "#side"}
			}
		},
		{
			"from": [0, 9, 15],
			"to": [1, 15, 16],
			"faces": {
				"north": {"uv": [15, 1, 16, 7], "texture": "#side"},
				"east": {"uv": [15, 1, 16, 7], "texture": "#side"},
				"south": {"uv": [15, 1, 16, 7], "texture": "#side"},
				"west": {"uv": [15, 1, 16, 7], "texture": "#side"},
				"up": {"uv": [15, 1, 16, 7], "texture": "#side"},
				"down": {"uv": [15, 1, 16, 7], "texture": "#side"}
			}
		},
		{
			"from": [0, 1, 15],
			"to": [1, 7, 16],
			"faces": {
				"north": {"uv": [0, 1, 1, 7], "texture": "#side"},
				"east": {"uv": [0, 1, 1, 7], "texture": "#side"},
				"south": {"uv": [0, 1, 1, 7], "texture": "#side"},
				"west": {"uv": [0, 1, 1, 7], "texture": "#side"},
				"up": {"uv": [0, 1, 1, 7], "texture": "#side"},
				"down": {"uv": [0, 1, 1, 7], "texture": "#side"}
			}
		},
		{
			"from": [15, 1, 15],
			"to": [16, 7, 16],
			"faces": {
				"north": {"uv": [15, 1, 16, 7], "texture": "#side"},
				"east": {"uv": [15, 1, 16, 7], "texture": "#side"},
				"south": {"uv": [15, 1, 16, 7], "texture": "#side"},
				"west": {"uv": [15, 1, 16, 7], "texture": "#side"},
				"up": {"uv": [15, 1, 16, 7], "texture": "#side"},
				"down": {"uv": [15, 1, 16, 7], "texture": "#side"}
			}
		},
		{
			"from": [15, 1, 0],
			"to": [16, 7, 1],
			"faces": {
				"north": {"uv": [0, 1, 1, 7], "texture": "#side"},
				"east": {"uv": [0, 1, 1, 7], "texture": "#side"},
				"south": {"uv": [0, 1, 1, 7], "texture": "#side"},
				"west": {"uv": [0, 1, 1, 7], "texture": "#side"},
				"up": {"uv": [0, 1, 1, 7], "texture": "#side"},
				"down": {"uv": [0, 1, 1, 7], "texture": "#side"}
			}
		},
		{
			"from": [0, 1, 0],
			"to": [1, 7, 1],
			"faces": {
				"north": {"uv": [15, 1, 16, 7], "texture": "#side"},
				"east": {"uv": [15, 1, 16, 7], "texture": "#side"},
				"south": {"uv": [15, 1, 16, 7], "texture": "#side"},
				"west": {"uv": [15, 1, 16, 7], "texture": "#side"},
				"up": {"uv": [15, 1, 16, 7], "texture": "#side"},
				"down": {"uv": [15, 1, 16, 7], "texture": "#side"}
			}
		},
		{
			"name": "biggang",
			"from": [1, 1, 1],
			"to": [15, 15, 15],
			"faces": {
				"north": {"uv": [1, 1, 15, 15], "texture": "#side"},
				"east": {"uv": [1, 1, 15, 15], "texture": "#side"},
				"south": {"uv": [1, 1, 15, 15], "texture": "#side"},
				"west": {"uv": [1, 1, 15, 15], "texture": "#side"},
				"up": {"uv": [0, 0, 14, 14], "texture": "#missing"},
				"down": {"uv": [0, 0, 14, 14], "texture": "#missing"}
			}
		},
		{
			"from": [0.4, 1, 1],
			"to": [1.4, 6, 3],
			"faces": {
				"north": {"uv": [0, 0, 1, 5], "texture": "#missing"},
				"east": {"uv": [0, 0, 2, 5], "texture": "#missing"},
				"south": {"uv": [2, 10, 3, 15], "texture": "#side"},
				"west": {"uv": [1, 10, 3, 15], "texture": "#side"},
				"up": {"uv": [1, 13, 2, 15], "texture": "#side"},
				"down": {"uv": [0, 0, 1, 2], "texture": "#missing"}
			}
		},
		{
			"from": [0.2, 1, 3],
			"to": [1.2, 5, 4],
			"faces": {
				"north": {"uv": [3, 11, 4, 15], "texture": "#side"},
				"east": {"uv": [0, 0, 1, 4], "texture": "#missing"},
				"south": {"uv": [3, 11, 4, 15], "texture": "#side"},
				"west": {"uv": [3, 11, 4, 15], "texture": "#side"},
				"up": {"uv": [3, 11, 4, 12], "texture": "#side"},
				"down": {"uv": [0, 0, 1, 1], "texture": "#missing"}
			}
		},
		{
			"from": [0.2, 9, 11],
			"to": [1.2, 13, 12],
			"faces": {
				"north": {"uv": [3, 11, 4, 15], "texture": "#side"},
				"east": {"uv": [0, 0, 1, 4], "texture": "#missing"},
				"south": {"uv": [3, 11, 4, 15], "texture": "#side"},
				"west": {"uv": [3, 11, 4, 15], "texture": "#side"},
				"up": {"uv": [3, 11, 4, 12], "texture": "#side"},
				"down": {"uv": [0, 0, 1, 1], "texture": "#missing"}
			}
		},
		{
			"from": [0.6, 1, 4],
			"to": [1.6, 5, 6],
			"faces": {
				"north": {"uv": [4, 10, 5, 15], "texture": "#side"},
				"east": {"uv": [0, 0, 2, 5], "texture": "#missing"},
				"south": {"uv": [5, 10, 6, 15], "texture": "#side"},
				"west": {"uv": [4, 11, 6, 15], "texture": "#side"},
				"up": {"uv": [4, 13, 5, 15], "texture": "#side"},
				"down": {"uv": [0, 0, 1, 2], "texture": "#missing"}
			}
		},
		{
			"from": [-0.4, 1, 6],
			"to": [1.7, 7, 8],
			"faces": {
				"north": {"uv": [6, 9, 7, 15], "texture": "#side"},
				"east": {"uv": [0, 0, 2, 6], "texture": "#missing"},
				"south": {"uv": [7, 9, 8, 15], "texture": "#side"},
				"west": {"uv": [6, 9, 8, 15], "texture": "#side"},
				"up": {"uv": [7, 9, 8, 11], "texture": "#side"},
				"down": {"uv": [6, 14, 8, 15], "texture": "#side"}
			}
		},
		{
			"from": [0.3, 1, 8],
			"to": [1.3, 3, 13],
			"faces": {
				"north": {"uv": [10, 12, 11, 15], "texture": "#side"},
				"east": {"uv": [0, 0, 1, 3], "texture": "#missing"},
				"south": {"uv": [10, 12, 11, 15], "texture": "#side"},
				"west": {"uv": [8, 13, 13, 15], "texture": "#side"},
				"up": {"uv": [11, 13, 12, 14], "texture": "#side"},
				"down": {"uv": [0, 0, 1, 1], "texture": "#missing"}
			}
		},
		{
			"from": [0.3, 1, 13],
			"to": [1.3, 6, 15],
			"faces": {
				"north": {"uv": [13, 10, 14, 15], "texture": "#side"},
				"east": {"uv": [0, 0, 2, 4], "texture": "#missing"},
				"south": {"uv": [0, 0, 1, 4], "texture": "#missing"},
				"west": {"uv": [13, 10, 15, 15], "texture": "#side"},
				"up": {"uv": [14, 13, 15, 15], "texture": "#side"},
				"down": {"uv": [0, 0, 1, 2], "texture": "#missing"}
			}
		},
		{
			"from": [0.6, 9, 1],
			"to": [1.6, 13, 3],
			"faces": {
				"north": {"uv": [1, 3, 2, 7], "texture": "#side"},
				"east": {"uv": [0, 0, 1, 4], "texture": "#missing"},
				"south": {"uv": [2, 3, 3, 7], "texture": "#side"},
				"west": {"uv": [1, 3, 3, 7], "texture": "#side"},
				"up": {"uv": [1, 3, 2, 5], "texture": "#side"},
				"down": {"uv": [0, 0, 1, 1], "texture": "#missing"}
			}
		},
		{
			"from": [0.8, 9, 3],
			"to": [1, 14, 4],
			"faces": {
				"north": {"uv": [3, 2, 4, 7], "texture": "#side"},
				"east": {"uv": [3, 2, 4, 7], "texture": "#side"},
				"south": {"uv": [3, 2, 4, 7], "texture": "#side"},
				"west": {"uv": [3, 2, 4, 7], "texture": "#side"},
				"up": {"uv": [3, 2, 4, 3], "texture": "#side"},
				"down": {"uv": [3, 2, 4, 7], "texture": "#side"}
			}
		},
		{
			"from": [0.5, 3, 11],
			"to": [1.5, 7, 13],
			"faces": {
				"north": {"uv": [11, 9, 12, 13], "texture": "#side"},
				"east": {"uv": [0, 0, 2, 5], "texture": "#missing"},
				"south": {"uv": [12, 9, 13, 13], "texture": "#side"},
				"west": {"uv": [11, 9, 13, 13], "texture": "#side"},
				"up": {"uv": [12, 13, 13, 15], "texture": "#side"},
				"down": {"uv": [0, 0, 1, 2], "texture": "#missing"}
			}
		},
		{
			"from": [0.3, 9, 4],
			"to": [1.3, 14, 6],
			"faces": {
				"north": {"uv": [4, 2, 5, 7], "texture": "#side"},
				"east": {"uv": [0, 0, 2, 5], "texture": "#missing"},
				"south": {"uv": [5, 2, 6, 7], "texture": "#side"},
				"west": {"uv": [4, 2, 6, 7], "texture": "#side"},
				"up": {"uv": [5, 3, 6, 5], "texture": "#side"},
				"down": {"uv": [0, 0, 1, 2], "texture": "#missing"}
			}
		},
		{
			"from": [-0.2, 9, 6],
			"to": [1, 12, 7],
			"faces": {
				"north": {"uv": [6, 4, 6, 7], "texture": "#side"},
				"east": {"uv": [0, 0, 1, 3], "texture": "#missing"},
				"south": {"uv": [6, 4, 6, 7], "texture": "#side"},
				"west": {"uv": [6, 4, 7, 7], "texture": "#side"},
				"up": {"uv": [6, 4, 6, 5], "texture": "#side"},
				"down": {"uv": [6, 6, 6, 7], "texture": "#side"}
			}
		},
		{
			"from": [0.4, 9, 7],
			"to": [1.4, 11, 8],
			"faces": {
				"north": {"uv": [7, 5, 8, 7], "texture": "#side"},
				"east": {"uv": [7, 5, 8, 7], "texture": "#side"},
				"south": {"uv": [7, 5, 8, 7], "texture": "#side"},
				"west": {"uv": [7, 5, 8, 7], "texture": "#side"},
				"up": {"uv": [7, 5, 8, 6], "texture": "#side"},
				"down": {"uv": [7, 5, 8, 7], "texture": "#side"}
			}
		},
		{
			"from": [0.4, 10, 8],
			"to": [1, 13, 9],
			"faces": {
				"north": {"uv": [8, 3, 8.6, 6], "texture": "#side"},
				"east": {"uv": [0, 0, 1, 3], "texture": "#missing"},
				"south": {"uv": [8, 3, 8.6, 6], "texture": "#side"},
				"west": {"uv": [8, 3, 9, 6], "texture": "#side"},
				"up": {"uv": [8, 3, 8.6, 4], "texture": "#side"},
				"down": {"uv": [8, 5, 8.6, 6], "texture": "#side"}
			}
		},
		{
			"from": [0.6, 9, 9],
			"to": [1.6, 14, 11],
			"faces": {
				"north": {"uv": [9, 2, 10, 7], "texture": "#side"},
				"east": {"uv": [0, 0, 2, 5], "texture": "#missing"},
				"south": {"uv": [10, 2, 11, 7], "texture": "#side"},
				"west": {"uv": [9, 2, 11, 7], "texture": "#side"},
				"up": {"uv": [9, 5, 10, 7], "texture": "#side"},
				"down": {"uv": [0, 0, 1, 2], "texture": "#missing"}
			}
		},
		{
			"from": [0.4, 9, 12],
			"to": [1.4, 15, 14],
			"faces": {
				"north": {"uv": [12, 1, 13, 7], "texture": "#side"},
				"east": {"uv": [0, 0, 2, 6], "texture": "#missing"},
				"south": {"uv": [13, 1, 14, 7], "texture": "#side"},
				"west": {"uv": [12, 1, 14, 7], "texture": "#side"},
				"up": {"uv": [0, 0, 1, 2], "texture": "#missing"},
				"down": {"uv": [0, 0, 1, 2], "texture": "#missing"}
			}
		},
		{
			"from": [0.2, 9, 14],
			"to": [1.2, 13, 15],
			"faces": {
				"north": {"uv": [14, 3, 15, 7], "texture": "#side"},
				"east": {"uv": [0, 0, 1, 4], "texture": "#missing"},
				"south": {"uv": [0, 0, 1, 4], "texture": "#missing"},
				"west": {"uv": [14, 3, 15, 7], "texture": "#side"},
				"up": {"uv": [14, 3, 15, 4], "texture": "#side"},
				"down": {"uv": [0, 0, 1, 1], "texture": "#missing"}
			}
		},
		{
			"from": [1, 1, 14.6],
			"to": [3, 6, 15.6],
			"faces": {
				"north": {"uv": [0, 0, 2, 5], "texture": "#missing"},
				"east": {"uv": [2, 10, 3, 15], "texture": "#side"},
				"south": {"uv": [1, 10, 3, 15], "texture": "#side"},
				"west": {"uv": [0, 0, 1, 5], "texture": "#missing"},
				"up": {"uv": [1, 13, 2, 15], "rotation": 270, "texture": "#side"},
				"down": {"uv": [0, 0, 1, 2], "rotation": 90, "texture": "#missing"}
			}
		},
		{
			"from": [3, 1, 14.8],
			"to": [4, 5, 15.8],
			"faces": {
				"north": {"uv": [0, 0, 1, 4], "texture": "#missing"},
				"east": {"uv": [3, 11, 4, 15], "texture": "#side"},
				"south": {"uv": [3, 11, 4, 15], "texture": "#side"},
				"west": {"uv": [3, 11, 4, 15], "texture": "#side"},
				"up": {"uv": [3, 11, 4, 12], "rotation": 270, "texture": "#side"},
				"down": {"uv": [0, 0, 1, 1], "rotation": 90, "texture": "#missing"}
			}
		},
		{
			"from": [11, 9, 14.8],
			"to": [12, 13, 15.8],
			"faces": {
				"north": {"uv": [0, 0, 1, 4], "texture": "#missing"},
				"east": {"uv": [3, 11, 4, 15], "texture": "#side"},
				"south": {"uv": [3, 11, 4, 15], "texture": "#side"},
				"west": {"uv": [3, 11, 4, 15], "texture": "#side"},
				"up": {"uv": [3, 11, 4, 12], "rotation": 270, "texture": "#side"},
				"down": {"uv": [0, 0, 1, 1], "rotation": 90, "texture": "#missing"}
			}
		},
		{
			"from": [4, 1, 14.4],
			"to": [6, 5, 15.4],
			"faces": {
				"north": {"uv": [0, 0, 2, 5], "texture": "#missing"},
				"east": {"uv": [5, 10, 6, 15], "texture": "#side"},
				"south": {"uv": [4, 11, 6, 15], "texture": "#side"},
				"west": {"uv": [4, 10, 5, 15], "texture": "#side"},
				"up": {"uv": [4, 13, 5, 15], "rotation": 270, "texture": "#side"},
				"down": {"uv": [0, 0, 1, 2], "rotation": 90, "texture": "#missing"}
			}
		},
		{
			"from": [6, 1, 14.3],
			"to": [8, 7, 16.4],
			"faces": {
				"north": {"uv": [0, 0, 2, 6], "texture": "#missing"},
				"east": {"uv": [7, 9, 8, 15], "texture": "#side"},
				"south": {"uv": [6, 9, 8, 15], "texture": "#side"},
				"west": {"uv": [6, 9, 7, 15], "texture": "#side"},
				"up": {"uv": [7, 9, 8, 11], "rotation": 270, "texture": "#side"},
				"down": {"uv": [6, 14, 8, 15], "rotation": 90, "texture": "#side"}
			}
		},
		{
			"from": [8, 1, 14.7],
			"to": [13, 3, 15.7],
			"faces": {
				"north": {"uv": [0, 0, 1, 3], "texture": "#missing"},
				"east": {"uv": [10, 12, 11, 15], "texture": "#side"},
				"south": {"uv": [8, 13, 13, 15], "texture": "#side"},
				"west": {"uv": [10, 12, 11, 15], "texture": "#side"},
				"up": {"uv": [11, 13, 12, 14], "rotation": 270, "texture": "#side"},
				"down": {"uv": [0, 0, 1, 1], "rotation": 90, "texture": "#missing"}
			}
		},
		{
			"from": [13, 1, 14.7],
			"to": [15, 6, 15.7],
			"faces": {
				"north": {"uv": [0, 0, 2, 4], "texture": "#missing"},
				"east": {"uv": [0, 0, 1, 4], "texture": "#missing"},
				"south": {"uv": [13, 10, 15, 15], "texture": "#side"},
				"west": {"uv": [13, 10, 14, 15], "texture": "#side"},
				"up": {"uv": [14, 13, 15, 15], "rotation": 270, "texture": "#side"},
				"down": {"uv": [0, 0, 1, 2], "rotation": 90, "texture": "#missing"}
			}
		},
		{
			"from": [1, 9, 14.4],
			"to": [3, 13, 15.4],
			"faces": {
				"north": {"uv": [0, 0, 1, 4], "texture": "#missing"},
				"east": {"uv": [2, 3, 3, 7], "texture": "#side"},
				"south": {"uv": [1, 3, 3, 7], "texture": "#side"},
				"west": {"uv": [1, 3, 2, 7], "texture": "#side"},
				"up": {"uv": [1, 3, 2, 5], "rotation": 270, "texture": "#side"},
				"down": {"uv": [0, 0, 1, 1], "rotation": 90, "texture": "#missing"}
			}
		},
		{
			"from": [3, 9, 15],
			"to": [4, 14, 15.2],
			"faces": {
				"north": {"uv": [3, 2, 4, 7], "texture": "#side"},
				"east": {"uv": [3, 2, 4, 7], "texture": "#side"},
				"south": {"uv": [3, 2, 4, 7], "texture": "#side"},
				"west": {"uv": [3, 2, 4, 7], "texture": "#side"},
				"up": {"uv": [3, 2, 4, 3], "rotation": 270, "texture": "#side"},
				"down": {"uv": [3, 2, 4, 7], "rotation": 90, "texture": "#side"}
			}
		},
		{
			"from": [11, 3, 14.5],
			"to": [13, 7, 15.5],
			"faces": {
				"north": {"uv": [0, 0, 2, 5], "texture": "#missing"},
				"east": {"uv": [12, 9, 13, 13], "texture": "#side"},
				"south": {"uv": [11, 9, 13, 13], "texture": "#side"},
				"west": {"uv": [11, 9, 12, 13], "texture": "#side"},
				"up": {"uv": [12, 13, 13, 15], "rotation": 270, "texture": "#side"},
				"down": {"uv": [0, 0, 1, 2], "rotation": 90, "texture": "#missing"}
			}
		},
		{
			"from": [4, 9, 14.7],
			"to": [6, 14, 15.7],
			"faces": {
				"north": {"uv": [0, 0, 2, 5], "texture": "#missing"},
				"east": {"uv": [5, 2, 6, 7], "texture": "#side"},
				"south": {"uv": [4, 2, 6, 7], "texture": "#side"},
				"west": {"uv": [4, 2, 5, 7], "texture": "#side"},
				"up": {"uv": [5, 3, 6, 5], "rotation": 270, "texture": "#side"},
				"down": {"uv": [0, 0, 1, 2], "rotation": 90, "texture": "#missing"}
			}
		},
		{
			"from": [6, 9, 15],
			"to": [7, 12, 16.2],
			"faces": {
				"north": {"uv": [0, 0, 1, 3], "texture": "#missing"},
				"east": {"uv": [6, 4, 6, 7], "texture": "#side"},
				"south": {"uv": [6, 4, 7, 7], "texture": "#side"},
				"west": {"uv": [6, 4, 6, 7], "texture": "#side"},
				"up": {"uv": [6, 4, 6, 5], "rotation": 270, "texture": "#side"},
				"down": {"uv": [6, 6, 6, 7], "rotation": 90, "texture": "#side"}
			}
		},
		{
			"from": [7, 9, 14.6],
			"to": [8, 11, 15.6],
			"faces": {
				"north": {"uv": [7, 5, 8, 7], "texture": "#side"},
				"east": {"uv": [7, 5, 8, 7], "texture": "#side"},
				"south": {"uv": [7, 5, 8, 7], "texture": "#side"},
				"west": {"uv": [7, 5, 8, 7], "texture": "#side"},
				"up": {"uv": [7, 5, 8, 6], "rotation": 270, "texture": "#side"},
				"down": {"uv": [7, 5, 8, 7], "rotation": 90, "texture": "#side"}
			}
		},
		{
			"from": [8, 10, 15],
			"to": [9, 13, 15.6],
			"faces": {
				"north": {"uv": [0, 0, 1, 3], "texture": "#missing"},
				"east": {"uv": [8, 3, 8.6, 6], "texture": "#side"},
				"south": {"uv": [8, 3, 9, 6], "texture": "#side"},
				"west": {"uv": [8, 3, 8.6, 6], "texture": "#side"},
				"up": {"uv": [8, 3, 8.6, 4], "rotation": 270, "texture": "#side"},
				"down": {"uv": [8, 5, 8.6, 6], "rotation": 90, "texture": "#side"}
			}
		},
		{
			"from": [9, 9, 14.4],
			"to": [11, 14, 15.4],
			"faces": {
				"north": {"uv": [0, 0, 2, 5], "texture": "#missing"},
				"east": {"uv": [10, 2, 11, 7], "texture": "#side"},
				"south": {"uv": [9, 2, 11, 7], "texture": "#side"},
				"west": {"uv": [9, 2, 10, 7], "texture": "#side"},
				"up": {"uv": [9, 5, 10, 7], "rotation": 270, "texture": "#side"},
				"down": {"uv": [0, 0, 1, 2], "rotation": 90, "texture": "#missing"}
			}
		},
		{
			"from": [12, 9, 14.6],
			"to": [14, 15, 15.6],
			"faces": {
				"north": {"uv": [0, 0, 2, 6], "texture": "#missing"},
				"east": {"uv": [13, 1, 14, 7], "texture": "#side"},
				"south": {"uv": [12, 1, 14, 7], "texture": "#side"},
				"west": {"uv": [12, 1, 13, 7], "texture": "#side"},
				"up": {"uv": [0, 0, 1, 2], "rotation": 270, "texture": "#missing"},
				"down": {"uv": [0, 0, 1, 2], "rotation": 90, "texture": "#missing"}
			}
		},
		{
			"from": [14, 9, 14.8],
			"to": [15, 13, 15.8],
			"faces": {
				"north": {"uv": [0, 0, 1, 4], "texture": "#missing"},
				"east": {"uv": [0, 0, 1, 4], "texture": "#missing"},
				"south": {"uv": [14, 3, 15, 7], "texture": "#side"},
				"west": {"uv": [14, 3, 15, 7], "texture": "#side"},
				"up": {"uv": [14, 3, 15, 4], "rotation": 270, "texture": "#side"},
				"down": {"uv": [0, 0, 1, 1], "rotation": 90, "texture": "#missing"}
			}
		},
		{
			"from": [14.6, 1, 13],
			"to": [15.6, 6, 15],
			"faces": {
				"north": {"uv": [2, 10, 3, 15], "texture": "#side"},
				"east": {"uv": [1, 10, 3, 15], "texture": "#side"},
				"south": {"uv": [0, 0, 1, 5], "texture": "#missing"},
				"west": {"uv": [0, 0, 2, 5], "texture": "#missing"},
				"up": {"uv": [1, 13, 2, 15], "rotation": 180, "texture": "#side"},
				"down": {"uv": [0, 0, 1, 2], "rotation": 180, "texture": "#missing"}
			}
		},
		{
			"from": [14.8, 1, 12],
			"to": [15.8, 5, 13],
			"faces": {
				"north": {"uv": [3, 11, 4, 15], "texture": "#side"},
				"east": {"uv": [3, 11, 4, 15], "texture": "#side"},
				"south": {"uv": [3, 11, 4, 15], "texture": "#side"},
				"west": {"uv": [0, 0, 1, 4], "texture": "#missing"},
				"up": {"uv": [3, 11, 4, 12], "rotation": 180, "texture": "#side"},
				"down": {"uv": [0, 0, 1, 1], "rotation": 180, "texture": "#missing"}
			}
		},
		{
			"from": [14.8, 9, 4],
			"to": [15.8, 13, 5],
			"faces": {
				"north": {"uv": [3, 11, 4, 15], "texture": "#side"},
				"east": {"uv": [3, 11, 4, 15], "texture": "#side"},
				"south": {"uv": [3, 11, 4, 15], "texture": "#side"},
				"west": {"uv": [0, 0, 1, 4], "texture": "#missing"},
				"up": {"uv": [3, 11, 4, 12], "rotation": 180, "texture": "#side"},
				"down": {"uv": [0, 0, 1, 1], "rotation": 180, "texture": "#missing"}
			}
		},
		{
			"from": [14.4, 1, 10],
			"to": [15.4, 5, 12],
			"faces": {
				"north": {"uv": [5, 10, 6, 15], "texture": "#side"},
				"east": {"uv": [4, 11, 6, 15], "texture": "#side"},
				"south": {"uv": [4, 10, 5, 15], "texture": "#side"},
				"west": {"uv": [0, 0, 2, 5], "texture": "#missing"},
				"up": {"uv": [4, 13, 5, 15], "rotation": 180, "texture": "#side"},
				"down": {"uv": [0, 0, 1, 2], "rotation": 180, "texture": "#missing"}
			}
		},
		{
			"from": [14.3, 1, 8],
			"to": [16.4, 7, 10],
			"faces": {
				"north": {"uv": [7, 9, 8, 15], "texture": "#side"},
				"east": {"uv": [6, 9, 8, 15], "texture": "#side"},
				"south": {"uv": [6, 9, 7, 15], "texture": "#side"},
				"west": {"uv": [0, 0, 2, 6], "texture": "#missing"},
				"up": {"uv": [7, 9, 8, 11], "rotation": 180, "texture": "#side"},
				"down": {"uv": [6, 14, 8, 15], "rotation": 180, "texture": "#side"}
			}
		},
		{
			"from": [14.7, 1, 3],
			"to": [15.7, 3, 8],
			"faces": {
				"north": {"uv": [10, 12, 11, 15], "texture": "#side"},
				"east": {"uv": [8, 13, 13, 15], "texture": "#side"},
				"south": {"uv": [10, 12, 11, 15], "texture": "#side"},
				"west": {"uv": [0, 0, 1, 3], "texture": "#missing"},
				"up": {"uv": [11, 13, 12, 14], "rotation": 180, "texture": "#side"},
				"down": {"uv": [0, 0, 1, 1], "rotation": 180, "texture": "#missing"}
			}
		},
		{
			"from": [14.7, 1, 1],
			"to": [15.7, 6, 3],
			"faces": {
				"north": {"uv": [0, 0, 1, 4], "texture": "#missing"},
				"east": {"uv": [13, 10, 15, 15], "texture": "#side"},
				"south": {"uv": [13, 10, 14, 15], "texture": "#side"},
				"west": {"uv": [0, 0, 2, 4], "texture": "#missing"},
				"up": {"uv": [14, 13, 15, 15], "rotation": 180, "texture": "#side"},
				"down": {"uv": [0, 0, 1, 2], "rotation": 180, "texture": "#missing"}
			}
		},
		{
			"from": [14.4, 9, 13],
			"to": [15.4, 13, 15],
			"faces": {
				"north": {"uv": [2, 3, 3, 7], "texture": "#side"},
				"east": {"uv": [1, 3, 3, 7], "texture": "#side"},
				"south": {"uv": [1, 3, 2, 7], "texture": "#side"},
				"west": {"uv": [0, 0, 1, 4], "texture": "#missing"},
				"up": {"uv": [1, 3, 2, 5], "rotation": 180, "texture": "#side"},
				"down": {"uv": [0, 0, 1, 1], "rotation": 180, "texture": "#missing"}
			}
		},
		{
			"from": [15, 9, 12],
			"to": [15.2, 14, 13],
			"faces": {
				"north": {"uv": [3, 2, 4, 7], "texture": "#side"},
				"east": {"uv": [3, 2, 4, 7], "texture": "#side"},
				"south": {"uv": [3, 2, 4, 7], "texture": "#side"},
				"west": {"uv": [3, 2, 4, 7], "texture": "#side"},
				"up": {"uv": [3, 2, 4, 3], "rotation": 180, "texture": "#side"},
				"down": {"uv": [3, 2, 4, 7], "rotation": 180, "texture": "#side"}
			}
		},
		{
			"from": [14.5, 3, 3],
			"to": [15.5, 7, 5],
			"faces": {
				"north": {"uv": [12, 9, 13, 13], "texture": "#side"},
				"east": {"uv": [11, 9, 13, 13], "texture": "#side"},
				"south": {"uv": [11, 9, 12, 13], "texture": "#side"},
				"west": {"uv": [0, 0, 2, 5], "texture": "#missing"},
				"up": {"uv": [12, 13, 13, 15], "rotation": 180, "texture": "#side"},
				"down": {"uv": [0, 0, 1, 2], "rotation": 180, "texture": "#missing"}
			}
		},
		{
			"from": [14.7, 9, 10],
			"to": [15.7, 14, 12],
			"faces": {
				"north": {"uv": [5, 2, 6, 7], "texture": "#side"},
				"east": {"uv": [4, 2, 6, 7], "texture": "#side"},
				"south": {"uv": [4, 2, 5, 7], "texture": "#side"},
				"west": {"uv": [0, 0, 2, 5], "texture": "#missing"},
				"up": {"uv": [5, 3, 6, 5], "rotation": 180, "texture": "#side"},
				"down": {"uv": [0, 0, 1, 2], "rotation": 180, "texture": "#missing"}
			}
		},
		{
			"from": [15, 9, 9],
			"to": [16.2, 12, 10],
			"faces": {
				"north": {"uv": [6, 4, 6, 7], "texture": "#side"},
				"east": {"uv": [6, 4, 7, 7], "texture": "#side"},
				"south": {"uv": [6, 4, 6, 7], "texture": "#side"},
				"west": {"uv": [0, 0, 1, 3], "texture": "#missing"},
				"up": {"uv": [6, 4, 6, 5], "rotation": 180, "texture": "#side"},
				"down": {"uv": [6, 6, 6, 7], "rotation": 180, "texture": "#side"}
			}
		},
		{
			"from": [14.6, 9, 8],
			"to": [15.6, 11, 9],
			"faces": {
				"north": {"uv": [7, 5, 8, 7], "texture": "#side"},
				"east": {"uv": [7, 5, 8, 7], "texture": "#side"},
				"south": {"uv": [7, 5, 8, 7], "texture": "#side"},
				"west": {"uv": [7, 5, 8, 7], "texture": "#side"},
				"up": {"uv": [7, 5, 8, 6], "rotation": 180, "texture": "#side"},
				"down": {"uv": [7, 5, 8, 7], "rotation": 180, "texture": "#side"}
			}
		},
		{
			"from": [15, 10, 7],
			"to": [15.6, 13, 8],
			"faces": {
				"north": {"uv": [8, 3, 8.6, 6], "texture": "#side"},
				"east": {"uv": [8, 3, 9, 6], "texture": "#side"},
				"south": {"uv": [8, 3, 8.6, 6], "texture": "#side"},
				"west": {"uv": [0, 0, 1, 3], "texture": "#missing"},
				"up": {"uv": [8, 3, 8.6, 4], "rotation": 180, "texture": "#side"},
				"down": {"uv": [8, 5, 8.6, 6], "rotation": 180, "texture": "#side"}
			}
		},
		{
			"from": [14.4, 9, 5],
			"to": [15.4, 14, 7],
			"faces": {
				"north": {"uv": [10, 2, 11, 7], "texture": "#side"},
				"east": {"uv": [9, 2, 11, 7], "texture": "#side"},
				"south": {"uv": [9, 2, 10, 7], "texture": "#side"},
				"west": {"uv": [0, 0, 2, 5], "texture": "#missing"},
				"up": {"uv": [9, 5, 10, 7], "rotation": 180, "texture": "#side"},
				"down": {"uv": [0, 0, 1, 2], "rotation": 180, "texture": "#missing"}
			}
		},
		{
			"from": [14.6, 9, 2],
			"to": [15.6, 15, 4],
			"faces": {
				"north": {"uv": [13, 1, 14, 7], "texture": "#side"},
				"east": {"uv": [12, 1, 14, 7], "texture": "#side"},
				"south": {"uv": [12, 1, 13, 7], "texture": "#side"},
				"west": {"uv": [0, 0, 2, 6], "texture": "#missing"},
				"up": {"uv": [0, 0, 1, 2], "rotation": 180, "texture": "#missing"},
				"down": {"uv": [0, 0, 1, 2], "rotation": 180, "texture": "#missing"}
			}
		},
		{
			"from": [14.8, 9, 1],
			"to": [15.8, 13, 2],
			"faces": {
				"north": {"uv": [0, 0, 1, 4], "texture": "#missing"},
				"east": {"uv": [14, 3, 15, 7], "texture": "#side"},
				"south": {"uv": [14, 3, 15, 7], "texture": "#side"},
				"west": {"uv": [0, 0, 1, 4], "texture": "#missing"},
				"up": {"uv": [14, 3, 15, 4], "rotation": 180, "texture": "#side"},
				"down": {"uv": [0, 0, 1, 1], "rotation": 180, "texture": "#missing"}
			}
		},
		{
			"from": [13, 1, 0.4],
			"to": [15, 6, 1.4],
			"faces": {
				"north": {"uv": [1, 10, 3, 15], "texture": "#side"},
				"east": {"uv": [0, 0, 1, 5], "texture": "#missing"},
				"south": {"uv": [0, 0, 2, 5], "texture": "#missing"},
				"west": {"uv": [2, 10, 3, 15], "texture": "#side"},
				"up": {"uv": [1, 13, 2, 15], "rotation": 90, "texture": "#side"},
				"down": {"uv": [0, 0, 1, 2], "rotation": 270, "texture": "#missing"}
			}
		},
		{
			"from": [12, 1, 0.2],
			"to": [13, 5, 1.2],
			"faces": {
				"north": {"uv": [3, 11, 4, 15], "texture": "#side"},
				"east": {"uv": [3, 11, 4, 15], "texture": "#side"},
				"south": {"uv": [0, 0, 1, 4], "texture": "#missing"},
				"west": {"uv": [3, 11, 4, 15], "texture": "#side"},
				"up": {"uv": [3, 11, 4, 12], "rotation": 90, "texture": "#side"},
				"down": {"uv": [0, 0, 1, 1], "rotation": 270, "texture": "#missing"}
			}
		},
		{
			"from": [4, 9, 0.2],
			"to": [5, 13, 1.2],
			"faces": {
				"north": {"uv": [3, 11, 4, 15], "texture": "#side"},
				"east": {"uv": [3, 11, 4, 15], "texture": "#side"},
				"south": {"uv": [0, 0, 1, 4], "texture": "#missing"},
				"west": {"uv": [3, 11, 4, 15], "texture": "#side"},
				"up": {"uv": [3, 11, 4, 12], "rotation": 90, "texture": "#side"},
				"down": {"uv": [0, 0, 1, 1], "rotation": 270, "texture": "#missing"}
			}
		},
		{
			"from": [10, 1, 0.6],
			"to": [12, 5, 1.6],
			"faces": {
				"north": {"uv": [4, 11, 6, 15], "texture": "#side"},
				"east": {"uv": [4, 10, 5, 15], "texture": "#side"},
				"south": {"uv": [0, 0, 2, 5], "texture": "#missing"},
				"west": {"uv": [5, 10, 6, 15], "texture": "#side"},
				"up": {"uv": [4, 13, 5, 15], "rotation": 90, "texture": "#side"},
				"down": {"uv": [0, 0, 1, 2], "rotation": 270, "texture": "#missing"}
			}
		},
		{
			"from": [8, 1, -0.4],
			"to": [10, 7, 1.7],
			"faces": {
				"north": {"uv": [6, 9, 8, 15], "texture": "#side"},
				"east": {"uv": [6, 9, 7, 15], "texture": "#side"},
				"south": {"uv": [0, 0, 2, 6], "texture": "#missing"},
				"west": {"uv": [7, 9, 8, 15], "texture": "#side"},
				"up": {"uv": [7, 9, 8, 11], "rotation": 90, "texture": "#side"},
				"down": {"uv": [6, 14, 8, 15], "rotation": 270, "texture": "#side"}
			}
		},
		{
			"from": [3, 1, 0.3],
			"to": [8, 3, 1.3],
			"faces": {
				"north": {"uv": [8, 13, 13, 15], "texture": "#side"},
				"east": {"uv": [10, 12, 11, 15], "texture": "#side"},
				"south": {"uv": [0, 0, 1, 3], "texture": "#missing"},
				"west": {"uv": [10, 12, 11, 15], "texture": "#side"},
				"up": {"uv": [11, 13, 12, 14], "rotation": 90, "texture": "#side"},
				"down": {"uv": [0, 0, 1, 1], "rotation": 270, "texture": "#missing"}
			}
		},
		{
			"from": [1, 1, 0.3],
			"to": [3, 6, 1.3],
			"faces": {
				"north": {"uv": [13, 10, 15, 15], "texture": "#side"},
				"east": {"uv": [13, 10, 14, 15], "texture": "#side"},
				"south": {"uv": [0, 0, 2, 4], "texture": "#missing"},
				"west": {"uv": [0, 0, 1, 4], "texture": "#missing"},
				"up": {"uv": [14, 13, 15, 15], "rotation": 90, "texture": "#side"},
				"down": {"uv": [0, 0, 1, 2], "rotation": 270, "texture": "#missing"}
			}
		},
		{
			"from": [13, 9, 0.6],
			"to": [15, 13, 1.6],
			"faces": {
				"north": {"uv": [1, 3, 3, 7], "texture": "#side"},
				"east": {"uv": [1, 3, 2, 7], "texture": "#side"},
				"south": {"uv": [0, 0, 1, 4], "texture": "#missing"},
				"west": {"uv": [2, 3, 3, 7], "texture": "#side"},
				"up": {"uv": [1, 3, 2, 5], "rotation": 90, "texture": "#side"},
				"down": {"uv": [0, 0, 1, 1], "rotation": 270, "texture": "#missing"}
			}
		},
		{
			"from": [12, 9, 0.8],
			"to": [13, 14, 1],
			"faces": {
				"north": {"uv": [3, 2, 4, 7], "texture": "#side"},
				"east": {"uv": [3, 2, 4, 7], "texture": "#side"},
				"south": {"uv": [3, 2, 4, 7], "texture": "#side"},
				"west": {"uv": [3, 2, 4, 7], "texture": "#side"},
				"up": {"uv": [3, 2, 4, 3], "rotation": 90, "texture": "#side"},
				"down": {"uv": [3, 2, 4, 7], "rotation": 270, "texture": "#side"}
			}
		},
		{
			"from": [3, 3, 0.5],
			"to": [5, 7, 1.5],
			"faces": {
				"north": {"uv": [11, 9, 13, 13], "texture": "#side"},
				"east": {"uv": [11, 9, 12, 13], "texture": "#side"},
				"south": {"uv": [0, 0, 2, 5], "texture": "#missing"},
				"west": {"uv": [12, 9, 13, 13], "texture": "#side"},
				"up": {"uv": [12, 13, 13, 15], "rotation": 90, "texture": "#side"},
				"down": {"uv": [0, 0, 1, 2], "rotation": 270, "texture": "#missing"}
			}
		},
		{
			"from": [10, 9, 0.3],
			"to": [12, 14, 1.3],
			"faces": {
				"north": {"uv": [4, 2, 6, 7], "texture": "#side"},
				"east": {"uv": [4, 2, 5, 7], "texture": "#side"},
				"south": {"uv": [0, 0, 2, 5], "texture": "#missing"},
				"west": {"uv": [5, 2, 6, 7], "texture": "#side"},
				"up": {"uv": [5, 3, 6, 5], "rotation": 90, "texture": "#side"},
				"down": {"uv": [0, 0, 1, 2], "rotation": 270, "texture": "#missing"}
			}
		},
		{
			"from": [9, 9, -0.2],
			"to": [10, 12, 1],
			"faces": {
				"north": {"uv": [6, 4, 7, 7], "texture": "#side"},
				"east": {"uv": [6, 4, 6, 7], "texture": "#side"},
				"south": {"uv": [0, 0, 1, 3], "texture": "#missing"},
				"west": {"uv": [6, 4, 6, 7], "texture": "#side"},
				"up": {"uv": [6, 4, 6, 5], "rotation": 90, "texture": "#side"},
				"down": {"uv": [6, 6, 6, 7], "rotation": 270, "texture": "#side"}
			}
		},
		{
			"from": [8, 9, 0.4],
			"to": [9, 11, 1.4],
			"faces": {
				"north": {"uv": [7, 5, 8, 7], "texture": "#side"},
				"east": {"uv": [7, 5, 8, 7], "texture": "#side"},
				"south": {"uv": [7, 5, 8, 7], "texture": "#side"},
				"west": {"uv": [7, 5, 8, 7], "texture": "#side"},
				"up": {"uv": [7, 5, 8, 6], "rotation": 90, "texture": "#side"},
				"down": {"uv": [7, 5, 8, 7], "rotation": 270, "texture": "#side"}
			}
		},
		{
			"from": [7, 10, 0.4],
			"to": [8, 13, 1],
			"faces": {
				"north": {"uv": [8, 3, 9, 6], "texture": "#side"},
				"east": {"uv": [8, 3, 8.6, 6], "texture": "#side"},
				"south": {"uv": [0, 0, 1, 3], "texture": "#missing"},
				"west": {"uv": [8, 3, 8.6, 6], "texture": "#side"},
				"up": {"uv": [8, 3, 8.6, 4], "rotation": 90, "texture": "#side"},
				"down": {"uv": [8, 5, 8.6, 6], "rotation": 270, "texture": "#side"}
			}
		},
		{
			"from": [5, 9, 0.6],
			"to": [7, 14, 1.6],
			"faces": {
				"north": {"uv": [9, 2, 11, 7], "texture": "#side"},
				"east": {"uv": [9, 2, 10, 7], "texture": "#side"},
				"south": {"uv": [0, 0, 2, 5], "texture": "#missing"},
				"west": {"uv": [10, 2, 11, 7], "texture": "#side"},
				"up": {"uv": [9, 5, 10, 7], "rotation": 90, "texture": "#side"},
				"down": {"uv": [0, 0, 1, 2], "rotation": 270, "texture": "#missing"}
			}
		},
		{
			"from": [2, 9, 0.4],
			"to": [4, 15, 1.4],
			"faces": {
				"north": {"uv": [12, 1, 14, 7], "texture": "#side"},
				"east": {"uv": [12, 1, 13, 7], "texture": "#side"},
				"south": {"uv": [0, 0, 2, 6], "texture": "#missing"},
				"west": {"uv": [13, 1, 14, 7], "texture": "#side"},
				"up": {"uv": [0, 0, 1, 2], "rotation": 90, "texture": "#missing"},
				"down": {"uv": [0, 0, 1, 2], "rotation": 270, "texture": "#missing"}
			}
		},
		{
			"from": [1, 9, 0.2],
			"to": [2, 13, 1.2],
			"faces": {
				"north": {"uv": [14, 3, 15, 7], "texture": "#side"},
				"east": {"uv": [14, 3, 15, 7], "texture": "#side"},
				"south": {"uv": [0, 0, 1, 4], "texture": "#missing"},
				"west": {"uv": [0, 0, 1, 4], "texture": "#missing"},
				"up": {"uv": [14, 3, 15, 4], "rotation": 90, "texture": "#side"},
				"down": {"uv": [0, 0, 1, 1], "rotation": 270, "texture": "#missing"}
			}
		}
	],
	"groups": [
		{
			"name": "scaffold",
			"origin": [0, 0, 0],
			"children": [0, 1, 2, 3, 4, 5, 6, 7, 8, 9, 10, 11]
		},
		{
			"name": "books",
			"origin": [8, 8, 8],
			"children": [12, 13, 14, 15, 16, 17, 18, 19, 20, 21, 22, 23, 24, 25, 26, 27, 28]
		},
		{
			"name": "books",
			"origin": [8, 8, 8],
			"children": [29, 30, 31, 32, 33, 34, 35, 36, 37, 38, 39, 40, 41, 42, 43, 44, 45]
		},
		{
			"name": "books",
			"origin": [8, 8, 8],
			"children": [46, 47, 48, 49, 50, 51, 52, 53, 54, 55, 56, 57, 58, 59, 60, 61, 62]
		},
		{
			"name": "books",
			"origin": [8, 8, 8],
			"children": [63, 64, 65, 66, 67, 68, 69, 70, 71, 72, 73, 74, 75, 76, 77, 78, 79]
		}
	]
}
