{
	"credit": "Made with Blockbench",
	"parent": "block/cube_column",
	"textures": {
		"end": "block/oak_planks",
		"side": "block/bookshelf4"
	},
	"elements": [
		{
			"from": [0, 15, 0],
			"to": [16, 16, 16],
			"faces": {
				"north": {"uv": [0, 0, 16, 1], "texture": "#side"},
				"east": {"uv": [0, 0, 16, 1], "texture": "#side"},
				"south": {"uv": [0, 0, 16, 1], "texture": "#side"},
				"west": {"uv": [0, 0, 16, 1], "texture": "#side"},
				"up": {"uv": [0, 0, 16, 16], "texture": "#end"},
				"down": {"uv": [0, 0, 16, 16], "texture": "#end"}
			}
		},
		{
			"from": [0, 0, 0],
			"to": [16, 1, 16],
			"faces": {
				"north": {"uv": [0, 15, 16, 16], "texture": "#side"},
				"east": {"uv": [0, 15, 16, 16], "texture": "#side"},
				"south": {"uv": [0, 15, 16, 16], "texture": "#side"},
				"west": {"uv": [0, 15, 16, 16], "texture": "#side"},
				"up": {"uv": [0, 0, 16, 16], "texture": "#end"},
				"down": {"uv": [0, 0, 16, 16], "texture": "#end"}
			}
		},
		{
			"from": [0, 7, 0],
			"to": [16, 9, 16],
			"faces": {
				"north": {"uv": [0, 7, 16, 9], "texture": "#side"},
				"east": {"uv": [0, 7, 16, 9], "texture": "#side"},
				"south": {"uv": [0, 7, 16, 9], "texture": "#side"},
				"west": {"uv": [0, 7, 16, 9], "texture": "#side"},
				"up": {"uv": [0, 0, 16, 16], "texture": "#end"},
				"down": {"uv": [0, 0, 16, 16], "texture": "#end"}
			}
		},
		{
			"from": [15, 9, 15],
			"to": [16, 15, 16],
			"faces": {
				"north": {"uv": [15, 1, 16, 7], "texture": "#side"},
				"east": {"uv": [15, 1, 16, 7], "texture": "#side"},
				"south": {"uv": [15, 1, 16, 7], "texture": "#side"},
				"west": {"uv": [15, 1, 16, 7], "texture": "#side"},
				"up": {"uv": [15, 1, 16, 7], "texture": "#side"},
				"down": {"uv": [15, 1, 16, 7], "texture": "#side"}
			}
		},
		{
			"from": [15, 9, 0],
			"to": [16, 15, 1],
			"faces": {
				"north": {"uv": [0, 1, 1, 7], "texture": "#side"},
				"east": {"uv": [0, 1, 1, 7], "texture": "#side"},
				"south": {"uv": [0, 1, 1, 7], "texture": "#side"},
				"west": {"uv": [0, 1, 1, 7], "texture": "#side"},
				"up": {"uv": [0, 1, 1, 7], "texture": "#side"},
				"down": {"uv": [0, 1, 1, 7], "texture": "#side"}
			}
		},
		{
			"from": [0, 9, 0],
			"to": [1, 15, 1],
			"faces": {
				"north": {"uv": [0, 1, 1, 7], "texture": "#side"},
				"east": {"uv": [0, 1, 1, 7], "texture": "#side"},
				"south": {"uv": [0, 1, 1, 7], "texture": "#side"},
				"west": {"uv": [0, 1, 1, 7], "texture": "#side"},
				"up": {"uv": [0, 1, 1, 7], "texture": "#side"},
				"down": {"uv": [0, 1, 1, 7], "texture": "#side"}
			}
		},
		{
			"from": [0, 9, 15],
			"to": [1, 15, 16],
			"faces": {
				"north": {"uv": [15, 1, 16, 7], "texture": "#side"},
				"east": {"uv": [15, 1, 16, 7], "texture": "#side"},
				"south": {"uv": [15, 1, 16, 7], "texture": "#side"},
				"west": {"uv": [15, 1, 16, 7], "texture": "#side"},
				"up": {"uv": [15, 1, 16, 7], "texture": "#side"},
				"down": {"uv": [15, 1, 16, 7], "texture": "#side"}
			}
		},
		{
			"from": [0, 1, 15],
			"to": [1, 7, 16],
			"faces": {
				"north": {"uv": [0, 1, 1, 7], "texture": "#side"},
				"east": {"uv": [0, 1, 1, 7], "texture": "#side"},
				"south": {"uv": [0, 1, 1, 7], "texture": "#side"},
				"west": {"uv": [0, 1, 1, 7], "texture": "#side"},
				"up": {"uv": [0, 1, 1, 7], "texture": "#side"},
				"down": {"uv": [0, 1, 1, 7], "texture": "#side"}
			}
		},
		{
			"from": [15, 1, 15],
			"to": [16, 7, 16],
			"faces": {
				"north": {"uv": [15, 1, 16, 7], "texture": "#side"},
				"east": {"uv": [15, 1, 16, 7], "texture": "#side"},
				"south": {"uv": [15, 1, 16, 7], "texture": "#side"},
				"west": {"uv": [15, 1, 16, 7], "texture": "#side"},
				"up": {"uv": [15, 1, 16, 7], "texture": "#side"},
				"down": {"uv": [15, 1, 16, 7], "texture": "#side"}
			}
		},
		{
			"from": [15, 1, 0],
			"to": [16, 7, 1],
			"faces": {
				"north": {"uv": [0, 1, 1, 7], "texture": "#side"},
				"east": {"uv": [0, 1, 1, 7], "texture": "#side"},
				"south": {"uv": [0, 1, 1, 7], "texture": "#side"},
				"west": {"uv": [0, 1, 1, 7], "texture": "#side"},
				"up": {"uv": [0, 1, 1, 7], "texture": "#side"},
				"down": {"uv": [0, 1, 1, 7], "texture": "#side"}
			}
		},
		{
			"from": [0, 1, 0],
			"to": [1, 7, 1],
			"faces": {
				"north": {"uv": [15, 1, 16, 7], "texture": "#side"},
				"east": {"uv": [15, 1, 16, 7], "texture": "#side"},
				"south": {"uv": [15, 1, 16, 7], "texture": "#side"},
				"west": {"uv": [15, 1, 16, 7], "texture": "#side"},
				"up": {"uv": [15, 1, 16, 7], "texture": "#side"},
				"down": {"uv": [15, 1, 16, 7], "texture": "#side"}
			}
		},
		{
			"name": "biggang",
			"from": [1, 1, 1],
			"to": [15, 15, 15],
			"faces": {
				"north": {"uv": [1, 1, 15, 15], "texture": "#side"},
				"east": {"uv": [1, 1, 15, 15], "texture": "#side"},
				"south": {"uv": [1, 1, 15, 15], "texture": "#side"},
				"west": {"uv": [1, 1, 15, 15], "texture": "#side"},
				"up": {"uv": [0, 0, 14, 14], "texture": "#missing"},
				"down": {"uv": [0, 0, 14, 14], "texture": "#missing"}
			}
		},
		{
			"from": [9, 9, 0],
			"to": [10, 13, 1],
			"faces": {
				"north": {"uv": [6, 3, 7, 7], "texture": "#side"},
				"east": {"uv": [6, 3, 7, 7], "texture": "#side"},
				"south": {"uv": [6, 3, 7, 7], "texture": "#side"},
				"west": {"uv": [6, 3, 7, 7], "texture": "#side"},
				"up": {"uv": [6, 3, 7, 4], "texture": "#side"},
				"down": {"uv": [6, 3, 7, 7], "texture": "#side"}
			}
		},
		{
			"from": [13, 9, 0.4],
			"to": [15, 13, 1],
			"faces": {
				"north": {"uv": [1, 3, 3, 7], "texture": "#side"},
				"east": {"uv": [0, 0, 0.6, 4], "texture": "#missing"},
				"south": {"uv": [0, 0, 2, 4], "texture": "#missing"},
				"west": {"uv": [2, 3, 2.6, 7], "texture": "#side"},
				"up": {"uv": [1, 3, 3, 3.6], "texture": "#side"},
				"down": {"uv": [0, 0, 2, 0.6], "texture": "#missing"}
			}
		},
		{
			"from": [1, 9, 0.4],
			"to": [3, 14, 1],
			"faces": {
				"north": {"uv": [13, 2, 15, 7], "texture": "#side"},
				"east": {"uv": [13, 2, 14, 7], "texture": "#side"},
				"south": {"uv": [0, 0, 2, 4], "texture": "#missing"},
				"west": {"uv": [14, 2, 15, 7], "texture": "#side"},
				"up": {"uv": [13, 2, 15, 2.6], "texture": "#side"},
				"down": {"uv": [0, 0, 2, 0.6], "texture": "#missing"}
			}
		},
		{
			"from": [12, 1, 0.4],
			"to": [14, 6, 1],
			"faces": {
				"north": {"uv": [2, 10, 4, 15], "texture": "#side"},
				"east": {"uv": [2, 10, 3, 15], "texture": "#side"},
				"south": {"uv": [0, 0, 2, 4], "texture": "#missing"},
				"west": {"uv": [3, 10, 4, 15], "texture": "#side"},
				"up": {"uv": [2, 10, 4, 10.6], "texture": "#side"},
				"down": {"uv": [0, 0, 2, 0.6], "texture": "#missing"}
			}
		},
		{
			"from": [11, 9, 0.6],
			"to": [13, 14, 1],
			"faces": {
				"north": {"uv": [3, 2, 5, 7], "texture": "#side"},
				"east": {"uv": [3, 2, 4, 7], "texture": "#side"},
				"south": {"uv": [0, 0, 2, 4], "texture": "#missing"},
				"west": {"uv": [4, 2, 5, 7], "texture": "#side"},
				"up": {"uv": [3, 2, 5, 2.6], "texture": "#side"},
				"down": {"uv": [0, 0, 2, 0.6], "texture": "#missing"}
			}
		},
		{
			"from": [4, 9, 0.3],
			"to": [6, 14, 1],
			"faces": {
				"north": {"uv": [10, 2, 12, 7], "texture": "#side"},
				"east": {"uv": [10, 2, 11, 7], "texture": "#side"},
				"south": {"uv": [0, 0, 2, 4], "texture": "#missing"},
				"west": {"uv": [11, 2, 12, 7], "texture": "#side"},
				"up": {"uv": [10, 2, 12, 2.6], "texture": "#side"},
				"down": {"uv": [0, 0, 2, 0.6], "texture": "#missing"}
			}
		},
		{
			"from": [4, 1, 0.5],
			"to": [6, 6, 1],
			"faces": {
				"north": {"uv": [10, 10, 12, 15], "texture": "#side"},
				"east": {"uv": [10, 10, 11, 15], "texture": "#side"},
				"south": {"uv": [0, 0, 2, 4], "texture": "#missing"},
				"west": {"uv": [11, 10, 12, 15], "texture": "#side"},
				"up": {"uv": [10, 10, 12, 10.6], "texture": "#side"},
				"down": {"uv": [0, 0, 2, 0.6], "texture": "#missing"}
			}
		},
		{
			"from": [14, 1, 0.2],
			"to": [15, 5, 1],
			"faces": {
				"north": {"uv": [1, 11, 2, 15], "texture": "#side"},
				"east": {"uv": [0, 0, 0.8, 4], "texture": "#missing"},
				"south": {"uv": [0, 0, 1, 4], "texture": "#missing"},
				"west": {"uv": [1, 11, 1.8, 15], "texture": "#side"},
				"up": {"uv": [1, 11, 2, 11.8], "texture": "#side"},
				"down": {"uv": [0, 0, 1, 0.8], "texture": "#missing"}
			}
		},
		{
			"from": [6, 1, 0.2],
			"to": [7, 4, 1],
			"faces": {
				"north": {"uv": [9, 12, 10, 15], "texture": "#side"},
				"east": {"uv": [9, 12, 10, 15], "texture": "#side"},
				"south": {"uv": [9, 12, 10, 15], "texture": "#side"},
				"west": {"uv": [9, 12, 10, 15], "texture": "#side"},
				"up": {"uv": [9, 12, 10, 14], "texture": "#side"},
				"down": {"uv": [9, 12, 10, 15], "texture": "#side"}
			}
		},
		{
			"from": [3, 9, 0.6],
			"to": [4, 13, 1],
			"faces": {
				"north": {"uv": [1, 11, 2, 15], "texture": "#side"},
				"east": {"uv": [0, 0, 0.8, 4], "texture": "#missing"},
				"south": {"uv": [0, 0, 1, 4], "texture": "#missing"},
				"west": {"uv": [1, 11, 1.8, 15], "texture": "#side"},
				"up": {"uv": [1, 11, 2, 11.8], "texture": "#side"},
				"down": {"uv": [0, 0, 1, 0.8], "texture": "#missing"}
			}
		},
		{
			"from": [11, 1, 0.6],
			"to": [12, 5, 1],
			"faces": {
				"north": {"uv": [4, 11, 5, 15], "texture": "#side"},
				"east": {"uv": [4, 11, 5, 15], "texture": "#side"},
				"south": {"uv": [4, 11, 5, 15], "texture": "#side"},
				"west": {"uv": [4, 11, 5, 15], "texture": "#side"},
				"up": {"uv": [4, 11, 5, 12], "texture": "#side"},
				"down": {"uv": [4, 11, 5, 15], "texture": "#side"}
			}
		},
		{
			"from": [9, 1, 0.2],
			"to": [11, 7, 1],
			"faces": {
				"north": {"uv": [5, 9, 7, 15], "texture": "#side"},
				"east": {"uv": [5, 9, 5.8, 15], "texture": "#side"},
				"south": {"uv": [0, 0, 2, 6], "texture": "#missing"},
				"west": {"uv": [6, 9, 6.8, 15], "texture": "#side"},
				"up": {"uv": [0, 0, 2, 0.8], "texture": "#missing"},
				"down": {"uv": [0, 0, 2, 0.8], "texture": "#missing"}
			}
		},
		{
			"from": [6, 9, 0.2],
			"to": [8, 15, 1],
			"faces": {
				"north": {"uv": [8, 1, 10, 7], "texture": "#side"},
				"east": {"uv": [8, 1, 8.8, 7], "texture": "#side"},
				"south": {"uv": [0, 0, 2, 6], "texture": "#missing"},
				"west": {"uv": [9, 1, 9.8, 7], "texture": "#side"},
				"up": {"uv": [0, 0, 2, 0.8], "texture": "#missing"},
				"down": {"uv": [0, 0, 2, 0.8], "texture": "#missing"}
			}
		},
		{
			"from": [1, 1, 0.2],
			"to": [3, 5, 1],
			"faces": {
				"north": {"uv": [13, 11, 15, 15], "texture": "#side"},
				"east": {"uv": [13, 11, 13.8, 15], "texture": "#side"},
				"south": {"uv": [0, 0, 2, 4], "texture": "#missing"},
				"west": {"uv": [0, 0, 0.8, 4], "texture": "#missing"},
				"up": {"uv": [13, 11, 15, 11.8], "texture": "#side"},
				"down": {"uv": [0, 0, 2, 0.8], "texture": "#missing"}
			}
		},
		{
			"from": [3, 2, 0.2],
			"to": [4, 5, 1],
			"faces": {
				"north": {"uv": [12, 11, 13, 14], "texture": "#side"},
				"east": {"uv": [12, 11, 13, 14], "texture": "#side"},
				"south": {"uv": [0, 0, 2, 4], "texture": "#missing"},
				"west": {"uv": [0, 0, 0.8, 4], "texture": "#missing"},
				"up": {"uv": [12, 11, 14, 11.8], "texture": "#side"},
				"down": {"uv": [13, 13, 14, 14], "texture": "#side"}
			}
		},
		{
			"from": [7, 1, 0.7],
			"to": [8, 3, 1],
			"faces": {
				"north": {"uv": [8, 13, 9, 15], "texture": "#side"},
				"east": {"uv": [8, 13, 9, 15], "texture": "#side"},
				"south": {"uv": [8, 13, 9, 15], "texture": "#side"},
				"west": {"uv": [8, 13, 9, 15], "texture": "#side"},
				"up": {"uv": [8, 13, 9, 14], "texture": "#side"},
				"down": {"uv": [8, 13, 9, 15], "texture": "#side"}
			}
		},
		{
			"from": [8, 2, 0.7],
			"to": [9, 5, 1],
			"faces": {
				"north": {"uv": [7, 11, 8, 14], "texture": "#side"},
				"east": {"uv": [7, 11, 8, 14], "texture": "#side"},
				"south": {"uv": [7, 11, 8, 14], "texture": "#side"},
				"west": {"uv": [7, 11, 8, 14], "texture": "#side"},
				"up": {"uv": [7, 11, 8, 13], "texture": "#side"},
				"down": {"uv": [7, 13, 8, 14], "texture": "#side"}
			}
		},
		{
			"from": [8, 9, 0],
			"to": [9, 12, 1],
			"faces": {
				"north": {"uv": [7, 4, 8, 7], "texture": "#side"},
				"east": {"uv": [7, 4, 8, 7], "texture": "#side"},
				"south": {"uv": [7, 4, 8, 7], "texture": "#side"},
				"west": {"uv": [7, 4, 8, 7], "texture": "#side"},
				"up": {"uv": [7, 4, 8, 5], "texture": "#side"},
				"down": {"uv": [7, 4, 8, 7], "texture": "#side"}
			}
		},
		{
			"from": [10, 11, 0],
			"to": [11, 14, 1],
			"faces": {
				"north": {"uv": [5, 2, 6, 5], "texture": "#side"},
				"east": {"uv": [5, 2, 6, 5], "texture": "#side"},
				"south": {"uv": [5, 2, 6, 5], "texture": "#side"},
				"west": {"uv": [5, 2, 6, 5], "texture": "#side"},
				"up": {"uv": [5, 2, 6, 3], "texture": "#side"},
				"down": {"uv": [5, 4, 6, 5], "texture": "#side"}
			}
		},
		{
			"from": [0, 9, 6],
			"to": [1, 13, 7],
			"faces": {
				"north": {"uv": [6, 3, 7, 7], "texture": "#side"},
				"east": {"uv": [6, 3, 7, 7], "texture": "#side"},
				"south": {"uv": [6, 3, 7, 7], "texture": "#side"},
				"west": {"uv": [6, 3, 7, 7], "texture": "#side"},
				"up": {"uv": [6, 3, 7, 4], "rotation": 270, "texture": "#side"},
				"down": {"uv": [6, 3, 7, 7], "rotation": 90, "texture": "#side"}
			}
		},
		{
			"from": [0.4, 9, 1],
			"to": [1, 13, 3],
			"faces": {
				"north": {"uv": [0, 0, 0.6, 4], "texture": "#missing"},
				"east": {"uv": [0, 0, 2, 4], "texture": "#missing"},
				"south": {"uv": [2, 3, 2.6, 7], "texture": "#side"},
				"west": {"uv": [1, 3, 3, 7], "texture": "#side"},
				"up": {"uv": [1, 3, 3, 3.6], "rotation": 270, "texture": "#side"},
				"down": {"uv": [0, 0, 2, 0.6], "rotation": 90, "texture": "#missing"}
			}
		},
		{
			"from": [0.4, 9, 13],
			"to": [1, 14, 15],
			"faces": {
				"north": {"uv": [13, 2, 14, 7], "texture": "#side"},
				"east": {"uv": [0, 0, 2, 4], "texture": "#missing"},
				"south": {"uv": [14, 2, 15, 7], "texture": "#side"},
				"west": {"uv": [13, 2, 15, 7], "texture": "#side"},
				"up": {"uv": [13, 2, 15, 2.6], "rotation": 270, "texture": "#side"},
				"down": {"uv": [0, 0, 2, 0.6], "rotation": 90, "texture": "#missing"}
			}
		},
		{
			"from": [0.4, 1, 2],
			"to": [1, 6, 4],
			"faces": {
				"north": {"uv": [2, 10, 3, 15], "texture": "#side"},
				"east": {"uv": [0, 0, 2, 4], "texture": "#missing"},
				"south": {"uv": [3, 10, 4, 15], "texture": "#side"},
				"west": {"uv": [2, 10, 4, 15], "texture": "#side"},
				"up": {"uv": [2, 10, 4, 10.6], "rotation": 270, "texture": "#side"},
				"down": {"uv": [0, 0, 2, 0.6], "rotation": 90, "texture": "#missing"}
			}
		},
		{
			"from": [0.6, 9, 3],
			"to": [1, 14, 5],
			"faces": {
				"north": {"uv": [3, 2, 4, 7], "texture": "#side"},
				"east": {"uv": [0, 0, 2, 4], "texture": "#missing"},
				"south": {"uv": [4, 2, 5, 7], "texture": "#side"},
				"west": {"uv": [3, 2, 5, 7], "texture": "#side"},
				"up": {"uv": [3, 2, 5, 2.6], "rotation": 270, "texture": "#side"},
				"down": {"uv": [0, 0, 2, 0.6], "rotation": 90, "texture": "#missing"}
			}
		},
		{
			"from": [0.3, 9, 10],
			"to": [1, 14, 12],
			"faces": {
				"north": {"uv": [10, 2, 11, 7], "texture": "#side"},
				"east": {"uv": [0, 0, 2, 4], "texture": "#missing"},
				"south": {"uv": [11, 2, 12, 7], "texture": "#side"},
				"west": {"uv": [10, 2, 12, 7], "texture": "#side"},
				"up": {"uv": [10, 2, 12, 2.6], "rotation": 270, "texture": "#side"},
				"down": {"uv": [0, 0, 2, 0.6], "rotation": 90, "texture": "#missing"}
			}
		},
		{
			"from": [0.5, 1, 10],
			"to": [1, 6, 12],
			"faces": {
				"north": {"uv": [10, 10, 11, 15], "texture": "#side"},
				"east": {"uv": [0, 0, 2, 4], "texture": "#missing"},
				"south": {"uv": [11, 10, 12, 15], "texture": "#side"},
				"west": {"uv": [10, 10, 12, 15], "texture": "#side"},
				"up": {"uv": [10, 10, 12, 10.6], "rotation": 270, "texture": "#side"},
				"down": {"uv": [0, 0, 2, 0.6], "rotation": 90, "texture": "#missing"}
			}
		},
		{
			"from": [0.2, 1, 1],
			"to": [1, 5, 2],
			"faces": {
				"north": {"uv": [0, 0, 0.8, 4], "texture": "#missing"},
				"east": {"uv": [0, 0, 1, 4], "texture": "#missing"},
				"south": {"uv": [1, 11, 1.8, 15], "texture": "#side"},
				"west": {"uv": [1, 11, 2, 15], "texture": "#side"},
				"up": {"uv": [1, 11, 2, 11.8], "rotation": 270, "texture": "#side"},
				"down": {"uv": [0, 0, 1, 0.8], "rotation": 90, "texture": "#missing"}
			}
		},
		{
			"from": [0.2, 1, 9],
			"to": [1, 4, 10],
			"faces": {
				"north": {"uv": [9, 12, 10, 15], "texture": "#side"},
				"east": {"uv": [9, 12, 10, 15], "texture": "#side"},
				"south": {"uv": [9, 12, 10, 15], "texture": "#side"},
				"west": {"uv": [9, 12, 10, 15], "texture": "#side"},
				"up": {"uv": [9, 12, 10, 14], "rotation": 270, "texture": "#side"},
				"down": {"uv": [9, 12, 10, 15], "rotation": 90, "texture": "#side"}
			}
		},
		{
			"from": [0.6, 9, 12],
			"to": [1, 13, 13],
			"faces": {
				"north": {"uv": [0, 0, 0.8, 4], "texture": "#missing"},
				"east": {"uv": [0, 0, 1, 4], "texture": "#missing"},
				"south": {"uv": [1, 11, 1.8, 15], "texture": "#side"},
				"west": {"uv": [1, 11, 2, 15], "texture": "#side"},
				"up": {"uv": [1, 11, 2, 11.8], "rotation": 270, "texture": "#side"},
				"down": {"uv": [0, 0, 1, 0.8], "rotation": 90, "texture": "#missing"}
			}
		},
		{
			"from": [0.6, 1, 4],
			"to": [1, 5, 5],
			"faces": {
				"north": {"uv": [4, 11, 5, 15], "texture": "#side"},
				"east": {"uv": [4, 11, 5, 15], "texture": "#side"},
				"south": {"uv": [4, 11, 5, 15], "texture": "#side"},
				"west": {"uv": [4, 11, 5, 15], "texture": "#side"},
				"up": {"uv": [4, 11, 5, 12], "rotation": 270, "texture": "#side"},
				"down": {"uv": [4, 11, 5, 15], "rotation": 90, "texture": "#side"}
			}
		},
		{
			"from": [0.2, 1, 5],
			"to": [1, 7, 7],
			"faces": {
				"north": {"uv": [5, 9, 5.8, 15], "texture": "#side"},
				"east": {"uv": [0, 0, 2, 6], "texture": "#missing"},
				"south": {"uv": [6, 9, 6.8, 15], "texture": "#side"},
				"west": {"uv": [5, 9, 7, 15], "texture": "#side"},
				"up": {"uv": [0, 0, 2, 0.8], "rotation": 270, "texture": "#missing"},
				"down": {"uv": [0, 0, 2, 0.8], "rotation": 90, "texture": "#missing"}
			}
		},
		{
			"from": [0.2, 9, 8],
			"to": [1, 15, 10],
			"faces": {
				"north": {"uv": [8, 1, 8.8, 7], "texture": "#side"},
				"east": {"uv": [0, 0, 2, 6], "texture": "#missing"},
				"south": {"uv": [9, 1, 9.8, 7], "texture": "#side"},
				"west": {"uv": [8, 1, 10, 7], "texture": "#side"},
				"up": {"uv": [0, 0, 2, 0.8], "rotation": 270, "texture": "#missing"},
				"down": {"uv": [0, 0, 2, 0.8], "rotation": 90, "texture": "#missing"}
			}
		},
		{
			"from": [0.2, 1, 13],
			"to": [1, 5, 15],
			"faces": {
				"north": {"uv": [13, 11, 13.8, 15], "texture": "#side"},
				"east": {"uv": [0, 0, 2, 4], "texture": "#missing"},
				"south": {"uv": [0, 0, 0.8, 4], "texture": "#missing"},
				"west": {"uv": [13, 11, 15, 15], "texture": "#side"},
				"up": {"uv": [13, 11, 15, 11.8], "rotation": 270, "texture": "#side"},
				"down": {"uv": [0, 0, 2, 0.8], "rotation": 90, "texture": "#missing"}
			}
		},
		{
			"from": [0.2, 2, 12],
			"to": [1, 5, 13],
			"faces": {
				"north": {"uv": [12, 11, 13, 14], "texture": "#side"},
				"east": {"uv": [0, 0, 2, 4], "texture": "#missing"},
				"south": {"uv": [0, 0, 0.8, 4], "texture": "#missing"},
				"west": {"uv": [12, 11, 13, 14], "texture": "#side"},
				"up": {"uv": [12, 11, 14, 11.8], "rotation": 270, "texture": "#side"},
				"down": {"uv": [13, 13, 14, 14], "rotation": 90, "texture": "#side"}
			}
		},
		{
			"from": [0.7, 1, 8],
			"to": [1, 3, 9],
			"faces": {
				"north": {"uv": [8, 13, 9, 15], "texture": "#side"},
				"east": {"uv": [8, 13, 9, 15], "texture": "#side"},
				"south": {"uv": [8, 13, 9, 15], "texture": "#side"},
				"west": {"uv": [8, 13, 9, 15], "texture": "#side"},
				"up": {"uv": [8, 13, 9, 14], "rotation": 270, "texture": "#side"},
				"down": {"uv": [8, 13, 9, 15], "rotation": 90, "texture": "#side"}
			}
		},
		{
			"from": [0.7, 2, 7],
			"to": [1, 5, 8],
			"faces": {
				"north": {"uv": [7, 11, 8, 14], "texture": "#side"},
				"east": {"uv": [7, 11, 8, 14], "texture": "#side"},
				"south": {"uv": [7, 11, 8, 14], "texture": "#side"},
				"west": {"uv": [7, 11, 8, 14], "texture": "#side"},
				"up": {"uv": [7, 11, 8, 13], "rotation": 270, "texture": "#side"},
				"down": {"uv": [7, 13, 8, 14], "rotation": 90, "texture": "#side"}
			}
		},
		{
			"from": [0, 9, 7],
			"to": [1, 12, 8],
			"faces": {
				"north": {"uv": [7, 4, 8, 7], "texture": "#side"},
				"east": {"uv": [7, 4, 8, 7], "texture": "#side"},
				"south": {"uv": [7, 4, 8, 7], "texture": "#side"},
				"west": {"uv": [7, 4, 8, 7], "texture": "#side"},
				"up": {"uv": [7, 4, 8, 5], "rotation": 270, "texture": "#side"},
				"down": {"uv": [7, 4, 8, 7], "rotation": 90, "texture": "#side"}
			}
		},
		{
			"from": [0, 11, 5],
			"to": [1, 14, 6],
			"faces": {
				"north": {"uv": [5, 2, 6, 5], "texture": "#side"},
				"east": {"uv": [5, 2, 6, 5], "texture": "#side"},
				"south": {"uv": [5, 2, 6, 5], "texture": "#side"},
				"west": {"uv": [5, 2, 6, 5], "texture": "#side"},
				"up": {"uv": [5, 2, 6, 3], "rotation": 270, "texture": "#side"},
				"down": {"uv": [5, 4, 6, 5], "rotation": 90, "texture": "#side"}
			}
		},
		{
			"from": [6, 9, 15],
			"to": [7, 13, 16],
			"faces": {
				"north": {"uv": [6, 3, 7, 7], "texture": "#side"},
				"east": {"uv": [6, 3, 7, 7], "texture": "#side"},
				"south": {"uv": [6, 3, 7, 7], "texture": "#side"},
				"west": {"uv": [6, 3, 7, 7], "texture": "#side"},
				"up": {"uv": [6, 3, 7, 4], "rotation": 180, "texture": "#side"},
				"down": {"uv": [6, 3, 7, 7], "rotation": 180, "texture": "#side"}
			}
		},
		{
			"from": [1, 9, 15],
			"to": [3, 13, 15.6],
			"faces": {
				"north": {"uv": [0, 0, 2, 4], "texture": "#missing"},
				"east": {"uv": [2, 3, 2.6, 7], "texture": "#side"},
				"south": {"uv": [1, 3, 3, 7], "texture": "#side"},
				"west": {"uv": [0, 0, 0.6, 4], "texture": "#missing"},
				"up": {"uv": [1, 3, 3, 3.6], "rotation": 180, "texture": "#side"},
				"down": {"uv": [0, 0, 2, 0.6], "rotation": 180, "texture": "#missing"}
			}
		},
		{
			"from": [13, 9, 15],
			"to": [15, 14, 15.6],
			"faces": {
				"north": {"uv": [0, 0, 2, 4], "texture": "#missing"},
				"east": {"uv": [14, 2, 15, 7], "texture": "#side"},
				"south": {"uv": [13, 2, 15, 7], "texture": "#side"},
				"west": {"uv": [13, 2, 14, 7], "texture": "#side"},
				"up": {"uv": [13, 2, 15, 2.6], "rotation": 180, "texture": "#side"},
				"down": {"uv": [0, 0, 2, 0.6], "rotation": 180, "texture": "#missing"}
			}
		},
		{
			"from": [2, 1, 15],
			"to": [4, 6, 15.6],
			"faces": {
				"north": {"uv": [0, 0, 2, 4], "texture": "#missing"},
				"east": {"uv": [3, 10, 4, 15], "texture": "#side"},
				"south": {"uv": [2, 10, 4, 15], "texture": "#side"},
				"west": {"uv": [2, 10, 3, 15], "texture": "#side"},
				"up": {"uv": [2, 10, 4, 10.6], "rotation": 180, "texture": "#side"},
				"down": {"uv": [0, 0, 2, 0.6], "rotation": 180, "texture": "#missing"}
			}
		},
		{
			"from": [3, 9, 15],
			"to": [5, 14, 15.4],
			"faces": {
				"north": {"uv": [0, 0, 2, 4], "texture": "#missing"},
				"east": {"uv": [4, 2, 5, 7], "texture": "#side"},
				"south": {"uv": [3, 2, 5, 7], "texture": "#side"},
				"west": {"uv": [3, 2, 4, 7], "texture": "#side"},
				"up": {"uv": [3, 2, 5, 2.6], "rotation": 180, "texture": "#side"},
				"down": {"uv": [0, 0, 2, 0.6], "rotation": 180, "texture": "#missing"}
			}
		},
		{
			"from": [10, 9, 15],
			"to": [12, 14, 15.7],
			"faces": {
				"north": {"uv": [0, 0, 2, 4], "texture": "#missing"},
				"east": {"uv": [11, 2, 12, 7], "texture": "#side"},
				"south": {"uv": [10, 2, 12, 7], "texture": "#side"},
				"west": {"uv": [10, 2, 11, 7], "texture": "#side"},
				"up": {"uv": [10, 2, 12, 2.6], "rotation": 180, "texture": "#side"},
				"down": {"uv": [0, 0, 2, 0.6], "rotation": 180, "texture": "#missing"}
			}
		},
		{
			"from": [10, 1, 15],
			"to": [12, 6, 15.5],
			"faces": {
				"north": {"uv": [0, 0, 2, 4], "texture": "#missing"},
				"east": {"uv": [11, 10, 12, 15], "texture": "#side"},
				"south": {"uv": [10, 10, 12, 15], "texture": "#side"},
				"west": {"uv": [10, 10, 11, 15], "texture": "#side"},
				"up": {"uv": [10, 10, 12, 10.6], "rotation": 180, "texture": "#side"},
				"down": {"uv": [0, 0, 2, 0.6], "rotation": 180, "texture": "#missing"}
			}
		},
		{
			"from": [1, 1, 15],
			"to": [2, 5, 15.8],
			"faces": {
				"north": {"uv": [0, 0, 1, 4], "texture": "#missing"},
				"east": {"uv": [1, 11, 1.8, 15], "texture": "#side"},
				"south": {"uv": [1, 11, 2, 15], "texture": "#side"},
				"west": {"uv": [0, 0, 0.8, 4], "texture": "#missing"},
				"up": {"uv": [1, 11, 2, 11.8], "rotation": 180, "texture": "#side"},
				"down": {"uv": [0, 0, 1, 0.8], "rotation": 180, "texture": "#missing"}
			}
		},
		{
			"from": [9, 1, 15],
			"to": [10, 4, 15.8],
			"faces": {
				"north": {"uv": [9, 12, 10, 15], "texture": "#side"},
				"east": {"uv": [9, 12, 10, 15], "texture": "#side"},
				"south": {"uv": [9, 12, 10, 15], "texture": "#side"},
				"west": {"uv": [9, 12, 10, 15], "texture": "#side"},
				"up": {"uv": [9, 12, 10, 14], "rotation": 180, "texture": "#side"},
				"down": {"uv": [9, 12, 10, 15], "rotation": 180, "texture": "#side"}
			}
		},
		{
			"from": [12, 9, 15],
			"to": [13, 13, 15.4],
			"faces": {
				"north": {"uv": [0, 0, 1, 4], "texture": "#missing"},
				"east": {"uv": [1, 11, 1.8, 15], "texture": "#side"},
				"south": {"uv": [1, 11, 2, 15], "texture": "#side"},
				"west": {"uv": [0, 0, 0.8, 4], "texture": "#missing"},
				"up": {"uv": [1, 11, 2, 11.8], "rotation": 180, "texture": "#side"},
				"down": {"uv": [0, 0, 1, 0.8], "rotation": 180, "texture": "#missing"}
			}
		},
		{
			"from": [4, 1, 15],
			"to": [5, 5, 15.4],
			"faces": {
				"north": {"uv": [4, 11, 5, 15], "texture": "#side"},
				"east": {"uv": [4, 11, 5, 15], "texture": "#side"},
				"south": {"uv": [4, 11, 5, 15], "texture": "#side"},
				"west": {"uv": [4, 11, 5, 15], "texture": "#side"},
				"up": {"uv": [4, 11, 5, 12], "rotation": 180, "texture": "#side"},
				"down": {"uv": [4, 11, 5, 15], "rotation": 180, "texture": "#side"}
			}
		},
		{
			"from": [5, 1, 15],
			"to": [7, 7, 15.8],
			"faces": {
				"north": {"uv": [0, 0, 2, 6], "texture": "#missing"},
				"east": {"uv": [6, 9, 6.8, 15], "texture": "#side"},
				"south": {"uv": [5, 9, 7, 15], "texture": "#side"},
				"west": {"uv": [5, 9, 5.8, 15], "texture": "#side"},
				"up": {"uv": [0, 0, 2, 0.8], "rotation": 180, "texture": "#missing"},
				"down": {"uv": [0, 0, 2, 0.8], "rotation": 180, "texture": "#missing"}
			}
		},
		{
			"from": [8, 9, 15],
			"to": [10, 15, 15.8],
			"faces": {
				"north": {"uv": [0, 0, 2, 6], "texture": "#missing"},
				"east": {"uv": [9, 1, 9.8, 7], "texture": "#side"},
				"south": {"uv": [8, 1, 10, 7], "texture": "#side"},
				"west": {"uv": [8, 1, 8.8, 7], "texture": "#side"},
				"up": {"uv": [0, 0, 2, 0.8], "rotation": 180, "texture": "#missing"},
				"down": {"uv": [0, 0, 2, 0.8], "rotation": 180, "texture": "#missing"}
			}
		},
		{
			"from": [13, 1, 15],
			"to": [15, 5, 15.8],
			"faces": {
				"north": {"uv": [0, 0, 2, 4], "texture": "#missing"},
				"east": {"uv": [0, 0, 0.8, 4], "texture": "#missing"},
				"south": {"uv": [13, 11, 15, 15], "texture": "#side"},
				"west": {"uv": [13, 11, 13.8, 15], "texture": "#side"},
				"up": {"uv": [13, 11, 15, 11.8], "rotation": 180, "texture": "#side"},
				"down": {"uv": [0, 0, 2, 0.8], "rotation": 180, "texture": "#missing"}
			}
		},
		{
			"from": [12, 2, 15],
			"to": [13, 5, 15.8],
			"faces": {
				"north": {"uv": [0, 0, 2, 4], "texture": "#missing"},
				"east": {"uv": [0, 0, 0.8, 4], "texture": "#missing"},
				"south": {"uv": [12, 11, 13, 14], "texture": "#side"},
				"west": {"uv": [12, 11, 13, 14], "texture": "#side"},
				"up": {"uv": [12, 11, 14, 11.8], "rotation": 180, "texture": "#side"},
				"down": {"uv": [13, 13, 14, 14], "rotation": 180, "texture": "#side"}
			}
		},
		{
			"from": [8, 1, 15],
			"to": [9, 3, 15.3],
			"faces": {
				"north": {"uv": [8, 13, 9, 15], "texture": "#side"},
				"east": {"uv": [8, 13, 9, 15], "texture": "#side"},
				"south": {"uv": [8, 13, 9, 15], "texture": "#side"},
				"west": {"uv": [8, 13, 9, 15], "texture": "#side"},
				"up": {"uv": [8, 13, 9, 14], "rotation": 180, "texture": "#side"},
				"down": {"uv": [8, 13, 9, 15], "rotation": 180, "texture": "#side"}
			}
		},
		{
			"from": [7, 2, 15],
			"to": [8, 5, 15.3],
			"faces": {
				"north": {"uv": [7, 11, 8, 14], "texture": "#side"},
				"east": {"uv": [7, 11, 8, 14], "texture": "#side"},
				"south": {"uv": [7, 11, 8, 14], "texture": "#side"},
				"west": {"uv": [7, 11, 8, 14], "texture": "#side"},
				"up": {"uv": [7, 11, 8, 13], "rotation": 180, "texture": "#side"},
				"down": {"uv": [7, 13, 8, 14], "rotation": 180, "texture": "#side"}
			}
		},
		{
			"from": [7, 9, 15],
			"to": [8, 12, 16],
			"faces": {
				"north": {"uv": [7, 4, 8, 7], "texture": "#side"},
				"east": {"uv": [7, 4, 8, 7], "texture": "#side"},
				"south": {"uv": [7, 4, 8, 7], "texture": "#side"},
				"west": {"uv": [7, 4, 8, 7], "texture": "#side"},
				"up": {"uv": [7, 4, 8, 5], "rotation": 180, "texture": "#side"},
				"down": {"uv": [7, 4, 8, 7], "rotation": 180, "texture": "#side"}
			}
		},
		{
			"from": [5, 11, 15],
			"to": [6, 14, 16],
			"faces": {
				"north": {"uv": [5, 2, 6, 5], "texture": "#side"},
				"east": {"uv": [5, 2, 6, 5], "texture": "#side"},
				"south": {"uv": [5, 2, 6, 5], "texture": "#side"},
				"west": {"uv": [5, 2, 6, 5], "texture": "#side"},
				"up": {"uv": [5, 2, 6, 3], "rotation": 180, "texture": "#side"},
				"down": {"uv": [5, 4, 6, 5], "rotation": 180, "texture": "#side"}
			}
		},
		{
			"from": [15, 9, 9],
			"to": [16, 13, 10],
			"faces": {
				"north": {"uv": [6, 3, 7, 7], "texture": "#side"},
				"east": {"uv": [6, 3, 7, 7], "texture": "#side"},
				"south": {"uv": [6, 3, 7, 7], "texture": "#side"},
				"west": {"uv": [6, 3, 7, 7], "texture": "#side"},
				"up": {"uv": [6, 3, 7, 4], "rotation": 90, "texture": "#side"},
				"down": {"uv": [6, 3, 7, 7], "rotation": 270, "texture": "#side"}
			}
		},
		{
			"from": [15, 9, 13],
			"to": [15.6, 13, 15],
			"faces": {
				"north": {"uv": [2, 3, 2.6, 7], "texture": "#side"},
				"east": {"uv": [1, 3, 3, 7], "texture": "#side"},
				"south": {"uv": [0, 0, 0.6, 4], "texture": "#missing"},
				"west": {"uv": [0, 0, 2, 4], "texture": "#missing"},
				"up": {"uv": [1, 3, 3, 3.6], "rotation": 90, "texture": "#side"},
				"down": {"uv": [0, 0, 2, 0.6], "rotation": 270, "texture": "#missing"}
			}
		},
		{
			"from": [15, 9, 1],
			"to": [15.6, 14, 3],
			"faces": {
				"north": {"uv": [14, 2, 15, 7], "texture": "#side"},
				"east": {"uv": [13, 2, 15, 7], "texture": "#side"},
				"south": {"uv": [13, 2, 14, 7], "texture": "#side"},
				"west": {"uv": [0, 0, 2, 4], "texture": "#missing"},
				"up": {"uv": [13, 2, 15, 2.6], "rotation": 90, "texture": "#side"},
				"down": {"uv": [0, 0, 2, 0.6], "rotation": 270, "texture": "#missing"}
			}
		},
		{
			"from": [15, 1, 12],
			"to": [15.6, 6, 14],
			"faces": {
				"north": {"uv": [3, 10, 4, 15], "texture": "#side"},
				"east": {"uv": [2, 10, 4, 15], "texture": "#side"},
				"south": {"uv": [2, 10, 3, 15], "texture": "#side"},
				"west": {"uv": [0, 0, 2, 4], "texture": "#missing"},
				"up": {"uv": [2, 10, 4, 10.6], "rotation": 90, "texture": "#side"},
				"down": {"uv": [0, 0, 2, 0.6], "rotation": 270, "texture": "#missing"}
			}
		},
		{
			"from": [15, 9, 11],
			"to": [15.4, 14, 13],
			"faces": {
				"north": {"uv": [4, 2, 5, 7], "texture": "#side"},
				"east": {"uv": [3, 2, 5, 7], "texture": "#side"},
				"south": {"uv": [3, 2, 4, 7], "texture": "#side"},
				"west": {"uv": [0, 0, 2, 4], "texture": "#missing"},
				"up": {"uv": [3, 2, 5, 2.6], "rotation": 90, "texture": "#side"},
				"down": {"uv": [0, 0, 2, 0.6], "rotation": 270, "texture": "#missing"}
			}
		},
		{
			"from": [15, 9, 4],
			"to": [15.7, 14, 6],
			"faces": {
				"north": {"uv": [11, 2, 12, 7], "texture": "#side"},
				"east": {"uv": [10, 2, 12, 7], "texture": "#side"},
				"south": {"uv": [10, 2, 11, 7], "texture": "#side"},
				"west": {"uv": [0, 0, 2, 4], "texture": "#missing"},
				"up": {"uv": [10, 2, 12, 2.6], "rotation": 90, "texture": "#side"},
				"down": {"uv": [0, 0, 2, 0.6], "rotation": 270, "texture": "#missing"}
			}
		},
		{
			"from": [15, 1, 4],
			"to": [15.5, 6, 6],
			"faces": {
				"north": {"uv": [11, 10, 12, 15], "texture": "#side"},
				"east": {"uv": [10, 10, 12, 15], "texture": "#side"},
				"south": {"uv": [10, 10, 11, 15], "texture": "#side"},
				"west": {"uv": [0, 0, 2, 4], "texture": "#missing"},
				"up": {"uv": [10, 10, 12, 10.6], "rotation": 90, "texture": "#side"},
				"down": {"uv": [0, 0, 2, 0.6], "rotation": 270, "texture": "#missing"}
			}
		},
		{
			"from": [15, 1, 14],
			"to": [15.8, 5, 15],
			"faces": {
				"north": {"uv": [1, 11, 1.8, 15], "texture": "#side"},
				"east": {"uv": [1, 11, 2, 15], "texture": "#side"},
				"south": {"uv": [0, 0, 0.8, 4], "texture": "#missing"},
				"west": {"uv": [0, 0, 1, 4], "texture": "#missing"},
				"up": {"uv": [1, 11, 2, 11.8], "rotation": 90, "texture": "#side"},
				"down": {"uv": [0, 0, 1, 0.8], "rotation": 270, "texture": "#missing"}
			}
		},
		{
			"from": [15, 1, 6],
			"to": [15.8, 4, 7],
			"faces": {
				"north": {"uv": [9, 12, 10, 15], "texture": "#side"},
				"east": {"uv": [9, 12, 10, 15], "texture": "#side"},
				"south": {"uv": [9, 12, 10, 15], "texture": "#side"},
				"west": {"uv": [9, 12, 10, 15], "texture": "#side"},
				"up": {"uv": [9, 12, 10, 14], "rotation": 90, "texture": "#side"},
				"down": {"uv": [9, 12, 10, 15], "rotation": 270, "texture": "#side"}
			}
		},
		{
			"from": [15, 9, 3],
			"to": [15.4, 13, 4],
			"faces": {
				"north": {"uv": [1, 11, 1.8, 15], "texture": "#side"},
				"east": {"uv": [1, 11, 2, 15], "texture": "#side"},
				"south": {"uv": [0, 0, 0.8, 4], "texture": "#missing"},
				"west": {"uv": [0, 0, 1, 4], "texture": "#missing"},
				"up": {"uv": [1, 11, 2, 11.8], "rotation": 90, "texture": "#side"},
				"down": {"uv": [0, 0, 1, 0.8], "rotation": 270, "texture": "#missing"}
			}
		},
		{
			"from": [15, 1, 11],
			"to": [15.4, 5, 12],
			"faces": {
				"north": {"uv": [4, 11, 5, 15], "texture": "#side"},
				"east": {"uv": [4, 11, 5, 15], "texture": "#side"},
				"south": {"uv": [4, 11, 5, 15], "texture": "#side"},
				"west": {"uv": [4, 11, 5, 15], "texture": "#side"},
				"up": {"uv": [4, 11, 5, 12], "rotation": 90, "texture": "#side"},
				"down": {"uv": [4, 11, 5, 15], "rotation": 270, "texture": "#side"}
			}
		},
		{
			"from": [15, 1, 9],
			"to": [15.8, 7, 11],
			"faces": {
				"north": {"uv": [6, 9, 6.8, 15], "texture": "#side"},
				"east": {"uv": [5, 9, 7, 15], "texture": "#side"},
				"south": {"uv": [5, 9, 5.8, 15], "texture": "#side"},
				"west": {"uv": [0, 0, 2, 6], "texture": "#missing"},
				"up": {"uv": [0, 0, 2, 0.8], "rotation": 90, "texture": "#missing"},
				"down": {"uv": [0, 0, 2, 0.8], "rotation": 270, "texture": "#missing"}
			}
		},
		{
			"from": [15, 9, 6],
			"to": [15.8, 15, 8],
			"faces": {
				"north": {"uv": [9, 1, 9.8, 7], "texture": "#side"},
				"east": {"uv": [8, 1, 10, 7], "texture": "#side"},
				"south": {"uv": [8, 1, 8.8, 7], "texture": "#side"},
				"west": {"uv": [0, 0, 2, 6], "texture": "#missing"},
				"up": {"uv": [0, 0, 2, 0.8], "rotation": 90, "texture": "#missing"},
				"down": {"uv": [0, 0, 2, 0.8], "rotation": 270, "texture": "#missing"}
			}
		},
		{
			"from": [15, 1, 1],
			"to": [15.8, 5, 3],
			"faces": {
				"north": {"uv": [0, 0, 0.8, 4], "texture": "#missing"},
				"east": {"uv": [13, 11, 15, 15], "texture": "#side"},
				"south": {"uv": [13, 11, 13.8, 15], "texture": "#side"},
				"west": {"uv": [0, 0, 2, 4], "texture": "#missing"},
				"up": {"uv": [13, 11, 15, 11.8], "rotation": 90, "texture": "#side"},
				"down": {"uv": [0, 0, 2, 0.8], "rotation": 270, "texture": "#missing"}
			}
		},
		{
			"from": [15, 2, 3],
			"to": [15.8, 5, 4],
			"faces": {
				"north": {"uv": [0, 0, 0.8, 4], "texture": "#missing"},
				"east": {"uv": [12, 11, 13, 14], "texture": "#side"},
				"south": {"uv": [12, 11, 13, 14], "texture": "#side"},
				"west": {"uv": [0, 0, 2, 4], "texture": "#missing"},
				"up": {"uv": [12, 11, 14, 11.8], "rotation": 90, "texture": "#side"},
				"down": {"uv": [13, 13, 14, 14], "rotation": 270, "texture": "#side"}
			}
		},
		{
			"from": [15, 1, 7],
			"to": [15.3, 3, 8],
			"faces": {
				"north": {"uv": [8, 13, 9, 15], "texture": "#side"},
				"east": {"uv": [8, 13, 9, 15], "texture": "#side"},
				"south": {"uv": [8, 13, 9, 15], "texture": "#side"},
				"west": {"uv": [8, 13, 9, 15], "texture": "#side"},
				"up": {"uv": [8, 13, 9, 14], "rotation": 90, "texture": "#side"},
				"down": {"uv": [8, 13, 9, 15], "rotation": 270, "texture": "#side"}
			}
		},
		{
			"from": [15, 2, 8],
			"to": [15.3, 5, 9],
			"faces": {
				"north": {"uv": [7, 11, 8, 14], "texture": "#side"},
				"east": {"uv": [7, 11, 8, 14], "texture": "#side"},
				"south": {"uv": [7, 11, 8, 14], "texture": "#side"},
				"west": {"uv": [7, 11, 8, 14], "texture": "#side"},
				"up": {"uv": [7, 11, 8, 13], "rotation": 90, "texture": "#side"},
				"down": {"uv": [7, 13, 8, 14], "rotation": 270, "texture": "#side"}
			}
		},
		{
			"from": [15, 9, 8],
			"to": [16, 12, 9],
			"faces": {
				"north": {"uv": [7, 4, 8, 7], "texture": "#side"},
				"east": {"uv": [7, 4, 8, 7], "texture": "#side"},
				"south": {"uv": [7, 4, 8, 7], "texture": "#side"},
				"west": {"uv": [7, 4, 8, 7], "texture": "#side"},
				"up": {"uv": [7, 4, 8, 5], "rotation": 90, "texture": "#side"},
				"down": {"uv": [7, 4, 8, 7], "rotation": 270, "texture": "#side"}
			}
		},
		{
			"from": [15, 11, 10],
			"to": [16, 14, 11],
			"faces": {
				"north": {"uv": [5, 2, 6, 5], "texture": "#side"},
				"east": {"uv": [5, 2, 6, 5], "texture": "#side"},
				"south": {"uv": [5, 2, 6, 5], "texture": "#side"},
				"west": {"uv": [5, 2, 6, 5], "texture": "#side"},
				"up": {"uv": [5, 2, 6, 3], "rotation": 90, "texture": "#side"},
				"down": {"uv": [5, 4, 6, 5], "rotation": 270, "texture": "#side"}
			}
		}
	],
	"groups": [
		{
			"name": "scaffold",
			"origin": [0, 0, 0],
			"children": [0, 1, 2, 3, 4, 5, 6, 7, 8, 9, 10, 11]
		},
		{
			"name": "books",
			"origin": [8, 8, 8],
			"children": [12, 13, 14, 15, 16, 17, 18, 19, 20, 21, 22, 23, 24, 25, 26, 27, 28, 29, 30]
		},
		{
			"name": "books",
			"origin": [8, 8, 8],
			"children": [31, 32, 33, 34, 35, 36, 37, 38, 39, 40, 41, 42, 43, 44, 45, 46, 47, 48, 49]
		},
		{
			"name": "books",
			"origin": [8, 8, 8],
			"children": [50, 51, 52, 53, 54, 55, 56, 57, 58, 59, 60, 61, 62, 63, 64, 65, 66, 67, 68]
		},
		{
			"name": "books",
			"origin": [8, 8, 8],
			"children": [69, 70, 71, 72, 73, 74, 75, 76, 77, 78, 79, 80, 81, 82, 83, 84, 85, 86, 87]
		}
	]
}