{
	"credit": "Made with Blockbench",
	"textures": {
		"0": "modeltextures/ore/coal_ore_legacy",
		"particle": "modeltextures/ore/coal_ore_legacy"
	},
	"elements": [
		{
			"from": [0, 0, 0],
			"to": [16, 16, 16],
			"faces": {
				"north": {"uv": [0, 0, 16, 16], "texture": "#0"},
				"east": {"uv": [0, 0, 16, 16], "texture": "#0"},
				"south": {"uv": [0, 0, 16, 16], "texture": "#0"},
				"west": {"uv": [0, 0, 16, 16], "texture": "#0"},
				"up": {"uv": [0, 0, 16, 16], "texture": "#0"},
				"down": {"uv": [0, 0, 16, 16], "texture": "#0"}
			}
		},
		{
			"from": [2, 3, -0.75],
			"to": [8, 4, 0],
			"rotation": {"angle": 0, "axis": "y", "origin": [10, 11, 7]},
			"faces": {
				"north": {"uv": [8, 12, 14, 13], "texture": "#0"},
				"east": {"uv": [8, 12, 9, 13], "texture": "#0"},
				"west": {"uv": [13, 12, 14, 13], "texture": "#0"},
				"up": {"uv": [8, 12, 14, 13], "texture": "#0"},
				"down": {"uv": [8, 12, 14, 13], "texture": "#0"}
			}
		},
		{
			"from": [16, 3, 2],
			"to": [16.75, 4, 8],
			"rotation": {"angle": 0, "axis": "y", "origin": [16.5, 7.82143, 8.17857]},
			"faces": {
				"north": {"uv": [13, 12, 14, 13], "texture": "#0"},
				"east": {"uv": [8, 12, 14, 13], "texture": "#0"},
				"south": {"uv": [8, 12, 9, 13], "texture": "#0"},
				"up": {"uv": [8, 12, 14, 13], "rotation": 90, "texture": "#0"},
				"down": {"uv": [8, 12, 14, 13], "rotation": 270, "texture": "#0"}
			}
		},
		{
			"from": [8, 3, 16],
			"to": [14, 4, 16.75],
			"rotation": {"angle": 0, "axis": "y", "origin": [7.82143, 7.82143, 16.5]},
			"faces": {
				"east": {"uv": [13, 12, 14, 13], "texture": "#0"},
				"south": {"uv": [8, 12, 14, 13], "texture": "#0"},
				"west": {"uv": [8, 12, 9, 13], "texture": "#0"},
				"up": {"uv": [8, 12, 14, 13], "rotation": 180, "texture": "#0"},
				"down": {"uv": [8, 12, 14, 13], "rotation": 180, "texture": "#0"}
			}
		},
		{
			"from": [8, 16, 12],
			"to": [14, 16.75, 13],
			"rotation": {"angle": 0, "axis": "x", "origin": [7.82143, 16.5, 8.17857]},
			"faces": {
				"north": {"uv": [8, 12, 14, 13], "texture": "#0"},
				"east": {"uv": [13, 12, 14, 13], "rotation": 90, "texture": "#0"},
				"south": {"uv": [8, 12, 14, 13], "rotation": 180, "texture": "#0"},
				"west": {"uv": [8, 12, 9, 13], "rotation": 270, "texture": "#0"},
				"up": {"uv": [8, 12, 14, 13], "texture": "#0"}
			}
		},
		{
			"from": [8, -0.75, 3],
			"to": [14, 0, 4],
			"rotation": {"angle": 0, "axis": "x", "origin": [7.82143, -0.5, 7.82143]},
			"faces": {
				"north": {"uv": [8, 12, 14, 13], "texture": "#0"},
				"east": {"uv": [13, 12, 14, 13], "rotation": 270, "texture": "#0"},
				"south": {"uv": [8, 12, 14, 13], "rotation": 180, "texture": "#0"},
				"west": {"uv": [8, 12, 9, 13], "rotation": 90, "texture": "#0"},
				"down": {"uv": [8, 12, 14, 13], "texture": "#0"}
			}
		},
		{
			"from": [-0.75, 3, 8],
			"to": [0, 4, 14],
			"rotation": {"angle": 0, "axis": "y", "origin": [-0.5, 7.82143, 7.82143]},
			"faces": {
				"north": {"uv": [8, 12, 9, 13], "texture": "#0"},
				"south": {"uv": [13, 12, 14, 13], "texture": "#0"},
				"west": {"uv": [8, 12, 14, 13], "texture": "#0"},
				"up": {"uv": [8, 12, 14, 13], "rotation": 270, "texture": "#0"},
				"down": {"uv": [8, 12, 14, 13], "rotation": 90, "texture": "#0"}
			}
		},
		{
			"from": [5, 2, -0.75],
			"to": [7, 3, 0],
			"rotation": {"angle": 0, "axis": "y", "origin": [13, 10, 7]},
			"faces": {
				"north": {"uv": [9, 13, 11, 14], "texture": "#0"},
				"east": {"uv": [9, 13, 11, 14], "texture": "#0"},
				"west": {"uv": [9, 13, 11, 14], "texture": "#0"},
				"down": {"uv": [9, 13, 11, 14], "texture": "#0"}
			}
		},
		{
			"from": [16, 2, 5],
			"to": [16.75, 3, 7],
			"rotation": {"angle": 0, "axis": "y", "origin": [16.5, 7.82143, 8.17857]},
			"faces": {
				"north": {"uv": [9, 13, 11, 14], "texture": "#0"},
				"east": {"uv": [9, 13, 11, 14], "texture": "#0"},
				"south": {"uv": [9, 13, 11, 14], "texture": "#0"},
				"down": {"uv": [9, 13, 11, 14], "rotation": 270, "texture": "#0"}
			}
		},
		{
			"from": [9, 2, 16],
			"to": [11, 3, 16.75],
			"rotation": {"angle": 0, "axis": "y", "origin": [7.82143, 7.82143, 16.5]},
			"faces": {
				"east": {"uv": [9, 13, 11, 14], "texture": "#0"},
				"south": {"uv": [9, 13, 11, 14], "texture": "#0"},
				"west": {"uv": [9, 13, 11, 14], "texture": "#0"},
				"down": {"uv": [9, 13, 11, 14], "rotation": 180, "texture": "#0"}
			}
		},
		{
			"from": [9, 16, 13],
			"to": [11, 16.75, 14],
			"rotation": {"angle": 0, "axis": "x", "origin": [7.82143, 16.5, 8.17857]},
			"faces": {
				"east": {"uv": [9, 13, 11, 14], "rotation": 90, "texture": "#0"},
				"south": {"uv": [9, 13, 11, 14], "rotation": 180, "texture": "#0"},
				"west": {"uv": [9, 13, 11, 14], "rotation": 270, "texture": "#0"},
				"up": {"uv": [9, 13, 11, 14], "texture": "#0"}
			}
		},
		{
			"from": [9, -0.75, 2],
			"to": [11, 0, 3],
			"rotation": {"angle": 0, "axis": "x", "origin": [7.82143, -0.5, 7.82143]},
			"faces": {
				"north": {"uv": [9, 13, 11, 14], "texture": "#0"},
				"east": {"uv": [9, 13, 11, 14], "rotation": 270, "texture": "#0"},
				"west": {"uv": [9, 13, 11, 14], "rotation": 90, "texture": "#0"},
				"down": {"uv": [9, 13, 11, 14], "texture": "#0"}
			}
		},
		{
			"from": [-0.75, 2, 9],
			"to": [0, 3, 11],
			"rotation": {"angle": 0, "axis": "y", "origin": [-0.5, 7.82143, 7.82143]},
			"faces": {
				"north": {"uv": [9, 13, 11, 14], "texture": "#0"},
				"south": {"uv": [9, 13, 11, 14], "texture": "#0"},
				"west": {"uv": [9, 13, 11, 14], "texture": "#0"},
				"down": {"uv": [9, 13, 11, 14], "rotation": 90, "texture": "#0"}
			}
		},
		{
			"from": [3, 4, -0.75],
			"to": [5, 5, 0],
			"rotation": {"angle": 0, "axis": "y", "origin": [11, 12, 7]},
			"faces": {
				"north": {"uv": [11, 11, 13, 12], "texture": "#0"},
				"east": {"uv": [11, 11, 12, 12], "texture": "#0"},
				"west": {"uv": [12, 11, 13, 12], "texture": "#0"},
				"up": {"uv": [11, 11, 13, 12], "rotation": 180, "texture": "#0"}
			}
		},
		{
			"from": [16, 4, 3],
			"to": [16.75, 5, 5],
			"rotation": {"angle": 0, "axis": "y", "origin": [16.5, 7.82143, 8.17857]},
			"faces": {
				"north": {"uv": [12, 11, 13, 12], "texture": "#0"},
				"east": {"uv": [11, 11, 13, 12], "texture": "#0"},
				"south": {"uv": [11, 11, 12, 12], "texture": "#0"},
				"up": {"uv": [11, 11, 13, 12], "rotation": 270, "texture": "#0"}
			}
		},
		{
			"from": [11, 4, 16],
			"to": [13, 5, 16.75],
			"rotation": {"angle": 0, "axis": "y", "origin": [7.82143, 7.82143, 16.5]},
			"faces": {
				"east": {"uv": [12, 11, 13, 12], "texture": "#0"},
				"south": {"uv": [11, 11, 13, 12], "texture": "#0"},
				"west": {"uv": [11, 11, 12, 12], "texture": "#0"},
				"up": {"uv": [11, 11, 13, 12], "texture": "#0"}
			}
		},
		{
			"from": [11, 16, 11],
			"to": [13, 16.75, 12],
			"rotation": {"angle": 0, "axis": "x", "origin": [7.82143, 16.5, 8.17857]},
			"faces": {
				"north": {"uv": [11, 11, 13, 12], "rotation": 180, "texture": "#0"},
				"east": {"uv": [12, 11, 13, 12], "rotation": 90, "texture": "#0"},
				"west": {"uv": [11, 11, 12, 12], "rotation": 270, "texture": "#0"},
				"up": {"uv": [11, 11, 13, 12], "texture": "#0"}
			}
		},
		{
			"from": [11, -0.75, 4],
			"to": [13, 0, 5],
			"rotation": {"angle": 0, "axis": "x", "origin": [7.82143, -0.5, 7.82143]},
			"faces": {
				"east": {"uv": [12, 11, 13, 12], "rotation": 270, "texture": "#0"},
				"south": {"uv": [11, 11, 13, 12], "texture": "#0"},
				"west": {"uv": [11, 11, 12, 12], "rotation": 90, "texture": "#0"},
				"down": {"uv": [11, 11, 13, 12], "texture": "#0"}
			}
		},
		{
			"from": [-0.75, 4, 11],
			"to": [0, 5, 13],
			"rotation": {"angle": 0, "axis": "y", "origin": [-0.5, 7.82143, 7.82143]},
			"faces": {
				"north": {"uv": [11, 11, 12, 12], "texture": "#0"},
				"south": {"uv": [12, 11, 13, 12], "texture": "#0"},
				"west": {"uv": [11, 11, 13, 12], "texture": "#0"},
				"up": {"uv": [11, 11, 13, 12], "rotation": 90, "texture": "#0"}
			}
		},
		{
			"from": [5, 6, -0.75],
			"to": [9, 7, 0],
			"rotation": {"angle": 0, "axis": "y", "origin": [13, 14, 7]},
			"faces": {
				"north": {"uv": [7, 9, 11, 10], "texture": "#0"},
				"east": {"uv": [7, 9, 8, 10], "texture": "#0"},
				"west": {"uv": [10, 9, 11, 10], "texture": "#0"},
				"up": {"uv": [7, 9, 11, 10], "rotation": 180, "texture": "#0"},
				"down": {"uv": [7, 9, 11, 10], "rotation": 180, "texture": "#0"}
			}
		},
		{
			"from": [16, 6, 5],
			"to": [16.75, 7, 9],
			"rotation": {"angle": 0, "axis": "y", "origin": [16.5, 7.82143, 8.17857]},
			"faces": {
				"north": {"uv": [10, 9, 11, 10], "texture": "#0"},
				"east": {"uv": [7, 9, 11, 10], "texture": "#0"},
				"south": {"uv": [7, 9, 8, 10], "texture": "#0"},
				"up": {"uv": [7, 9, 11, 10], "rotation": 270, "texture": "#0"},
				"down": {"uv": [7, 9, 11, 10], "rotation": 90, "texture": "#0"}
			}
		},
		{
			"from": [7, 6, 16],
			"to": [11, 7, 16.75],
			"rotation": {"angle": 0, "axis": "y", "origin": [7.82143, 7.82143, 16.5]},
			"faces": {
				"east": {"uv": [10, 9, 11, 10], "texture": "#0"},
				"south": {"uv": [7, 9, 11, 10], "texture": "#0"},
				"west": {"uv": [7, 9, 8, 10], "texture": "#0"},
				"up": {"uv": [7, 9, 11, 10], "texture": "#0"},
				"down": {"uv": [7, 9, 11, 10], "texture": "#0"}
			}
		},
		{
			"from": [7, 16, 9],
			"to": [11, 16.75, 10],
			"rotation": {"angle": 0, "axis": "x", "origin": [7.82143, 16.5, 8.17857]},
			"faces": {
				"north": {"uv": [7, 9, 11, 10], "rotation": 180, "texture": "#0"},
				"east": {"uv": [10, 9, 11, 10], "rotation": 90, "texture": "#0"},
				"south": {"uv": [7, 9, 11, 10], "texture": "#0"},
				"west": {"uv": [7, 9, 8, 10], "rotation": 270, "texture": "#0"},
				"up": {"uv": [7, 9, 11, 10], "texture": "#0"}
			}
		},
		{
			"from": [7, -0.75, 6],
			"to": [11, 0, 7],
			"rotation": {"angle": 0, "axis": "x", "origin": [7.82143, -0.5, 7.82143]},
			"faces": {
				"north": {"uv": [7, 9, 11, 10], "rotation": 180, "texture": "#0"},
				"east": {"uv": [10, 9, 11, 10], "rotation": 270, "texture": "#0"},
				"south": {"uv": [7, 9, 11, 10], "texture": "#0"},
				"west": {"uv": [7, 9, 8, 10], "rotation": 90, "texture": "#0"},
				"down": {"uv": [7, 9, 11, 10], "texture": "#0"}
			}
		},
		{
			"from": [-0.75, 6, 7],
			"to": [0, 7, 11],
			"rotation": {"angle": 0, "axis": "y", "origin": [-0.5, 7.82143, 7.82143]},
			"faces": {
				"north": {"uv": [7, 9, 8, 10], "texture": "#0"},
				"south": {"uv": [10, 9, 11, 10], "texture": "#0"},
				"west": {"uv": [7, 9, 11, 10], "texture": "#0"},
				"up": {"uv": [7, 9, 11, 10], "rotation": 90, "texture": "#0"},
				"down": {"uv": [7, 9, 11, 10], "rotation": 270, "texture": "#0"}
			}
		},
		{
			"from": [6, 7, -0.75],
			"to": [8, 8, 0],
			"rotation": {"angle": 0, "axis": "y", "origin": [14, 15, 7]},
			"faces": {
				"north": {"uv": [8, 8, 10, 9], "texture": "#0"},
				"east": {"uv": [8, 8, 9, 9], "texture": "#0"},
				"west": {"uv": [9, 8, 10, 9], "texture": "#0"},
				"up": {"uv": [8, 8, 10, 9], "rotation": 180, "texture": "#0"}
			}
		},
		{
			"from": [16, 7, 6],
			"to": [16.75, 8, 8],
			"rotation": {"angle": 0, "axis": "y", "origin": [16.5, 7.82143, 8.17857]},
			"faces": {
				"north": {"uv": [9, 8, 10, 9], "texture": "#0"},
				"east": {"uv": [8, 8, 10, 9], "texture": "#0"},
				"south": {"uv": [8, 8, 9, 9], "texture": "#0"},
				"up": {"uv": [8, 8, 10, 9], "rotation": 270, "texture": "#0"}
			}
		},
		{
			"from": [8, 7, 16],
			"to": [10, 8, 16.75],
			"rotation": {"angle": 0, "axis": "y", "origin": [7.82143, 7.82143, 16.5]},
			"faces": {
				"east": {"uv": [9, 8, 10, 9], "texture": "#0"},
				"south": {"uv": [8, 8, 10, 9], "texture": "#0"},
				"west": {"uv": [8, 8, 9, 9], "texture": "#0"},
				"up": {"uv": [8, 8, 10, 9], "texture": "#0"}
			}
		},
		{
			"from": [8, 16, 8],
			"to": [10, 16.75, 9],
			"rotation": {"angle": 0, "axis": "x", "origin": [7.82143, 16.5, 8.17857]},
			"faces": {
				"north": {"uv": [8, 8, 10, 9], "rotation": 180, "texture": "#0"},
				"east": {"uv": [9, 8, 10, 9], "rotation": 90, "texture": "#0"},
				"west": {"uv": [8, 8, 9, 9], "rotation": 270, "texture": "#0"},
				"up": {"uv": [8, 8, 10, 9], "texture": "#0"}
			}
		},
		{
			"from": [8, -0.75, 7],
			"to": [10, 0, 8],
			"rotation": {"angle": 0, "axis": "x", "origin": [7.82143, -0.5, 7.82143]},
			"faces": {
				"east": {"uv": [9, 8, 10, 9], "rotation": 270, "texture": "#0"},
				"south": {"uv": [8, 8, 10, 9], "texture": "#0"},
				"west": {"uv": [8, 8, 9, 9], "rotation": 90, "texture": "#0"},
				"down": {"uv": [8, 8, 10, 9], "texture": "#0"}
			}
		},
		{
			"from": [-0.75, 7, 8],
			"to": [0, 8, 10],
			"rotation": {"angle": 0, "axis": "y", "origin": [-0.5, 7.82143, 7.82143]},
			"faces": {
				"north": {"uv": [8, 8, 9, 9], "texture": "#0"},
				"south": {"uv": [9, 8, 10, 9], "texture": "#0"},
				"west": {"uv": [8, 8, 10, 9], "texture": "#0"},
				"up": {"uv": [8, 8, 10, 9], "rotation": 90, "texture": "#0"}
			}
		},
		{
			"from": [2, 13, -0.75],
			"to": [4, 14, 0],
			"rotation": {"angle": 0, "axis": "y", "origin": [10, 21, 7]},
			"faces": {
				"north": {"uv": [12, 2, 14, 3], "texture": "#0"},
				"east": {"uv": [12, 2, 13, 3], "texture": "#0"},
				"west": {"uv": [13, 2, 14, 3], "texture": "#0"},
				"up": {"uv": [12, 2, 14, 3], "rotation": 180, "texture": "#0"},
				"down": {"uv": [12, 2, 14, 3], "rotation": 180, "texture": "#0"}
			}
		},
		{
			"from": [16, 13, 2],
			"to": [16.75, 14, 4],
			"rotation": {"angle": 0, "axis": "y", "origin": [16.5, 7.82143, 8.17857]},
			"faces": {
				"north": {"uv": [13, 2, 14, 3], "texture": "#0"},
				"east": {"uv": [12, 2, 14, 3], "texture": "#0"},
				"south": {"uv": [12, 2, 13, 3], "texture": "#0"},
				"up": {"uv": [12, 2, 14, 3], "rotation": 270, "texture": "#0"},
				"down": {"uv": [12, 2, 14, 3], "rotation": 90, "texture": "#0"}
			}
		},
		{
			"from": [12, 13, 16],
			"to": [14, 14, 16.75],
			"rotation": {"angle": 0, "axis": "y", "origin": [7.82143, 7.82143, 16.5]},
			"faces": {
				"east": {"uv": [13, 2, 14, 3], "texture": "#0"},
				"south": {"uv": [12, 2, 14, 3], "texture": "#0"},
				"west": {"uv": [12, 2, 13, 3], "texture": "#0"},
				"up": {"uv": [12, 2, 14, 3], "texture": "#0"},
				"down": {"uv": [12, 2, 14, 3], "texture": "#0"}
			}
		},
		{
			"from": [12, 16, 2],
			"to": [14, 16.75, 3],
			"rotation": {"angle": 0, "axis": "x", "origin": [7.82143, 16.5, 8.17857]},
			"faces": {
				"north": {"uv": [12, 2, 14, 3], "rotation": 180, "texture": "#0"},
				"east": {"uv": [13, 2, 14, 3], "rotation": 90, "texture": "#0"},
				"south": {"uv": [12, 2, 14, 3], "texture": "#0"},
				"west": {"uv": [12, 2, 13, 3], "rotation": 270, "texture": "#0"},
				"up": {"uv": [12, 2, 14, 3], "texture": "#0"}
			}
		},
		{
			"from": [12, -0.75, 13],
			"to": [14, 0, 14],
			"rotation": {"angle": 0, "axis": "x", "origin": [7.82143, -0.5, 7.82143]},
			"faces": {
				"north": {"uv": [12, 2, 14, 3], "rotation": 180, "texture": "#0"},
				"east": {"uv": [13, 2, 14, 3], "rotation": 270, "texture": "#0"},
				"south": {"uv": [12, 2, 14, 3], "texture": "#0"},
				"west": {"uv": [12, 2, 13, 3], "rotation": 90, "texture": "#0"},
				"down": {"uv": [12, 2, 14, 3], "texture": "#0"}
			}
		},
		{
			"from": [-0.75, 13, 12],
			"to": [0, 14, 14],
			"rotation": {"angle": 0, "axis": "y", "origin": [-0.5, 7.82143, 7.82143]},
			"faces": {
				"north": {"uv": [12, 2, 13, 3], "texture": "#0"},
				"south": {"uv": [13, 2, 14, 3], "texture": "#0"},
				"west": {"uv": [12, 2, 14, 3], "texture": "#0"},
				"up": {"uv": [12, 2, 14, 3], "rotation": 90, "texture": "#0"},
				"down": {"uv": [12, 2, 14, 3], "rotation": 270, "texture": "#0"}
			}
		},
		{
			"from": [11, 2, -0.75],
			"to": [13, 3, 0],
			"rotation": {"angle": 0, "axis": "y", "origin": [19, 10, 7]},
			"faces": {
				"north": {"uv": [3, 13, 5, 14], "texture": "#0"},
				"east": {"uv": [3, 13, 4, 14], "texture": "#0"},
				"west": {"uv": [4, 13, 5, 14], "texture": "#0"},
				"up": {"uv": [3, 13, 5, 14], "rotation": 180, "texture": "#0"},
				"down": {"uv": [3, 13, 5, 14], "rotation": 180, "texture": "#0"}
			}
		},
		{
			"from": [16, 2, 11],
			"to": [16.75, 3, 13],
			"rotation": {"angle": 0, "axis": "y", "origin": [16.5, 7.82143, 8.17857]},
			"faces": {
				"north": {"uv": [4, 13, 5, 14], "texture": "#0"},
				"east": {"uv": [3, 13, 5, 14], "texture": "#0"},
				"south": {"uv": [3, 13, 4, 14], "texture": "#0"},
				"up": {"uv": [3, 13, 5, 14], "rotation": 270, "texture": "#0"},
				"down": {"uv": [3, 13, 5, 14], "rotation": 90, "texture": "#0"}
			}
		},
		{
			"from": [3, 2, 16],
			"to": [5, 3, 16.75],
			"rotation": {"angle": 0, "axis": "y", "origin": [7.82143, 7.82143, 16.5]},
			"faces": {
				"east": {"uv": [4, 13, 5, 14], "texture": "#0"},
				"south": {"uv": [3, 13, 5, 14], "texture": "#0"},
				"west": {"uv": [3, 13, 4, 14], "texture": "#0"},
				"up": {"uv": [3, 13, 5, 14], "texture": "#0"},
				"down": {"uv": [3, 13, 5, 14], "texture": "#0"}
			}
		},
		{
			"from": [3, 16, 13],
			"to": [5, 16.75, 14],
			"rotation": {"angle": 0, "axis": "x", "origin": [7.82143, 16.5, 8.17857]},
			"faces": {
				"north": {"uv": [3, 13, 5, 14], "rotation": 180, "texture": "#0"},
				"east": {"uv": [4, 13, 5, 14], "rotation": 90, "texture": "#0"},
				"south": {"uv": [3, 13, 5, 14], "texture": "#0"},
				"west": {"uv": [3, 13, 4, 14], "rotation": 270, "texture": "#0"},
				"up": {"uv": [3, 13, 5, 14], "texture": "#0"}
			}
		},
		{
			"from": [3, -0.75, 2],
			"to": [5, 0, 3],
			"rotation": {"angle": 0, "axis": "x", "origin": [7.82143, -0.5, 7.82143]},
			"faces": {
				"north": {"uv": [3, 13, 5, 14], "rotation": 180, "texture": "#0"},
				"east": {"uv": [4, 13, 5, 14], "rotation": 270, "texture": "#0"},
				"south": {"uv": [3, 13, 5, 14], "texture": "#0"},
				"west": {"uv": [3, 13, 4, 14], "rotation": 90, "texture": "#0"},
				"down": {"uv": [3, 13, 5, 14], "texture": "#0"}
			}
		},
		{
			"from": [-0.75, 2, 3],
			"to": [0, 3, 5],
			"rotation": {"angle": 0, "axis": "y", "origin": [-0.5, 7.82143, 7.82143]},
			"faces": {
				"north": {"uv": [3, 13, 4, 14], "texture": "#0"},
				"south": {"uv": [4, 13, 5, 14], "texture": "#0"},
				"west": {"uv": [3, 13, 5, 14], "texture": "#0"},
				"up": {"uv": [3, 13, 5, 14], "rotation": 90, "texture": "#0"},
				"down": {"uv": [3, 13, 5, 14], "rotation": 270, "texture": "#0"}
			}
		},
		{
			"from": [11, 5, -0.75],
			"to": [12, 6, 0],
			"rotation": {"angle": 0, "axis": "y", "origin": [19, 13, 7]},
			"faces": {
				"north": {"uv": [4, 10, 5, 11], "texture": "#0"},
				"east": {"uv": [4, 10, 5, 11], "texture": "#0"},
				"west": {"uv": [4, 10, 5, 11], "texture": "#0"},
				"up": {"uv": [4, 10, 5, 11], "texture": "#0"},
				"down": {"uv": [4, 10, 5, 11], "texture": "#0"}
			}
		},
		{
			"from": [16, 5, 11],
			"to": [16.75, 6, 12],
			"rotation": {"angle": 0, "axis": "y", "origin": [16.5, 7.82143, 8.17857]},
			"faces": {
				"north": {"uv": [4, 10, 5, 11], "texture": "#0"},
				"east": {"uv": [4, 10, 5, 11], "texture": "#0"},
				"south": {"uv": [4, 10, 5, 11], "texture": "#0"},
				"up": {"uv": [4, 10, 5, 11], "rotation": 90, "texture": "#0"},
				"down": {"uv": [4, 10, 5, 11], "rotation": 270, "texture": "#0"}
			}
		},
		{
			"from": [4, 5, 16],
			"to": [5, 6, 16.75],
			"rotation": {"angle": 0, "axis": "y", "origin": [7.82143, 7.82143, 16.5]},
			"faces": {
				"east": {"uv": [4, 10, 5, 11], "texture": "#0"},
				"south": {"uv": [4, 10, 5, 11], "texture": "#0"},
				"west": {"uv": [4, 10, 5, 11], "texture": "#0"},
				"up": {"uv": [4, 10, 5, 11], "rotation": 180, "texture": "#0"},
				"down": {"uv": [4, 10, 5, 11], "rotation": 180, "texture": "#0"}
			}
		},
		{
			"from": [4, 16, 10],
			"to": [5, 16.75, 11],
			"rotation": {"angle": 0, "axis": "x", "origin": [7.82143, 16.5, 8.17857]},
			"faces": {
				"north": {"uv": [4, 10, 5, 11], "texture": "#0"},
				"east": {"uv": [4, 10, 5, 11], "rotation": 90, "texture": "#0"},
				"south": {"uv": [4, 10, 5, 11], "rotation": 180, "texture": "#0"},
				"west": {"uv": [4, 10, 5, 11], "rotation": 270, "texture": "#0"},
				"up": {"uv": [4, 10, 5, 11], "texture": "#0"}
			}
		},
		{
			"from": [4, -0.75, 5],
			"to": [5, 0, 6],
			"rotation": {"angle": 0, "axis": "x", "origin": [7.82143, -0.5, 7.82143]},
			"faces": {
				"north": {"uv": [4, 10, 5, 11], "texture": "#0"},
				"east": {"uv": [4, 10, 5, 11], "rotation": 270, "texture": "#0"},
				"south": {"uv": [4, 10, 5, 11], "rotation": 180, "texture": "#0"},
				"west": {"uv": [4, 10, 5, 11], "rotation": 90, "texture": "#0"},
				"down": {"uv": [4, 10, 5, 11], "texture": "#0"}
			}
		},
		{
			"from": [-0.75, 5, 4],
			"to": [0, 6, 5],
			"rotation": {"angle": 0, "axis": "y", "origin": [-0.5, 7.82143, 7.82143]},
			"faces": {
				"north": {"uv": [4, 10, 5, 11], "texture": "#0"},
				"south": {"uv": [4, 10, 5, 11], "texture": "#0"},
				"west": {"uv": [4, 10, 5, 11], "texture": "#0"},
				"up": {"uv": [4, 10, 5, 11], "rotation": 270, "texture": "#0"},
				"down": {"uv": [4, 10, 5, 11], "rotation": 90, "texture": "#0"}
			}
		},
		{
			"from": [13, 7, -0.75],
			"to": [15, 8, 0],
			"rotation": {"angle": 0, "axis": "y", "origin": [21, 15, 7]},
			"faces": {
				"north": {"uv": [1, 8, 3, 9], "texture": "#0"},
				"east": {"uv": [1, 8, 2, 9], "texture": "#0"},
				"west": {"uv": [2, 8, 3, 9], "rotation": 180, "texture": "#0"},
				"up": {"uv": [1, 8, 3, 9], "rotation": 180, "texture": "#0"},
				"down": {"uv": [1, 8, 3, 9], "rotation": 180, "texture": "#0"}
			}
		},
		{
			"from": [16, 7, 13],
			"to": [16.75, 8, 15],
			"rotation": {"angle": 0, "axis": "y", "origin": [16.5, 7.82143, 8.17857]},
			"faces": {
				"north": {"uv": [2, 8, 3, 9], "rotation": 180, "texture": "#0"},
				"east": {"uv": [1, 8, 3, 9], "texture": "#0"},
				"south": {"uv": [1, 8, 2, 9], "texture": "#0"},
				"up": {"uv": [1, 8, 3, 9], "rotation": 270, "texture": "#0"},
				"down": {"uv": [1, 8, 3, 9], "rotation": 90, "texture": "#0"}
			}
		},
		{
			"from": [1, 7, 16],
			"to": [3, 8, 16.75],
			"rotation": {"angle": 0, "axis": "y", "origin": [7.82143, 7.82143, 16.5]},
			"faces": {
				"east": {"uv": [2, 8, 3, 9], "rotation": 180, "texture": "#0"},
				"south": {"uv": [1, 8, 3, 9], "texture": "#0"},
				"west": {"uv": [1, 8, 2, 9], "texture": "#0"},
				"up": {"uv": [1, 8, 3, 9], "texture": "#0"},
				"down": {"uv": [1, 8, 3, 9], "texture": "#0"}
			}
		},
		{
			"from": [1, 16, 8],
			"to": [3, 16.75, 9],
			"rotation": {"angle": 0, "axis": "x", "origin": [7.82143, 16.5, 8.17857]},
			"faces": {
				"north": {"uv": [1, 8, 3, 9], "rotation": 180, "texture": "#0"},
				"east": {"uv": [2, 8, 3, 9], "rotation": 270, "texture": "#0"},
				"south": {"uv": [1, 8, 3, 9], "texture": "#0"},
				"west": {"uv": [1, 8, 2, 9], "rotation": 270, "texture": "#0"},
				"up": {"uv": [1, 8, 3, 9], "texture": "#0"}
			}
		},
		{
			"from": [1, -0.75, 7],
			"to": [3, 0, 8],
			"rotation": {"angle": 0, "axis": "x", "origin": [7.82143, -0.5, 7.82143]},
			"faces": {
				"north": {"uv": [1, 8, 3, 9], "rotation": 180, "texture": "#0"},
				"east": {"uv": [2, 8, 3, 9], "rotation": 90, "texture": "#0"},
				"south": {"uv": [1, 8, 3, 9], "texture": "#0"},
				"west": {"uv": [1, 8, 2, 9], "rotation": 90, "texture": "#0"},
				"down": {"uv": [1, 8, 3, 9], "texture": "#0"}
			}
		},
		{
			"from": [-0.75, 7, 1],
			"to": [0, 8, 3],
			"rotation": {"angle": 0, "axis": "y", "origin": [-0.5, 7.82143, 7.82143]},
			"faces": {
				"north": {"uv": [1, 8, 2, 9], "texture": "#0"},
				"south": {"uv": [2, 8, 3, 9], "rotation": 180, "texture": "#0"},
				"west": {"uv": [1, 8, 3, 9], "texture": "#0"},
				"up": {"uv": [1, 8, 3, 9], "rotation": 90, "texture": "#0"},
				"down": {"uv": [1, 8, 3, 9], "rotation": 270, "texture": "#0"}
			}
		},
		{
			"from": [11, 13, -0.75],
			"to": [12, 14, 0],
			"rotation": {"angle": 0, "axis": "y", "origin": [19, 21, 7]},
			"faces": {
				"north": {"uv": [4, 2, 5, 3], "texture": "#0"},
				"east": {"uv": [4, 2, 5, 3], "texture": "#0"},
				"west": {"uv": [4, 2, 5, 3], "texture": "#0"},
				"up": {"uv": [4, 2, 5, 3], "texture": "#0"},
				"down": {"uv": [4, 2, 5, 3], "texture": "#0"}
			}
		},
		{
			"from": [16, 13, 11],
			"to": [16.75, 14, 12],
			"rotation": {"angle": 0, "axis": "y", "origin": [16.5, 7.82143, 8.17857]},
			"faces": {
				"north": {"uv": [4, 2, 5, 3], "texture": "#0"},
				"east": {"uv": [4, 2, 5, 3], "texture": "#0"},
				"south": {"uv": [4, 2, 5, 3], "texture": "#0"},
				"up": {"uv": [4, 2, 5, 3], "rotation": 90, "texture": "#0"},
				"down": {"uv": [4, 2, 5, 3], "rotation": 270, "texture": "#0"}
			}
		},
		{
			"from": [4, 13, 16],
			"to": [5, 14, 16.75],
			"rotation": {"angle": 0, "axis": "y", "origin": [7.82143, 7.82143, 16.5]},
			"faces": {
				"east": {"uv": [4, 2, 5, 3], "texture": "#0"},
				"south": {"uv": [4, 2, 5, 3], "texture": "#0"},
				"west": {"uv": [4, 2, 5, 3], "texture": "#0"},
				"up": {"uv": [4, 2, 5, 3], "rotation": 180, "texture": "#0"},
				"down": {"uv": [4, 2, 5, 3], "rotation": 180, "texture": "#0"}
			}
		},
		{
			"from": [4, 16, 2],
			"to": [5, 16.75, 3],
			"rotation": {"angle": 0, "axis": "x", "origin": [7.82143, 16.5, 8.17857]},
			"faces": {
				"north": {"uv": [4, 2, 5, 3], "texture": "#0"},
				"east": {"uv": [4, 2, 5, 3], "rotation": 90, "texture": "#0"},
				"south": {"uv": [4, 2, 5, 3], "rotation": 180, "texture": "#0"},
				"west": {"uv": [4, 2, 5, 3], "rotation": 270, "texture": "#0"},
				"up": {"uv": [4, 2, 5, 3], "texture": "#0"}
			}
		},
		{
			"from": [4, -0.75, 13],
			"to": [5, 0, 14],
			"rotation": {"angle": 0, "axis": "x", "origin": [7.82143, -0.5, 7.82143]},
			"faces": {
				"north": {"uv": [4, 2, 5, 3], "texture": "#0"},
				"east": {"uv": [4, 2, 5, 3], "rotation": 270, "texture": "#0"},
				"south": {"uv": [4, 2, 5, 3], "rotation": 180, "texture": "#0"},
				"west": {"uv": [4, 2, 5, 3], "rotation": 90, "texture": "#0"},
				"down": {"uv": [4, 2, 5, 3], "texture": "#0"}
			}
		},
		{
			"from": [-0.75, 13, 4],
			"to": [0, 14, 5],
			"rotation": {"angle": 0, "axis": "y", "origin": [-0.5, 7.82143, 7.82143]},
			"faces": {
				"north": {"uv": [4, 2, 5, 3], "texture": "#0"},
				"south": {"uv": [4, 2, 5, 3], "texture": "#0"},
				"west": {"uv": [4, 2, 5, 3], "texture": "#0"},
				"up": {"uv": [4, 2, 5, 3], "rotation": 270, "texture": "#0"},
				"down": {"uv": [4, 2, 5, 3], "rotation": 90, "texture": "#0"}
			}
		},
		{
			"from": [4, 9, -0.75],
			"to": [6, 11, 0],
			"rotation": {"angle": 0, "axis": "y", "origin": [13, 17, 7]},
			"faces": {
				"north": {"uv": [10, 5, 12, 7], "texture": "#0"},
				"east": {"uv": [10, 5, 11, 7], "texture": "#0"},
				"west": {"uv": [11, 5, 12, 7], "texture": "#0"},
				"up": {"uv": [10, 5, 12, 6], "rotation": 180, "texture": "#0"},
				"down": {"uv": [10, 6, 12, 7], "rotation": 180, "texture": "#0"}
			}
		},
		{
			"from": [16, 9, 4],
			"to": [16.75, 11, 6],
			"rotation": {"angle": 0, "axis": "y", "origin": [16.5, 7.82143, 8.17857]},
			"faces": {
				"north": {"uv": [11, 5, 12, 7], "texture": "#0"},
				"east": {"uv": [10, 5, 12, 7], "texture": "#0"},
				"south": {"uv": [10, 5, 11, 7], "texture": "#0"},
				"up": {"uv": [10, 5, 12, 6], "rotation": 270, "texture": "#0"},
				"down": {"uv": [10, 6, 12, 7], "rotation": 90, "texture": "#0"}
			}
		},
		{
			"from": [10, 9, 16],
			"to": [12, 11, 16.75],
			"rotation": {"angle": 0, "axis": "y", "origin": [7.82143, 7.82143, 16.5]},
			"faces": {
				"east": {"uv": [11, 5, 12, 7], "texture": "#0"},
				"south": {"uv": [10, 5, 12, 7], "texture": "#0"},
				"west": {"uv": [10, 5, 11, 7], "texture": "#0"},
				"up": {"uv": [10, 5, 12, 6], "texture": "#0"},
				"down": {"uv": [10, 6, 12, 7], "texture": "#0"}
			}
		},
		{
			"from": [10, 16, 5],
			"to": [12, 16.75, 7],
			"rotation": {"angle": 0, "axis": "x", "origin": [7.82143, 16.5, 8.17857]},
			"faces": {
				"north": {"uv": [10, 5, 12, 6], "rotation": 180, "texture": "#0"},
				"east": {"uv": [11, 5, 12, 7], "rotation": 90, "texture": "#0"},
				"south": {"uv": [10, 6, 12, 7], "texture": "#0"},
				"west": {"uv": [10, 5, 11, 7], "rotation": 270, "texture": "#0"},
				"up": {"uv": [10, 5, 12, 7], "texture": "#0"}
			}
		},
		{
			"from": [10, -0.75, 9],
			"to": [12, 0, 11],
			"rotation": {"angle": 0, "axis": "x", "origin": [7.82143, -0.5, 7.82143]},
			"faces": {
				"north": {"uv": [10, 6, 12, 7], "rotation": 180, "texture": "#0"},
				"east": {"uv": [11, 5, 12, 7], "rotation": 270, "texture": "#0"},
				"south": {"uv": [10, 5, 12, 6], "texture": "#0"},
				"west": {"uv": [10, 5, 11, 7], "rotation": 90, "texture": "#0"},
				"down": {"uv": [10, 5, 12, 7], "texture": "#0"}
			}
		},
		{
			"from": [-0.75, 9, 10],
			"to": [0, 11, 12],
			"rotation": {"angle": 0, "axis": "y", "origin": [-0.5, 7.82143, 7.82143]},
			"faces": {
				"north": {"uv": [10, 5, 11, 7], "texture": "#0"},
				"south": {"uv": [11, 5, 12, 7], "texture": "#0"},
				"west": {"uv": [10, 5, 12, 7], "texture": "#0"},
				"up": {"uv": [10, 5, 12, 6], "rotation": 90, "texture": "#0"},
				"down": {"uv": [10, 6, 12, 7], "rotation": 270, "texture": "#0"}
			}
		},
		{
			"from": [7, 12, -0.75],
			"to": [9, 13, 0],
			"rotation": {"angle": 0, "axis": "y", "origin": [15, 20, 7]},
			"faces": {
				"north": {"uv": [7, 3, 9, 4], "texture": "#0"},
				"east": {"uv": [7, 3, 8, 4], "texture": "#0"},
				"west": {"uv": [8, 3, 9, 4], "texture": "#0"},
				"up": {"uv": [7, 3, 9, 4], "rotation": 180, "texture": "#0"},
				"down": {"uv": [7, 3, 9, 4], "rotation": 180, "texture": "#0"}
			}
		},
		{
			"from": [16, 12, 7],
			"to": [16.75, 13, 9],
			"rotation": {"angle": 0, "axis": "y", "origin": [16.5, 7.82143, 8.17857]},
			"faces": {
				"north": {"uv": [8, 3, 9, 4], "texture": "#0"},
				"east": {"uv": [7, 3, 9, 4], "texture": "#0"},
				"south": {"uv": [7, 3, 8, 4], "texture": "#0"},
				"up": {"uv": [7, 3, 9, 4], "rotation": 270, "texture": "#0"},
				"down": {"uv": [7, 3, 9, 4], "rotation": 90, "texture": "#0"}
			}
		},
		{
			"from": [7, 12, 16],
			"to": [9, 13, 16.75],
			"rotation": {"angle": 0, "axis": "y", "origin": [7.82143, 7.82143, 16.5]},
			"faces": {
				"east": {"uv": [8, 3, 9, 4], "texture": "#0"},
				"south": {"uv": [7, 3, 9, 4], "texture": "#0"},
				"west": {"uv": [7, 3, 8, 4], "texture": "#0"},
				"up": {"uv": [7, 3, 9, 4], "texture": "#0"},
				"down": {"uv": [7, 3, 9, 4], "texture": "#0"}
			}
		},
		{
			"from": [7, 16, 3],
			"to": [9, 16.75, 4],
			"rotation": {"angle": 0, "axis": "x", "origin": [7.82143, 16.5, 8.17857]},
			"faces": {
				"north": {"uv": [7, 3, 9, 4], "rotation": 180, "texture": "#0"},
				"east": {"uv": [8, 3, 9, 4], "rotation": 90, "texture": "#0"},
				"south": {"uv": [7, 3, 9, 4], "texture": "#0"},
				"west": {"uv": [7, 3, 8, 4], "rotation": 270, "texture": "#0"},
				"up": {"uv": [7, 3, 9, 4], "texture": "#0"}
			}
		},
		{
			"from": [7, -0.75, 12],
			"to": [9, 0, 13],
			"rotation": {"angle": 0, "axis": "x", "origin": [7.82143, -0.5, 7.82143]},
			"faces": {
				"north": {"uv": [7, 3, 9, 4], "rotation": 180, "texture": "#0"},
				"east": {"uv": [8, 3, 9, 4], "rotation": 270, "texture": "#0"},
				"south": {"uv": [7, 3, 9, 4], "texture": "#0"},
				"west": {"uv": [7, 3, 8, 4], "rotation": 90, "texture": "#0"},
				"down": {"uv": [7, 3, 9, 4], "texture": "#0"}
			}
		},
		{
			"from": [-0.75, 12, 7],
			"to": [0, 13, 9],
			"rotation": {"angle": 0, "axis": "y", "origin": [-0.5, 7.82143, 7.82143]},
			"faces": {
				"north": {"uv": [7, 3, 8, 4], "texture": "#0"},
				"south": {"uv": [8, 3, 9, 4], "texture": "#0"},
				"west": {"uv": [7, 3, 9, 4], "texture": "#0"},
				"up": {"uv": [7, 3, 9, 4], "rotation": 90, "texture": "#0"},
				"down": {"uv": [7, 3, 9, 4], "rotation": 270, "texture": "#0"}
			}
		},
		{
			"from": [8, 9, -0.75],
			"to": [13, 10, 0],
			"rotation": {"angle": 0, "axis": "y", "origin": [16, 17, 8]},
			"faces": {
				"north": {"uv": [3, 6, 8, 7], "texture": "#0"},
				"east": {"uv": [3, 6, 4, 7], "texture": "#0"},
				"west": {"uv": [7, 6, 8, 7], "texture": "#0"},
				"up": {"uv": [3, 6, 8, 7], "rotation": 180, "texture": "#0"},
				"down": {"uv": [3, 6, 8, 7], "rotation": 180, "texture": "#0"}
			}
		},
		{
			"from": [16, 9, 8],
			"to": [16.75, 10, 13],
			"rotation": {"angle": 0, "axis": "y", "origin": [16.5, 7.82143, 8.17857]},
			"faces": {
				"north": {"uv": [7, 6, 8, 7], "texture": "#0"},
				"east": {"uv": [3, 6, 8, 7], "texture": "#0"},
				"south": {"uv": [3, 6, 4, 7], "texture": "#0"},
				"up": {"uv": [3, 6, 8, 7], "rotation": 270, "texture": "#0"},
				"down": {"uv": [3, 6, 8, 7], "rotation": 90, "texture": "#0"}
			}
		},
		{
			"from": [3, 9, 16],
			"to": [8, 10, 16.75],
			"rotation": {"angle": 0, "axis": "y", "origin": [7.82143, 7.82143, 16.5]},
			"faces": {
				"east": {"uv": [7, 6, 8, 7], "texture": "#0"},
				"south": {"uv": [3, 6, 8, 7], "texture": "#0"},
				"west": {"uv": [3, 6, 4, 7], "texture": "#0"},
				"up": {"uv": [3, 6, 8, 7], "texture": "#0"},
				"down": {"uv": [3, 6, 8, 7], "texture": "#0"}
			}
		},
		{
			"from": [3, 16, 6],
			"to": [8, 16.75, 7],
			"rotation": {"angle": 0, "axis": "x", "origin": [7.82143, 16.5, 8.17857]},
			"faces": {
				"north": {"uv": [3, 6, 8, 7], "rotation": 180, "texture": "#0"},
				"east": {"uv": [7, 6, 8, 7], "rotation": 90, "texture": "#0"},
				"south": {"uv": [3, 6, 8, 7], "texture": "#0"},
				"west": {"uv": [3, 6, 4, 7], "rotation": 270, "texture": "#0"},
				"up": {"uv": [3, 6, 8, 7], "texture": "#0"}
			}
		},
		{
			"from": [3, -0.75, 9],
			"to": [8, 0, 10],
			"rotation": {"angle": 0, "axis": "x", "origin": [7.82143, -0.5, 7.82143]},
			"faces": {
				"north": {"uv": [3, 6, 8, 7], "rotation": 180, "texture": "#0"},
				"east": {"uv": [7, 6, 8, 7], "rotation": 270, "texture": "#0"},
				"south": {"uv": [3, 6, 8, 7], "texture": "#0"},
				"west": {"uv": [3, 6, 4, 7], "rotation": 90, "texture": "#0"},
				"down": {"uv": [3, 6, 8, 7], "texture": "#0"}
			}
		},
		{
			"from": [-0.75, 9, 3],
			"to": [0, 10, 8],
			"rotation": {"angle": 0, "axis": "y", "origin": [-0.5, 7.82143, 7.82143]},
			"faces": {
				"north": {"uv": [3, 6, 4, 7], "texture": "#0"},
				"south": {"uv": [7, 6, 8, 7], "texture": "#0"},
				"west": {"uv": [3, 6, 8, 7], "texture": "#0"},
				"up": {"uv": [3, 6, 8, 7], "rotation": 90, "texture": "#0"},
				"down": {"uv": [3, 6, 8, 7], "rotation": 270, "texture": "#0"}
			}
		},
		{
			"from": [9, 10, -0.75],
			"to": [11, 11, 0],
			"rotation": {"angle": 0, "axis": "y", "origin": [18, 18, 7]},
			"faces": {
				"north": {"uv": [5, 5, 7, 6], "texture": "#0"},
				"east": {"uv": [5, 5, 6, 6], "texture": "#0"},
				"west": {"uv": [6, 5, 7, 6], "texture": "#0"},
				"up": {"uv": [5, 5, 7, 6], "rotation": 180, "texture": "#0"}
			}
		},
		{
			"from": [16, 10, 9],
			"to": [16.75, 11, 11],
			"rotation": {"angle": 0, "axis": "y", "origin": [16.5, 7.82143, 8.17857]},
			"faces": {
				"north": {"uv": [6, 5, 7, 6], "texture": "#0"},
				"east": {"uv": [5, 5, 7, 6], "texture": "#0"},
				"south": {"uv": [5, 5, 6, 6], "texture": "#0"},
				"up": {"uv": [5, 5, 7, 6], "rotation": 270, "texture": "#0"}
			}
		},
		{
			"from": [5, 10, 16],
			"to": [7, 11, 16.75],
			"rotation": {"angle": 0, "axis": "y", "origin": [7.82143, 7.82143, 16.5]},
			"faces": {
				"east": {"uv": [6, 5, 7, 6], "texture": "#0"},
				"south": {"uv": [5, 5, 7, 6], "texture": "#0"},
				"west": {"uv": [5, 5, 6, 6], "texture": "#0"},
				"up": {"uv": [5, 5, 7, 6], "texture": "#0"}
			}
		},
		{
			"from": [5, 16, 5],
			"to": [7, 16.75, 6],
			"rotation": {"angle": 0, "axis": "x", "origin": [7.82143, 16.5, 8.17857]},
			"faces": {
				"north": {"uv": [5, 5, 7, 6], "rotation": 180, "texture": "#0"},
				"east": {"uv": [6, 5, 7, 6], "rotation": 90, "texture": "#0"},
				"west": {"uv": [5, 5, 6, 6], "rotation": 270, "texture": "#0"},
				"up": {"uv": [5, 5, 7, 6], "texture": "#0"}
			}
		},
		{
			"from": [5, -0.75, 10],
			"to": [7, 0, 11],
			"rotation": {"angle": 0, "axis": "x", "origin": [7.82143, -0.5, 7.82143]},
			"faces": {
				"east": {"uv": [6, 5, 7, 6], "rotation": 270, "texture": "#0"},
				"south": {"uv": [5, 5, 7, 6], "texture": "#0"},
				"west": {"uv": [5, 5, 6, 6], "rotation": 90, "texture": "#0"},
				"down": {"uv": [5, 5, 7, 6], "texture": "#0"}
			}
		},
		{
			"from": [-0.75, 10, 5],
			"to": [0, 11, 7],
			"rotation": {"angle": 0, "axis": "y", "origin": [-0.5, 7.82143, 7.82143]},
			"faces": {
				"north": {"uv": [5, 5, 6, 6], "texture": "#0"},
				"south": {"uv": [6, 5, 7, 6], "texture": "#0"},
				"west": {"uv": [5, 5, 7, 6], "texture": "#0"},
				"up": {"uv": [5, 5, 7, 6], "rotation": 90, "texture": "#0"}
			}
		}
	],
	"display": {
		"thirdperson_righthand": {
			"rotation": [75, 45, 0],
			"translation": [0, 2.5, 0],
			"scale": [0.375, 0.375, 0.375]
		},
		"thirdperson_lefthand": {
			"rotation": [75, 45, 0],
			"translation": [0, 2.5, 0],
			"scale": [0.375, 0.375, 0.375]
		},
		"firstperson_righthand": {
			"rotation": [0, 45, 0],
			"scale": [0.4, 0.4, 0.4]
		},
		"firstperson_lefthand": {
			"rotation": [0, 225, 0],
			"scale": [0.4, 0.4, 0.4]
		},
		"ground": {
			"translation": [0, 3, 0],
			"scale": [0.25, 0.25, 0.25]
		},
		"gui": {
			"rotation": [30, 225, 0],
			"scale": [0.625, 0.625, 0.625]
		},
		"fixed": {
			"scale": [0.5, 0.5, 0.5]
		}
	}
}