{
	"credit": "Made with Blockbench",
	"textures": {
		"0": "modeltextures/ore/coal_ore",
		"particle": "modeltextures/ore/coal_ore"
	},
	"elements": [
		{
			"from": [0, 0, 0],
			"to": [16, 16, 16],
			"faces": {
				"north": {"uv": [0, 0, 16, 16], "texture": "#0"},
				"east": {"uv": [0, 0, 16, 16], "texture": "#0"},
				"south": {"uv": [0, 0, 16, 16], "texture": "#0"},
				"west": {"uv": [0, 0, 16, 16], "texture": "#0"},
				"up": {"uv": [0, 0, 16, 16], "texture": "#0"},
				"down": {"uv": [0, 0, 16, 16], "texture": "#0"}
			}
		},
		{
			"from": [4, 2, -0.75],
			"to": [6, 4, 0],
			"rotation": {"angle": 0, "axis": "y", "origin": [8.01875, 7.6875, 8]},
			"faces": {
				"north": {"uv": [10, 12, 12, 14], "texture": "#0"},
				"east": {"uv": [10, 12, 11, 14], "texture": "#0"},
				"west": {"uv": [11, 12, 12, 14], "texture": "#0"},
				"up": {"uv": [10, 12, 12, 13], "texture": "#0"},
				"down": {"uv": [10, 13, 12, 14], "texture": "#0"}
			}
		},
		{
			"from": [10, -0.75, 2],
			"to": [12, 0, 4],
			"rotation": {"angle": 0, "axis": "y", "origin": [7.85625, 14.525, 8.3375]},
			"faces": {
				"north": {"uv": [10, 13, 12, 14], "texture": "#0"},
				"east": {"uv": [11, 12, 12, 14], "rotation": 270, "texture": "#0"},
				"south": {"uv": [10, 12, 12, 13], "rotation": 180, "texture": "#0"},
				"west": {"uv": [10, 12, 11, 14], "rotation": 90, "texture": "#0"},
				"down": {"uv": [10, 12, 12, 14], "texture": "#0"}
			}
		},
		{
			"from": [16, 2, 4],
			"to": [16.75, 4, 6],
			"rotation": {"angle": 0, "axis": "y", "origin": [8.05, 7.6875, 8.01875]},
			"faces": {
				"north": {"uv": [11, 12, 12, 14], "texture": "#0"},
				"east": {"uv": [10, 12, 12, 14], "texture": "#0"},
				"south": {"uv": [10, 12, 11, 14], "texture": "#0"},
				"up": {"uv": [10, 12, 12, 13], "rotation": 90, "texture": "#0"},
				"down": {"uv": [10, 13, 12, 14], "rotation": 270, "texture": "#0"}
			}
		},
		{
			"from": [10, 2, 16],
			"to": [12, 4, 16.75],
			"rotation": {"angle": 0, "axis": "y", "origin": [7.98125, 7.6875, 8]},
			"faces": {
				"east": {"uv": [11, 12, 12, 14], "texture": "#0"},
				"south": {"uv": [10, 12, 12, 14], "texture": "#0"},
				"west": {"uv": [10, 12, 11, 14], "texture": "#0"},
				"up": {"uv": [10, 12, 12, 13], "rotation": 180, "texture": "#0"},
				"down": {"uv": [10, 13, 12, 14], "rotation": 180, "texture": "#0"}
			}
		},
		{
			"from": [10, 16, 12],
			"to": [12, 16.75, 14],
			"rotation": {"angle": 0, "axis": "x", "origin": [7.98125, 7.75, 7.9625]},
			"faces": {
				"north": {"uv": [10, 12, 12, 13], "texture": "#0"},
				"east": {"uv": [11, 12, 12, 14], "rotation": 90, "texture": "#0"},
				"south": {"uv": [10, 13, 12, 14], "rotation": 180, "texture": "#0"},
				"west": {"uv": [10, 12, 11, 14], "rotation": 270, "texture": "#0"},
				"up": {"uv": [10, 12, 12, 14], "texture": "#0"}
			}
		},
		{
			"from": [-0.75, 2, 10],
			"to": [0, 4, 12],
			"rotation": {"angle": 0, "axis": "y", "origin": [8, 7.6875, 7.98125]},
			"faces": {
				"north": {"uv": [10, 12, 11, 14], "texture": "#0"},
				"south": {"uv": [11, 12, 12, 14], "texture": "#0"},
				"west": {"uv": [10, 12, 12, 14], "texture": "#0"},
				"up": {"uv": [10, 12, 12, 13], "rotation": 270, "texture": "#0"},
				"down": {"uv": [10, 13, 12, 14], "rotation": 90, "texture": "#0"}
			}
		},
		{
			"from": [3, 8, -0.75],
			"to": [5, 10, 0],
			"rotation": {"angle": 0, "axis": "y", "origin": [8.01875, 7.6875, 8]},
			"faces": {
				"north": {"uv": [11, 6, 13, 8], "texture": "#0"},
				"east": {"uv": [11, 6, 12, 8], "texture": "#0"},
				"west": {"uv": [12, 6, 13, 8], "texture": "#0"},
				"up": {"uv": [11, 6, 13, 7], "rotation": 180, "texture": "#0"},
				"down": {"uv": [11, 6, 13, 7], "rotation": 180, "texture": "#0"}
			}
		},
		{
			"from": [11, -0.75, 8],
			"to": [13, 0, 10],
			"rotation": {"angle": 0, "axis": "y", "origin": [7.85625, 14.525, 8.3375]},
			"faces": {
				"north": {"uv": [11, 6, 13, 7], "rotation": 180, "texture": "#0"},
				"east": {"uv": [12, 6, 13, 8], "rotation": 270, "texture": "#0"},
				"south": {"uv": [11, 6, 13, 7], "texture": "#0"},
				"west": {"uv": [11, 6, 12, 8], "rotation": 90, "texture": "#0"},
				"down": {"uv": [11, 6, 13, 8], "texture": "#0"}
			}
		},
		{
			"from": [16, 8, 3],
			"to": [16.75, 10, 5],
			"rotation": {"angle": 0, "axis": "y", "origin": [8.05, 7.6875, 8.01875]},
			"faces": {
				"north": {"uv": [12, 6, 13, 8], "texture": "#0"},
				"east": {"uv": [11, 6, 13, 8], "texture": "#0"},
				"south": {"uv": [11, 6, 12, 8], "texture": "#0"},
				"up": {"uv": [11, 6, 13, 7], "rotation": 270, "texture": "#0"},
				"down": {"uv": [11, 6, 13, 7], "rotation": 90, "texture": "#0"}
			}
		},
		{
			"from": [11, 8, 16],
			"to": [13, 10, 16.75],
			"rotation": {"angle": 0, "axis": "y", "origin": [7.98125, 7.6875, 8]},
			"faces": {
				"east": {"uv": [12, 6, 13, 8], "texture": "#0"},
				"south": {"uv": [11, 6, 13, 8], "texture": "#0"},
				"west": {"uv": [11, 6, 12, 8], "texture": "#0"},
				"up": {"uv": [11, 6, 13, 7], "texture": "#0"},
				"down": {"uv": [11, 6, 13, 7], "texture": "#0"}
			}
		},
		{
			"from": [11, 16, 6],
			"to": [13, 16.75, 8],
			"rotation": {"angle": 0, "axis": "x", "origin": [7.98125, 7.75, 7.9625]},
			"faces": {
				"north": {"uv": [11, 6, 13, 7], "rotation": 180, "texture": "#0"},
				"east": {"uv": [12, 6, 13, 8], "rotation": 90, "texture": "#0"},
				"south": {"uv": [11, 6, 13, 7], "texture": "#0"},
				"west": {"uv": [11, 6, 12, 8], "rotation": 270, "texture": "#0"},
				"up": {"uv": [11, 6, 13, 8], "texture": "#0"}
			}
		},
		{
			"from": [-0.75, 8, 11],
			"to": [0, 10, 13],
			"rotation": {"angle": 0, "axis": "y", "origin": [8, 7.6875, 7.98125]},
			"faces": {
				"north": {"uv": [11, 6, 12, 8], "texture": "#0"},
				"south": {"uv": [12, 6, 13, 8], "texture": "#0"},
				"west": {"uv": [11, 6, 13, 8], "texture": "#0"},
				"up": {"uv": [11, 6, 13, 7], "rotation": 90, "texture": "#0"},
				"down": {"uv": [11, 6, 13, 7], "rotation": 270, "texture": "#0"}
			}
		},
		{
			"from": [3, 3, -0.75],
			"to": [4, 4, 0],
			"rotation": {"angle": 0, "axis": "y", "origin": [8.01875, 7.6875, 8]},
			"faces": {
				"north": {"uv": [12, 12, 13, 13], "texture": "#0"},
				"west": {"uv": [12, 12, 13, 13], "texture": "#0"},
				"up": {"uv": [12, 12, 13, 13], "texture": "#0"},
				"down": {"uv": [12, 12, 13, 13], "texture": "#0"}
			}
		},
		{
			"from": [12, -0.75, 3],
			"to": [13, 0, 4],
			"rotation": {"angle": 0, "axis": "y", "origin": [7.85625, 14.525, 8.3375]},
			"faces": {
				"north": {"uv": [12, 12, 13, 13], "texture": "#0"},
				"east": {"uv": [12, 12, 13, 13], "rotation": 270, "texture": "#0"},
				"south": {"uv": [12, 12, 13, 13], "rotation": 180, "texture": "#0"},
				"down": {"uv": [12, 12, 13, 13], "texture": "#0"}
			}
		},
		{
			"from": [16, 3, 3],
			"to": [16.75, 4, 4],
			"rotation": {"angle": 0, "axis": "y", "origin": [8.05, 7.6875, 8.01875]},
			"faces": {
				"north": {"uv": [12, 12, 13, 13], "texture": "#0"},
				"east": {"uv": [12, 12, 13, 13], "texture": "#0"},
				"up": {"uv": [12, 12, 13, 13], "rotation": 90, "texture": "#0"},
				"down": {"uv": [12, 12, 13, 13], "rotation": 270, "texture": "#0"}
			}
		},
		{
			"from": [12, 3, 16],
			"to": [13, 4, 16.75],
			"rotation": {"angle": 0, "axis": "y", "origin": [7.98125, 7.6875, 8]},
			"faces": {
				"east": {"uv": [12, 12, 13, 13], "texture": "#0"},
				"south": {"uv": [12, 12, 13, 13], "texture": "#0"},
				"up": {"uv": [12, 12, 13, 13], "rotation": 180, "texture": "#0"},
				"down": {"uv": [12, 12, 13, 13], "rotation": 180, "texture": "#0"}
			}
		},
		{
			"from": [12, 16, 12],
			"to": [13, 16.75, 13],
			"rotation": {"angle": 0, "axis": "x", "origin": [7.98125, 7.75, 7.9625]},
			"faces": {
				"north": {"uv": [12, 12, 13, 13], "texture": "#0"},
				"east": {"uv": [12, 12, 13, 13], "rotation": 90, "texture": "#0"},
				"south": {"uv": [12, 12, 13, 13], "rotation": 180, "texture": "#0"},
				"up": {"uv": [12, 12, 13, 13], "texture": "#0"}
			}
		},
		{
			"from": [-0.75, 3, 12],
			"to": [0, 4, 13],
			"rotation": {"angle": 0, "axis": "y", "origin": [8, 7.6875, 7.98125]},
			"faces": {
				"south": {"uv": [12, 12, 13, 13], "texture": "#0"},
				"west": {"uv": [12, 12, 13, 13], "texture": "#0"},
				"up": {"uv": [12, 12, 13, 13], "rotation": 270, "texture": "#0"},
				"down": {"uv": [12, 12, 13, 13], "rotation": 90, "texture": "#0"}
			}
		},
		{
			"from": [5, 9, -0.75],
			"to": [6, 10, 0],
			"rotation": {"angle": 0, "axis": "y", "origin": [8.01875, 7.6875, 8]},
			"faces": {
				"north": {"uv": [10, 6, 11, 7], "texture": "#0"},
				"east": {"uv": [10, 6, 11, 7], "texture": "#0"},
				"up": {"uv": [10, 6, 11, 7], "texture": "#0"},
				"down": {"uv": [10, 6, 11, 7], "texture": "#0"}
			}
		},
		{
			"from": [10, -0.75, 9],
			"to": [11, 0, 10],
			"rotation": {"angle": 0, "axis": "y", "origin": [7.85625, 14.525, 8.3375]},
			"faces": {
				"north": {"uv": [10, 6, 11, 7], "texture": "#0"},
				"south": {"uv": [10, 6, 11, 7], "rotation": 180, "texture": "#0"},
				"west": {"uv": [10, 6, 11, 7], "rotation": 90, "texture": "#0"},
				"down": {"uv": [10, 6, 11, 7], "texture": "#0"}
			}
		},
		{
			"from": [16, 9, 5],
			"to": [16.75, 10, 6],
			"rotation": {"angle": 0, "axis": "y", "origin": [8.05, 7.6875, 8.01875]},
			"faces": {
				"east": {"uv": [10, 6, 11, 7], "texture": "#0"},
				"south": {"uv": [10, 6, 11, 7], "texture": "#0"},
				"up": {"uv": [10, 6, 11, 7], "rotation": 90, "texture": "#0"},
				"down": {"uv": [10, 6, 11, 7], "rotation": 270, "texture": "#0"}
			}
		},
		{
			"from": [10, 9, 16],
			"to": [11, 10, 16.75],
			"rotation": {"angle": 0, "axis": "y", "origin": [7.98125, 7.6875, 8]},
			"faces": {
				"south": {"uv": [10, 6, 11, 7], "texture": "#0"},
				"west": {"uv": [10, 6, 11, 7], "texture": "#0"},
				"up": {"uv": [10, 6, 11, 7], "rotation": 180, "texture": "#0"},
				"down": {"uv": [10, 6, 11, 7], "rotation": 180, "texture": "#0"}
			}
		},
		{
			"from": [10, 16, 6],
			"to": [11, 16.75, 7],
			"rotation": {"angle": 0, "axis": "x", "origin": [7.98125, 7.75, 7.9625]},
			"faces": {
				"north": {"uv": [10, 6, 11, 7], "texture": "#0"},
				"south": {"uv": [10, 6, 11, 7], "rotation": 180, "texture": "#0"},
				"west": {"uv": [10, 6, 11, 7], "rotation": 270, "texture": "#0"},
				"up": {"uv": [10, 6, 11, 7], "texture": "#0"}
			}
		},
		{
			"from": [-0.75, 9, 10],
			"to": [0, 10, 11],
			"rotation": {"angle": 0, "axis": "y", "origin": [8, 7.6875, 7.98125]},
			"faces": {
				"north": {"uv": [10, 6, 11, 7], "texture": "#0"},
				"west": {"uv": [10, 6, 11, 7], "texture": "#0"},
				"up": {"uv": [10, 6, 11, 7], "rotation": 270, "texture": "#0"},
				"down": {"uv": [10, 6, 11, 7], "rotation": 90, "texture": "#0"}
			}
		},
		{
			"from": [1, 5, -0.75],
			"to": [3, 6, 0],
			"rotation": {"angle": 0, "axis": "y", "origin": [8.01875, 7.6875, 8]},
			"faces": {
				"north": {"uv": [13, 10, 15, 11], "texture": "#0"},
				"east": {"uv": [13, 10, 14, 11], "texture": "#0"},
				"west": {"uv": [14, 10, 15, 11], "texture": "#0"},
				"up": {"uv": [13, 10, 15, 11], "rotation": 180, "texture": "#0"},
				"down": {"uv": [13, 10, 15, 11], "rotation": 180, "texture": "#0"}
			}
		},
		{
			"from": [13, -0.75, 5],
			"to": [15, 0, 6],
			"rotation": {"angle": 0, "axis": "y", "origin": [7.85625, 14.525, 8.3375]},
			"faces": {
				"north": {"uv": [13, 10, 15, 11], "rotation": 180, "texture": "#0"},
				"east": {"uv": [14, 10, 15, 11], "rotation": 270, "texture": "#0"},
				"south": {"uv": [13, 10, 15, 11], "texture": "#0"},
				"west": {"uv": [13, 10, 14, 11], "rotation": 90, "texture": "#0"},
				"down": {"uv": [13, 10, 15, 11], "texture": "#0"}
			}
		},
		{
			"from": [16, 5, 1],
			"to": [16.75, 6, 3],
			"rotation": {"angle": 0, "axis": "y", "origin": [8.05, 7.6875, 8.01875]},
			"faces": {
				"north": {"uv": [14, 10, 15, 11], "texture": "#0"},
				"east": {"uv": [13, 10, 15, 11], "texture": "#0"},
				"south": {"uv": [13, 10, 14, 11], "texture": "#0"},
				"up": {"uv": [13, 10, 15, 11], "rotation": 270, "texture": "#0"},
				"down": {"uv": [13, 10, 15, 11], "rotation": 90, "texture": "#0"}
			}
		},
		{
			"from": [13, 5, 16],
			"to": [15, 6, 16.75],
			"rotation": {"angle": 0, "axis": "y", "origin": [7.98125, 7.6875, 8]},
			"faces": {
				"east": {"uv": [14, 10, 15, 11], "texture": "#0"},
				"south": {"uv": [13, 10, 15, 11], "texture": "#0"},
				"west": {"uv": [13, 10, 14, 11], "texture": "#0"},
				"up": {"uv": [13, 10, 15, 11], "texture": "#0"},
				"down": {"uv": [13, 10, 15, 11], "texture": "#0"}
			}
		},
		{
			"from": [13, 16, 10],
			"to": [15, 16.75, 11],
			"rotation": {"angle": 0, "axis": "x", "origin": [7.98125, 7.75, 7.9625]},
			"faces": {
				"north": {"uv": [13, 10, 15, 11], "rotation": 180, "texture": "#0"},
				"east": {"uv": [14, 10, 15, 11], "rotation": 90, "texture": "#0"},
				"south": {"uv": [13, 10, 15, 11], "texture": "#0"},
				"west": {"uv": [13, 10, 14, 11], "rotation": 270, "texture": "#0"},
				"up": {"uv": [13, 10, 15, 11], "texture": "#0"}
			}
		},
		{
			"from": [-0.75, 5, 13],
			"to": [0, 6, 15],
			"rotation": {"angle": 0, "axis": "y", "origin": [8, 7.6875, 7.98125]},
			"faces": {
				"north": {"uv": [13, 10, 14, 11], "texture": "#0"},
				"south": {"uv": [14, 10, 15, 11], "texture": "#0"},
				"west": {"uv": [13, 10, 15, 11], "texture": "#0"},
				"up": {"uv": [13, 10, 15, 11], "rotation": 90, "texture": "#0"},
				"down": {"uv": [13, 10, 15, 11], "rotation": 270, "texture": "#0"}
			}
		},
		{
			"from": [8, 1, -0.75],
			"to": [10, 2, 0],
			"rotation": {"angle": 0, "axis": "y", "origin": [8.01875, 7.6875, 8]},
			"faces": {
				"north": {"uv": [6, 14, 8, 15], "texture": "#0"},
				"east": {"uv": [6, 14, 7, 15], "texture": "#0"},
				"west": {"uv": [7, 14, 8, 15], "texture": "#0"},
				"up": {"uv": [6, 14, 8, 15], "rotation": 180, "texture": "#0"},
				"down": {"uv": [6, 14, 8, 15], "rotation": 180, "texture": "#0"}
			}
		},
		{
			"from": [6, -0.75, 1],
			"to": [8, 0, 2],
			"rotation": {"angle": 0, "axis": "y", "origin": [7.85625, 14.525, 8.3375]},
			"faces": {
				"north": {"uv": [6, 14, 8, 15], "rotation": 180, "texture": "#0"},
				"east": {"uv": [7, 14, 8, 15], "rotation": 270, "texture": "#0"},
				"south": {"uv": [6, 14, 8, 15], "texture": "#0"},
				"west": {"uv": [6, 14, 7, 15], "rotation": 90, "texture": "#0"},
				"down": {"uv": [6, 14, 8, 15], "texture": "#0"}
			}
		},
		{
			"from": [16, 1, 8],
			"to": [16.75, 2, 10],
			"rotation": {"angle": 0, "axis": "y", "origin": [8.05, 7.6875, 8.01875]},
			"faces": {
				"north": {"uv": [7, 14, 8, 15], "texture": "#0"},
				"east": {"uv": [6, 14, 8, 15], "texture": "#0"},
				"south": {"uv": [6, 14, 7, 15], "texture": "#0"},
				"up": {"uv": [6, 14, 8, 15], "rotation": 270, "texture": "#0"},
				"down": {"uv": [6, 14, 8, 15], "rotation": 90, "texture": "#0"}
			}
		},
		{
			"from": [6, 1, 16],
			"to": [8, 2, 16.75],
			"rotation": {"angle": 0, "axis": "y", "origin": [7.98125, 7.6875, 8]},
			"faces": {
				"east": {"uv": [7, 14, 8, 15], "texture": "#0"},
				"south": {"uv": [6, 14, 8, 15], "texture": "#0"},
				"west": {"uv": [6, 14, 7, 15], "texture": "#0"},
				"up": {"uv": [6, 14, 8, 15], "texture": "#0"},
				"down": {"uv": [6, 14, 8, 15], "texture": "#0"}
			}
		},
		{
			"from": [6, 16, 14],
			"to": [8, 16.75, 15],
			"rotation": {"angle": 0, "axis": "x", "origin": [7.98125, 7.75, 7.9625]},
			"faces": {
				"north": {"uv": [6, 14, 8, 15], "rotation": 180, "texture": "#0"},
				"east": {"uv": [7, 14, 8, 15], "rotation": 90, "texture": "#0"},
				"south": {"uv": [6, 14, 8, 15], "texture": "#0"},
				"west": {"uv": [6, 14, 7, 15], "rotation": 270, "texture": "#0"},
				"up": {"uv": [6, 14, 8, 15], "texture": "#0"}
			}
		},
		{
			"from": [-0.75, 1, 6],
			"to": [0, 2, 8],
			"rotation": {"angle": 0, "axis": "y", "origin": [8, 7.6875, 7.98125]},
			"faces": {
				"north": {"uv": [6, 14, 7, 15], "texture": "#0"},
				"south": {"uv": [7, 14, 8, 15], "texture": "#0"},
				"west": {"uv": [6, 14, 8, 15], "texture": "#0"},
				"up": {"uv": [6, 14, 8, 15], "rotation": 90, "texture": "#0"},
				"down": {"uv": [6, 14, 8, 15], "rotation": 270, "texture": "#0"}
			}
		},
		{
			"from": [10, 6, -0.75],
			"to": [12, 7, 0],
			"rotation": {"angle": 0, "axis": "y", "origin": [8.01875, 7.6875, 8]},
			"faces": {
				"north": {"uv": [4, 9, 6, 10], "texture": "#0"},
				"east": {"uv": [4, 9, 5, 10], "texture": "#0"},
				"west": {"uv": [5, 9, 6, 10], "texture": "#0"},
				"down": {"uv": [4, 9, 6, 10], "rotation": 180, "texture": "#0"}
			}
		},
		{
			"from": [4, -0.75, 6],
			"to": [6, 0, 7],
			"rotation": {"angle": 0, "axis": "y", "origin": [7.85625, 14.525, 8.3375]},
			"faces": {
				"north": {"uv": [4, 9, 6, 10], "rotation": 180, "texture": "#0"},
				"east": {"uv": [5, 9, 6, 10], "rotation": 270, "texture": "#0"},
				"west": {"uv": [4, 9, 5, 10], "rotation": 90, "texture": "#0"},
				"down": {"uv": [4, 9, 6, 10], "texture": "#0"}
			}
		},
		{
			"from": [16, 6, 10],
			"to": [16.75, 7, 12],
			"rotation": {"angle": 0, "axis": "y", "origin": [8.05, 7.6875, 8.01875]},
			"faces": {
				"north": {"uv": [5, 9, 6, 10], "texture": "#0"},
				"east": {"uv": [4, 9, 6, 10], "texture": "#0"},
				"south": {"uv": [4, 9, 5, 10], "texture": "#0"},
				"down": {"uv": [4, 9, 6, 10], "rotation": 90, "texture": "#0"}
			}
		},
		{
			"from": [4, 6, 16],
			"to": [6, 7, 16.75],
			"rotation": {"angle": 0, "axis": "y", "origin": [7.98125, 7.6875, 8]},
			"faces": {
				"east": {"uv": [5, 9, 6, 10], "texture": "#0"},
				"south": {"uv": [4, 9, 6, 10], "texture": "#0"},
				"west": {"uv": [4, 9, 5, 10], "texture": "#0"},
				"down": {"uv": [4, 9, 6, 10], "texture": "#0"}
			}
		},
		{
			"from": [4, 16, 9],
			"to": [6, 16.75, 10],
			"rotation": {"angle": 0, "axis": "x", "origin": [7.98125, 7.75, 7.9625]},
			"faces": {
				"east": {"uv": [5, 9, 6, 10], "rotation": 90, "texture": "#0"},
				"south": {"uv": [4, 9, 6, 10], "texture": "#0"},
				"west": {"uv": [4, 9, 5, 10], "rotation": 270, "texture": "#0"},
				"up": {"uv": [4, 9, 6, 10], "texture": "#0"}
			}
		},
		{
			"from": [-0.75, 6, 4],
			"to": [0, 7, 6],
			"rotation": {"angle": 0, "axis": "y", "origin": [8, 7.6875, 7.98125]},
			"faces": {
				"north": {"uv": [4, 9, 5, 10], "texture": "#0"},
				"south": {"uv": [5, 9, 6, 10], "texture": "#0"},
				"west": {"uv": [4, 9, 6, 10], "texture": "#0"},
				"down": {"uv": [4, 9, 6, 10], "rotation": 270, "texture": "#0"}
			}
		},
		{
			"from": [13, 11, -0.75],
			"to": [15, 12, 0],
			"rotation": {"angle": 0, "axis": "y", "origin": [8.01875, 7.6875, 8]},
			"faces": {
				"north": {"uv": [1, 4, 3, 5], "texture": "#0"},
				"east": {"uv": [1, 4, 2, 5], "texture": "#0"},
				"west": {"uv": [2, 4, 3, 5], "texture": "#0"},
				"up": {"uv": [1, 4, 3, 5], "rotation": 180, "texture": "#0"},
				"down": {"uv": [1, 4, 3, 5], "rotation": 180, "texture": "#0"}
			}
		},
		{
			"from": [1, -0.75, 11],
			"to": [3, 0, 12],
			"rotation": {"angle": 0, "axis": "y", "origin": [7.85625, 14.525, 8.3375]},
			"faces": {
				"north": {"uv": [1, 4, 3, 5], "rotation": 180, "texture": "#0"},
				"east": {"uv": [2, 4, 3, 5], "rotation": 270, "texture": "#0"},
				"south": {"uv": [1, 4, 3, 5], "texture": "#0"},
				"west": {"uv": [1, 4, 2, 5], "rotation": 90, "texture": "#0"},
				"down": {"uv": [1, 4, 3, 5], "texture": "#0"}
			}
		},
		{
			"from": [16, 11, 13],
			"to": [16.75, 12, 15],
			"rotation": {"angle": 0, "axis": "y", "origin": [8.05, 7.6875, 8.01875]},
			"faces": {
				"north": {"uv": [2, 4, 3, 5], "texture": "#0"},
				"east": {"uv": [1, 4, 3, 5], "texture": "#0"},
				"south": {"uv": [1, 4, 2, 5], "texture": "#0"},
				"up": {"uv": [1, 4, 3, 5], "rotation": 270, "texture": "#0"},
				"down": {"uv": [1, 4, 3, 5], "rotation": 90, "texture": "#0"}
			}
		},
		{
			"from": [1, 11, 16],
			"to": [3, 12, 16.75],
			"rotation": {"angle": 0, "axis": "y", "origin": [7.98125, 7.6875, 8]},
			"faces": {
				"east": {"uv": [2, 4, 3, 5], "texture": "#0"},
				"south": {"uv": [1, 4, 3, 5], "texture": "#0"},
				"west": {"uv": [1, 4, 2, 5], "texture": "#0"},
				"up": {"uv": [1, 4, 3, 5], "texture": "#0"},
				"down": {"uv": [1, 4, 3, 5], "texture": "#0"}
			}
		},
		{
			"from": [1, 16, 4],
			"to": [3, 16.75, 5],
			"rotation": {"angle": 0, "axis": "x", "origin": [7.98125, 7.75, 7.9625]},
			"faces": {
				"north": {"uv": [1, 4, 3, 5], "rotation": 180, "texture": "#0"},
				"east": {"uv": [2, 4, 3, 5], "rotation": 90, "texture": "#0"},
				"south": {"uv": [1, 4, 3, 5], "texture": "#0"},
				"west": {"uv": [1, 4, 2, 5], "rotation": 270, "texture": "#0"},
				"up": {"uv": [1, 4, 3, 5], "texture": "#0"}
			}
		},
		{
			"from": [-0.75, 11, 1],
			"to": [0, 12, 3],
			"rotation": {"angle": 0, "axis": "y", "origin": [8, 7.6875, 7.98125]},
			"faces": {
				"north": {"uv": [1, 4, 2, 5], "texture": "#0"},
				"south": {"uv": [2, 4, 3, 5], "texture": "#0"},
				"west": {"uv": [1, 4, 3, 5], "texture": "#0"},
				"up": {"uv": [1, 4, 3, 5], "rotation": 90, "texture": "#0"},
				"down": {"uv": [1, 4, 3, 5], "rotation": 270, "texture": "#0"}
			}
		},
		{
			"from": [2, 13, -0.75],
			"to": [4, 14, 0],
			"rotation": {"angle": 0, "axis": "y", "origin": [8.01875, 7.6875, 8]},
			"faces": {
				"north": {"uv": [12, 2, 14, 3], "texture": "#0"},
				"east": {"uv": [12, 2, 13, 3], "texture": "#0"},
				"west": {"uv": [13, 2, 14, 3], "texture": "#0"},
				"up": {"uv": [12, 2, 14, 3], "rotation": 180, "texture": "#0"},
				"down": {"uv": [12, 2, 14, 3], "rotation": 180, "texture": "#0"}
			}
		},
		{
			"from": [12, -0.75, 13],
			"to": [14, 0, 14],
			"rotation": {"angle": 0, "axis": "y", "origin": [7.85625, 14.525, 8.3375]},
			"faces": {
				"north": {"uv": [12, 2, 14, 3], "rotation": 180, "texture": "#0"},
				"east": {"uv": [13, 2, 14, 3], "rotation": 270, "texture": "#0"},
				"south": {"uv": [12, 2, 14, 3], "texture": "#0"},
				"west": {"uv": [12, 2, 13, 3], "rotation": 90, "texture": "#0"},
				"down": {"uv": [12, 2, 14, 3], "texture": "#0"}
			}
		},
		{
			"from": [16, 13, 2],
			"to": [16.75, 14, 4],
			"rotation": {"angle": 0, "axis": "y", "origin": [8.05, 7.6875, 8.01875]},
			"faces": {
				"north": {"uv": [13, 2, 14, 3], "texture": "#0"},
				"east": {"uv": [12, 2, 14, 3], "texture": "#0"},
				"south": {"uv": [12, 2, 13, 3], "texture": "#0"},
				"up": {"uv": [12, 2, 14, 3], "rotation": 270, "texture": "#0"},
				"down": {"uv": [12, 2, 14, 3], "rotation": 90, "texture": "#0"}
			}
		},
		{
			"from": [12, 13, 16],
			"to": [14, 14, 16.75],
			"rotation": {"angle": 0, "axis": "y", "origin": [7.98125, 7.6875, 8]},
			"faces": {
				"east": {"uv": [13, 2, 14, 3], "texture": "#0"},
				"south": {"uv": [12, 2, 14, 3], "texture": "#0"},
				"west": {"uv": [12, 2, 13, 3], "texture": "#0"},
				"up": {"uv": [12, 2, 14, 3], "texture": "#0"},
				"down": {"uv": [12, 2, 14, 3], "texture": "#0"}
			}
		},
		{
			"from": [12, 16, 2],
			"to": [14, 16.75, 3],
			"rotation": {"angle": 0, "axis": "x", "origin": [7.98125, 7.75, 7.9625]},
			"faces": {
				"north": {"uv": [12, 2, 14, 3], "rotation": 180, "texture": "#0"},
				"east": {"uv": [13, 2, 14, 3], "rotation": 90, "texture": "#0"},
				"south": {"uv": [12, 2, 14, 3], "texture": "#0"},
				"west": {"uv": [12, 2, 13, 3], "rotation": 270, "texture": "#0"},
				"up": {"uv": [12, 2, 14, 3], "texture": "#0"}
			}
		},
		{
			"from": [-0.75, 13, 12],
			"to": [0, 14, 14],
			"rotation": {"angle": 0, "axis": "y", "origin": [8, 7.6875, 7.98125]},
			"faces": {
				"north": {"uv": [12, 2, 13, 3], "texture": "#0"},
				"south": {"uv": [13, 2, 14, 3], "texture": "#0"},
				"west": {"uv": [12, 2, 14, 3], "texture": "#0"},
				"up": {"uv": [12, 2, 14, 3], "rotation": 90, "texture": "#0"},
				"down": {"uv": [12, 2, 14, 3], "rotation": 270, "texture": "#0"}
			}
		},
		{
			"from": [6, 11, -0.75],
			"to": [9, 12, 0],
			"rotation": {"angle": 0, "axis": "y", "origin": [8.01875, 7.6875, 8]},
			"faces": {
				"north": {"uv": [7, 4, 10, 5], "texture": "#0"},
				"east": {"uv": [7, 4, 8, 5], "texture": "#0"},
				"west": {"uv": [9, 4, 10, 5], "texture": "#0"},
				"down": {"uv": [7, 4, 10, 5], "rotation": 180, "texture": "#0"}
			}
		},
		{
			"from": [7, -0.75, 11],
			"to": [10, 0, 12],
			"rotation": {"angle": 0, "axis": "y", "origin": [7.85625, 14.525, 8.3375]},
			"faces": {
				"north": {"uv": [7, 4, 10, 5], "rotation": 180, "texture": "#0"},
				"east": {"uv": [9, 4, 10, 5], "rotation": 270, "texture": "#0"},
				"west": {"uv": [7, 4, 8, 5], "rotation": 90, "texture": "#0"},
				"down": {"uv": [7, 4, 10, 5], "texture": "#0"}
			}
		},
		{
			"from": [16, 11, 6],
			"to": [16.75, 12, 9],
			"rotation": {"angle": 0, "axis": "y", "origin": [8.05, 7.6875, 8.01875]},
			"faces": {
				"north": {"uv": [9, 4, 10, 5], "texture": "#0"},
				"east": {"uv": [7, 4, 10, 5], "texture": "#0"},
				"south": {"uv": [7, 4, 8, 5], "texture": "#0"},
				"down": {"uv": [7, 4, 10, 5], "rotation": 90, "texture": "#0"}
			}
		},
		{
			"from": [7, 11, 16],
			"to": [10, 12, 16.75],
			"rotation": {"angle": 0, "axis": "y", "origin": [7.98125, 7.6875, 8]},
			"faces": {
				"east": {"uv": [9, 4, 10, 5], "texture": "#0"},
				"south": {"uv": [7, 4, 10, 5], "texture": "#0"},
				"west": {"uv": [7, 4, 8, 5], "texture": "#0"},
				"down": {"uv": [7, 4, 10, 5], "texture": "#0"}
			}
		},
		{
			"from": [7, 16, 4],
			"to": [10, 16.75, 5],
			"rotation": {"angle": 0, "axis": "x", "origin": [7.98125, 7.75, 7.9625]},
			"faces": {
				"east": {"uv": [9, 4, 10, 5], "rotation": 90, "texture": "#0"},
				"south": {"uv": [7, 4, 10, 5], "texture": "#0"},
				"west": {"uv": [7, 4, 8, 5], "rotation": 270, "texture": "#0"},
				"up": {"uv": [7, 4, 10, 5], "texture": "#0"}
			}
		},
		{
			"from": [-0.75, 11, 7],
			"to": [0, 12, 10],
			"rotation": {"angle": 0, "axis": "y", "origin": [8, 7.6875, 7.98125]},
			"faces": {
				"north": {"uv": [7, 4, 8, 5], "texture": "#0"},
				"south": {"uv": [9, 4, 10, 5], "texture": "#0"},
				"west": {"uv": [7, 4, 10, 5], "texture": "#0"},
				"down": {"uv": [7, 4, 10, 5], "rotation": 270, "texture": "#0"}
			}
		},
		{
			"from": [7, 13, -0.75],
			"to": [10, 14, 0],
			"rotation": {"angle": 0, "axis": "y", "origin": [8.01875, 7.6875, 8]},
			"faces": {
				"north": {"uv": [6, 2, 9, 3], "texture": "#0"},
				"east": {"uv": [6, 2, 7, 3], "rotation": 180, "texture": "#0"},
				"west": {"uv": [8, 2, 8.75, 3], "rotation": 180, "texture": "#0"},
				"up": {"uv": [6, 2, 9, 3], "rotation": 180, "texture": "#0"}
			}
		},
		{
			"from": [6, -0.75, 13],
			"to": [9, 0, 14],
			"rotation": {"angle": 0, "axis": "y", "origin": [7.85625, 14.525, 8.3375]},
			"faces": {
				"east": {"uv": [8, 2, 8.75, 3], "rotation": 90, "texture": "#0"},
				"south": {"uv": [6, 2, 9, 3], "texture": "#0"},
				"west": {"uv": [6, 2, 7, 3], "rotation": 270, "texture": "#0"},
				"down": {"uv": [6, 2, 9, 3], "texture": "#0"}
			}
		},
		{
			"from": [16, 13, 7],
			"to": [16.75, 14, 10],
			"rotation": {"angle": 0, "axis": "y", "origin": [8.05, 7.6875, 8.01875]},
			"faces": {
				"north": {"uv": [8, 2, 8.75, 3], "rotation": 180, "texture": "#0"},
				"east": {"uv": [6, 2, 9, 3], "texture": "#0"},
				"south": {"uv": [6, 2, 7, 3], "rotation": 180, "texture": "#0"},
				"up": {"uv": [6, 2, 9, 3], "rotation": 270, "texture": "#0"}
			}
		},
		{
			"from": [6, 13, 16],
			"to": [9, 14, 16.75],
			"rotation": {"angle": 0, "axis": "y", "origin": [7.98125, 7.6875, 8]},
			"faces": {
				"east": {"uv": [8, 2, 8.75, 3], "rotation": 180, "texture": "#0"},
				"south": {"uv": [6, 2, 9, 3], "texture": "#0"},
				"west": {"uv": [6, 2, 7, 3], "rotation": 180, "texture": "#0"},
				"up": {"uv": [6, 2, 9, 3], "texture": "#0"}
			}
		},
		{
			"from": [6, 16, 2],
			"to": [9, 16.75, 3],
			"rotation": {"angle": 0, "axis": "x", "origin": [7.98125, 7.75, 7.9625]},
			"faces": {
				"north": {"uv": [6, 2, 9, 3], "rotation": 180, "texture": "#0"},
				"east": {"uv": [8, 2, 8.75, 3], "rotation": 270, "texture": "#0"},
				"west": {"uv": [6, 2, 7, 3], "rotation": 90, "texture": "#0"},
				"up": {"uv": [6, 2, 9, 3], "texture": "#0"}
			}
		},
		{
			"from": [-0.75, 13, 6],
			"to": [0, 14, 9],
			"rotation": {"angle": 0, "axis": "y", "origin": [8, 7.6875, 7.98125]},
			"faces": {
				"north": {"uv": [6, 2, 7, 3], "rotation": 180, "texture": "#0"},
				"south": {"uv": [8, 2, 8.75, 3], "rotation": 180, "texture": "#0"},
				"west": {"uv": [6, 2, 9, 3], "texture": "#0"},
				"up": {"uv": [6, 2, 9, 3], "rotation": 90, "texture": "#0"}
			}
		},
		{
			"from": [5, 12, -0.75],
			"to": [11, 13, 0],
			"rotation": {"angle": 0, "axis": "y", "origin": [8.01875, 7.6875, 8]},
			"faces": {
				"north": {"uv": [5, 3, 11, 4], "texture": "#0"},
				"east": {"uv": [5, 3, 6, 4], "texture": "#0"},
				"west": {"uv": [10, 3, 11, 4], "texture": "#0"},
				"up": {"uv": [5, 3, 11, 4], "rotation": 180, "texture": "#0"},
				"down": {"uv": [5, 3, 11, 4], "rotation": 180, "texture": "#0"}
			}
		},
		{
			"from": [5, -0.75, 12],
			"to": [11, 0, 13],
			"rotation": {"angle": 0, "axis": "y", "origin": [7.85625, 14.525, 8.3375]},
			"faces": {
				"north": {"uv": [5, 3, 11, 4], "rotation": 180, "texture": "#0"},
				"east": {"uv": [10, 3, 11, 4], "rotation": 270, "texture": "#0"},
				"south": {"uv": [5, 3, 11, 4], "texture": "#0"},
				"west": {"uv": [5, 3, 6, 4], "rotation": 90, "texture": "#0"},
				"down": {"uv": [5, 3, 11, 4], "texture": "#0"}
			}
		},
		{
			"from": [16, 12, 5],
			"to": [16.75, 13, 11],
			"rotation": {"angle": 0, "axis": "y", "origin": [8.05, 7.6875, 8.01875]},
			"faces": {
				"north": {"uv": [10, 3, 11, 4], "texture": "#0"},
				"east": {"uv": [5, 3, 11, 4], "texture": "#0"},
				"south": {"uv": [5, 3, 6, 4], "texture": "#0"},
				"up": {"uv": [5, 3, 11, 4], "rotation": 270, "texture": "#0"},
				"down": {"uv": [5, 3, 11, 4], "rotation": 90, "texture": "#0"}
			}
		},
		{
			"from": [5, 12, 16],
			"to": [11, 13, 16.75],
			"rotation": {"angle": 0, "axis": "y", "origin": [7.98125, 7.6875, 8]},
			"faces": {
				"east": {"uv": [10, 3, 11, 4], "texture": "#0"},
				"south": {"uv": [5, 3, 11, 4], "texture": "#0"},
				"west": {"uv": [5, 3, 6, 4], "texture": "#0"},
				"up": {"uv": [5, 3, 11, 4], "texture": "#0"},
				"down": {"uv": [5, 3, 11, 4], "texture": "#0"}
			}
		},
		{
			"from": [5, 16, 3],
			"to": [11, 16.75, 4],
			"rotation": {"angle": 0, "axis": "x", "origin": [7.98125, 7.75, 7.9625]},
			"faces": {
				"north": {"uv": [5, 3, 11, 4], "rotation": 180, "texture": "#0"},
				"east": {"uv": [10, 3, 11, 4], "rotation": 90, "texture": "#0"},
				"south": {"uv": [5, 3, 11, 4], "texture": "#0"},
				"west": {"uv": [5, 3, 6, 4], "rotation": 270, "texture": "#0"},
				"up": {"uv": [5, 3, 11, 4], "texture": "#0"}
			}
		},
		{
			"from": [-0.75, 12, 5],
			"to": [0, 13, 11],
			"rotation": {"angle": 0, "axis": "y", "origin": [8, 7.6875, 7.98125]},
			"faces": {
				"north": {"uv": [5, 3, 6, 4], "texture": "#0"},
				"south": {"uv": [10, 3, 11, 4], "texture": "#0"},
				"west": {"uv": [5, 3, 11, 4], "texture": "#0"},
				"up": {"uv": [5, 3, 11, 4], "rotation": 90, "texture": "#0"},
				"down": {"uv": [5, 3, 11, 4], "rotation": 270, "texture": "#0"}
			}
		},
		{
			"from": [9, 8, -0.75],
			"to": [12, 9, 0],
			"rotation": {"angle": 0, "axis": "y", "origin": [8.01875, 7.6875, 8]},
			"faces": {
				"north": {"uv": [4, 7, 7, 8], "texture": "#0"},
				"east": {"uv": [4, 7, 5, 8], "texture": "#0"},
				"west": {"uv": [6, 7, 7, 8], "texture": "#0"},
				"up": {"uv": [4, 7, 7, 8], "rotation": 180, "texture": "#0"}
			}
		},
		{
			"from": [4, -0.75, 8],
			"to": [7, 0, 9],
			"rotation": {"angle": 0, "axis": "y", "origin": [7.85625, 14.525, 8.3375]},
			"faces": {
				"east": {"uv": [6, 7, 7, 8], "rotation": 270, "texture": "#0"},
				"south": {"uv": [4, 7, 7, 8], "texture": "#0"},
				"west": {"uv": [4, 7, 5, 8], "rotation": 90, "texture": "#0"},
				"down": {"uv": [4, 7, 7, 8], "texture": "#0"}
			}
		},
		{
			"from": [16, 8, 9],
			"to": [16.75, 9, 12],
			"rotation": {"angle": 0, "axis": "y", "origin": [8.05, 7.6875, 8.01875]},
			"faces": {
				"north": {"uv": [6, 7, 7, 8], "texture": "#0"},
				"east": {"uv": [4, 7, 7, 8], "texture": "#0"},
				"south": {"uv": [4, 7, 5, 8], "texture": "#0"},
				"up": {"uv": [4, 7, 7, 8], "rotation": 270, "texture": "#0"}
			}
		},
		{
			"from": [4, 8, 16],
			"to": [7, 9, 16.75],
			"rotation": {"angle": 0, "axis": "y", "origin": [7.98125, 7.6875, 8]},
			"faces": {
				"east": {"uv": [6, 7, 7, 8], "texture": "#0"},
				"south": {"uv": [4, 7, 7, 8], "texture": "#0"},
				"west": {"uv": [4, 7, 5, 8], "texture": "#0"},
				"up": {"uv": [4, 7, 7, 8], "texture": "#0"}
			}
		},
		{
			"from": [4, 16, 7],
			"to": [7, 16.75, 8],
			"rotation": {"angle": 0, "axis": "x", "origin": [7.98125, 7.75, 7.9625]},
			"faces": {
				"north": {"uv": [4, 7, 7, 8], "rotation": 180, "texture": "#0"},
				"east": {"uv": [6, 7, 7, 8], "rotation": 90, "texture": "#0"},
				"west": {"uv": [4, 7, 5, 8], "rotation": 270, "texture": "#0"},
				"up": {"uv": [4, 7, 7, 8], "texture": "#0"}
			}
		},
		{
			"from": [-0.75, 8, 4],
			"to": [0, 9, 7],
			"rotation": {"angle": 0, "axis": "y", "origin": [8, 7.6875, 7.98125]},
			"faces": {
				"north": {"uv": [4, 7, 5, 8], "texture": "#0"},
				"south": {"uv": [6, 7, 7, 8], "texture": "#0"},
				"west": {"uv": [4, 7, 7, 8], "texture": "#0"},
				"up": {"uv": [4, 7, 7, 8], "rotation": 90, "texture": "#0"}
			}
		},
		{
			"from": [8, 7, -0.75],
			"to": [13, 8, 0],
			"rotation": {"angle": 0, "axis": "y", "origin": [8.01875, 7.6875, 8]},
			"faces": {
				"north": {"uv": [3, 8, 8, 9], "texture": "#0"},
				"east": {"uv": [3, 8, 4, 9], "texture": "#0"},
				"west": {"uv": [7, 8, 8, 9], "texture": "#0"},
				"up": {"uv": [3, 8, 8, 9], "rotation": 180, "texture": "#0"},
				"down": {"uv": [3, 8, 8, 9], "rotation": 180, "texture": "#0"}
			}
		},
		{
			"from": [3, -0.75, 7],
			"to": [8, 0, 8],
			"rotation": {"angle": 0, "axis": "y", "origin": [7.85625, 14.525, 8.3375]},
			"faces": {
				"north": {"uv": [3, 8, 8, 9], "rotation": 180, "texture": "#0"},
				"east": {"uv": [7, 8, 8, 9], "rotation": 270, "texture": "#0"},
				"south": {"uv": [3, 8, 8, 9], "texture": "#0"},
				"west": {"uv": [3, 8, 4, 9], "rotation": 90, "texture": "#0"},
				"down": {"uv": [3, 8, 8, 9], "texture": "#0"}
			}
		},
		{
			"from": [16, 7, 8],
			"to": [16.75, 8, 13],
			"rotation": {"angle": 0, "axis": "y", "origin": [8.05, 7.6875, 8.01875]},
			"faces": {
				"north": {"uv": [7, 8, 8, 9], "texture": "#0"},
				"east": {"uv": [3, 8, 8, 9], "texture": "#0"},
				"south": {"uv": [3, 8, 4, 9], "texture": "#0"},
				"up": {"uv": [3, 8, 8, 9], "rotation": 270, "texture": "#0"},
				"down": {"uv": [3, 8, 8, 9], "rotation": 90, "texture": "#0"}
			}
		},
		{
			"from": [3, 7, 16],
			"to": [8, 8, 16.75],
			"rotation": {"angle": 0, "axis": "y", "origin": [7.98125, 7.6875, 8]},
			"faces": {
				"east": {"uv": [7, 8, 8, 9], "texture": "#0"},
				"south": {"uv": [3, 8, 8, 9], "texture": "#0"},
				"west": {"uv": [3, 8, 4, 9], "texture": "#0"},
				"up": {"uv": [3, 8, 8, 9], "texture": "#0"},
				"down": {"uv": [3, 8, 8, 9], "texture": "#0"}
			}
		},
		{
			"from": [3, 16, 8],
			"to": [8, 16.75, 9],
			"rotation": {"angle": 0, "axis": "x", "origin": [7.98125, 7.75, 7.9625]},
			"faces": {
				"north": {"uv": [3, 8, 8, 9], "rotation": 180, "texture": "#0"},
				"east": {"uv": [7, 8, 8, 9], "rotation": 90, "texture": "#0"},
				"south": {"uv": [3, 8, 8, 9], "texture": "#0"},
				"west": {"uv": [3, 8, 4, 9], "rotation": 270, "texture": "#0"},
				"up": {"uv": [3, 8, 8, 9], "texture": "#0"}
			}
		},
		{
			"from": [-0.75, 7, 3],
			"to": [0, 8, 8],
			"rotation": {"angle": 0, "axis": "y", "origin": [8, 7.6875, 7.98125]},
			"faces": {
				"north": {"uv": [3, 8, 4, 9], "texture": "#0"},
				"south": {"uv": [7, 8, 8, 9], "texture": "#0"},
				"west": {"uv": [3, 8, 8, 9], "texture": "#0"},
				"up": {"uv": [3, 8, 8, 9], "rotation": 90, "texture": "#0"},
				"down": {"uv": [3, 8, 8, 9], "rotation": 270, "texture": "#0"}
			}
		},
		{
			"from": [11, 2, -0.75],
			"to": [13, 3, 0],
			"rotation": {"angle": 0, "axis": "y", "origin": [8.01875, 7.6875, 8]},
			"faces": {
				"north": {"uv": [3, 13, 5, 14], "texture": "#0"},
				"east": {"uv": [3, 13, 4, 14], "texture": "#0"},
				"west": {"uv": [4, 13, 5, 14], "texture": "#0"},
				"down": {"uv": [3, 13, 5, 14], "rotation": 180, "texture": "#0"}
			}
		},
		{
			"from": [3, -0.75, 2],
			"to": [5, 0, 3],
			"rotation": {"angle": 0, "axis": "y", "origin": [7.85625, 14.525, 8.3375]},
			"faces": {
				"north": {"uv": [3, 13, 5, 14], "rotation": 180, "texture": "#0"},
				"east": {"uv": [4, 13, 5, 14], "rotation": 270, "texture": "#0"},
				"west": {"uv": [2, 13, 3, 14], "rotation": 90, "texture": "#0"},
				"down": {"uv": [3, 13, 5, 14], "texture": "#0"}
			}
		},
		{
			"from": [16, 2, 11],
			"to": [16.75, 3, 13],
			"rotation": {"angle": 0, "axis": "y", "origin": [8.05, 7.6875, 8.01875]},
			"faces": {
				"north": {"uv": [4, 13, 5, 14], "texture": "#0"},
				"east": {"uv": [3, 13, 5, 14], "texture": "#0"},
				"south": {"uv": [3, 13, 4, 14], "texture": "#0"},
				"down": {"uv": [3, 13, 5, 14], "rotation": 90, "texture": "#0"}
			}
		},
		{
			"from": [3, 2, 16],
			"to": [5, 3, 16.75],
			"rotation": {"angle": 0, "axis": "y", "origin": [7.98125, 7.6875, 8]},
			"faces": {
				"east": {"uv": [4, 13, 5, 14], "texture": "#0"},
				"south": {"uv": [3, 13, 5, 14], "texture": "#0"},
				"west": {"uv": [3, 13, 4, 14], "texture": "#0"},
				"down": {"uv": [3, 13, 5, 14], "texture": "#0"}
			}
		},
		{
			"from": [3, 16, 13],
			"to": [5, 16.75, 14],
			"rotation": {"angle": 0, "axis": "x", "origin": [7.98125, 7.75, 7.9625]},
			"faces": {
				"east": {"uv": [4, 13, 5, 14], "rotation": 90, "texture": "#0"},
				"south": {"uv": [3, 13, 5, 14], "texture": "#0"},
				"west": {"uv": [2, 13, 3, 14], "rotation": 270, "texture": "#0"},
				"up": {"uv": [3, 13, 5, 14], "texture": "#0"}
			}
		},
		{
			"from": [-0.75, 2, 3],
			"to": [0, 3, 5],
			"rotation": {"angle": 0, "axis": "y", "origin": [8, 7.6875, 7.98125]},
			"faces": {
				"north": {"uv": [3, 13, 4, 14], "texture": "#0"},
				"south": {"uv": [4, 13, 5, 14], "texture": "#0"},
				"west": {"uv": [3, 13, 5, 14], "texture": "#0"},
				"down": {"uv": [3, 13, 5, 14], "rotation": 270, "texture": "#0"}
			}
		},
		{
			"from": [9, 3, -0.75],
			"to": [14, 4, 0],
			"rotation": {"angle": 0, "axis": "y", "origin": [8.01875, 7.6875, 8]},
			"faces": {
				"north": {"uv": [2, 12, 7, 13], "texture": "#0"},
				"east": {"uv": [2, 12, 3, 13], "texture": "#0"},
				"west": {"uv": [6, 12, 7, 13], "texture": "#0"},
				"up": {"uv": [2, 12, 7, 13], "rotation": 180, "texture": "#0"},
				"down": {"uv": [2, 12, 7, 13], "rotation": 180, "texture": "#0"}
			}
		},
		{
			"from": [2, -0.75, 3],
			"to": [7, 0, 4],
			"rotation": {"angle": 0, "axis": "y", "origin": [7.85625, 14.525, 8.3375]},
			"faces": {
				"north": {"uv": [2, 12, 7, 13], "rotation": 180, "texture": "#0"},
				"east": {"uv": [6, 12, 7, 13], "rotation": 270, "texture": "#0"},
				"south": {"uv": [2, 12, 7, 13], "texture": "#0"},
				"west": {"uv": [2, 12, 3, 13], "rotation": 90, "texture": "#0"},
				"down": {"uv": [2, 12, 7, 13], "texture": "#0"}
			}
		},
		{
			"from": [16, 3, 9],
			"to": [16.75, 4, 14],
			"rotation": {"angle": 0, "axis": "y", "origin": [8.05, 7.6875, 8.01875]},
			"faces": {
				"north": {"uv": [6, 12, 7, 13], "texture": "#0"},
				"east": {"uv": [2, 12, 7, 13], "texture": "#0"},
				"south": {"uv": [2, 12, 3, 13], "texture": "#0"},
				"up": {"uv": [2, 12, 7, 13], "rotation": 270, "texture": "#0"},
				"down": {"uv": [2, 12, 7, 13], "rotation": 90, "texture": "#0"}
			}
		},
		{
			"from": [2, 3, 16],
			"to": [7, 4, 16.75],
			"rotation": {"angle": 0, "axis": "y", "origin": [7.98125, 7.6875, 8]},
			"faces": {
				"east": {"uv": [6, 12, 7, 13], "texture": "#0"},
				"south": {"uv": [2, 12, 7, 13], "texture": "#0"},
				"west": {"uv": [2, 12, 3, 13], "texture": "#0"},
				"up": {"uv": [2, 12, 7, 13], "texture": "#0"},
				"down": {"uv": [2, 12, 7, 13], "texture": "#0"}
			}
		},
		{
			"from": [2, 16, 12],
			"to": [7, 16.75, 13],
			"rotation": {"angle": 0, "axis": "x", "origin": [7.98125, 7.75, 7.9625]},
			"faces": {
				"north": {"uv": [2, 12, 7, 13], "rotation": 180, "texture": "#0"},
				"east": {"uv": [6, 12, 7, 13], "rotation": 90, "texture": "#0"},
				"south": {"uv": [2, 12, 7, 13], "texture": "#0"},
				"west": {"uv": [2, 12, 3, 13], "rotation": 270, "texture": "#0"},
				"up": {"uv": [2, 12, 7, 13], "texture": "#0"}
			}
		},
		{
			"from": [-0.75, 3, 2],
			"to": [0, 4, 7],
			"rotation": {"angle": 0, "axis": "y", "origin": [8, 7.6875, 7.98125]},
			"faces": {
				"north": {"uv": [2, 12, 3, 13], "texture": "#0"},
				"south": {"uv": [6, 12, 7, 13], "texture": "#0"},
				"west": {"uv": [2, 12, 7, 13], "texture": "#0"},
				"up": {"uv": [2, 12, 7, 13], "rotation": 90, "texture": "#0"},
				"down": {"uv": [2, 12, 7, 13], "rotation": 270, "texture": "#0"}
			}
		}
	],
	"display": {
		"thirdperson_righthand": {
			"rotation": [75, 45, 0],
			"translation": [0, 2.5, 0],
			"scale": [0.375, 0.375, 0.375]
		},
		"thirdperson_lefthand": {
			"rotation": [75, 45, 0],
			"translation": [0, 2.5, 0],
			"scale": [0.375, 0.375, 0.375]
		},
		"firstperson_righthand": {
			"rotation": [0, 45, 0],
			"scale": [0.4, 0.4, 0.4]
		},
		"firstperson_lefthand": {
			"rotation": [0, 225, 0],
			"scale": [0.4, 0.4, 0.4]
		},
		"ground": {
			"translation": [0, 3, 0],
			"scale": [0.25, 0.25, 0.25]
		},
		"gui": {
			"rotation": [30, 225, 0],
			"scale": [0.625, 0.625, 0.625]
		},
		"fixed": {
			"scale": [0.5, 0.5, 0.5]
		}
	}
}