{
	"credit": "Made with Blockbench",
	"textures": {
		"0": "modeltextures/ore/lapis_ore_legacy",
		"particle": "modeltextures/ore/lapis_ore_legacy"
	},
	"elements": [
		{
			"from": [0, 0, 0],
			"to": [16, 16, 16],
			"faces": {
				"north": {"uv": [0, 0, 16, 16], "texture": "#0"},
				"east": {"uv": [0, 0, 16, 16], "texture": "#0"},
				"south": {"uv": [0, 0, 16, 16], "texture": "#0"},
				"west": {"uv": [0, 0, 16, 16], "texture": "#0"},
				"up": {"uv": [0, 0, 16, 16], "texture": "#0"},
				"down": {"uv": [0, 0, 16, 16], "texture": "#0"}
			}
		},
		{
			"from": [9, 1, -0.75],
			"to": [12, 3, 0],
			"rotation": {"angle": 0, "axis": "y", "origin": [8.01875, 7.6875, 8]},
			"faces": {
				"north": {"uv": [4, 13, 7, 15], "texture": "#0"},
				"east": {"uv": [4, 13, 4.75, 15], "texture": "#0"},
				"west": {"uv": [6, 13, 6.75, 15], "texture": "#0"},
				"up": {"uv": [4, 13, 7, 13.75], "rotation": 180, "texture": "#0"},
				"down": {"uv": [4, 14, 7, 14.75], "rotation": 180, "texture": "#0"}
			}
		},
		{
			"from": [5, 2, -0.75],
			"to": [8, 4, 0],
			"rotation": {"angle": 0, "axis": "y", "origin": [8.01875, 7.6875, 8]},
			"faces": {
				"north": {"uv": [8, 12, 11, 14], "texture": "#0"},
				"east": {"uv": [8, 12, 8.75, 14], "texture": "#0"},
				"west": {"uv": [10, 12, 10.75, 14], "texture": "#0"},
				"up": {"uv": [8, 12, 11, 12.75], "rotation": 180, "texture": "#0"},
				"down": {"uv": [8, 13, 11, 13.75], "rotation": 180, "texture": "#0"}
			}
		},
		{
			"from": [1, 3, -0.75],
			"to": [3, 7, 0],
			"rotation": {"angle": 0, "axis": "y", "origin": [8.01875, 7.6875, 8]},
			"faces": {
				"north": {"uv": [13, 9, 15, 13], "texture": "#0"},
				"east": {"uv": [13, 9, 13.75, 13], "texture": "#0"},
				"west": {"uv": [14, 9, 14.75, 13], "texture": "#0"},
				"up": {"uv": [13, 9, 15, 9.75], "rotation": 180, "texture": "#0"},
				"down": {"uv": [13, 12, 15, 12.75], "rotation": 180, "texture": "#0"}
			}
		},
		{
			"from": [5, 5, -0.75],
			"to": [8, 7, 0],
			"rotation": {"angle": 0, "axis": "y", "origin": [8.01875, 7.6875, 8]},
			"faces": {
				"north": {"uv": [8, 9, 11, 11], "texture": "#0"},
				"east": {"uv": [8, 9, 8.75, 11], "texture": "#0"},
				"west": {"uv": [10, 9, 10.75, 11], "texture": "#0"},
				"up": {"uv": [8, 9, 11, 9.75], "rotation": 180, "texture": "#0"},
				"down": {"uv": [8, 10, 11, 10.75], "rotation": 180, "texture": "#0"}
			}
		},
		{
			"from": [4, 7, -0.75],
			"to": [7, 8, 0],
			"rotation": {"angle": 0, "axis": "y", "origin": [8.01875, 7.6875, 8]},
			"faces": {
				"north": {"uv": [9, 8, 12, 9], "texture": "#0"},
				"east": {"uv": [9, 8, 9.75, 9], "texture": "#0"},
				"west": {"uv": [11, 8, 11.75, 9], "texture": "#0"},
				"up": {"uv": [9, 8, 12, 9], "rotation": 180, "texture": "#0"}
			}
		},
		{
			"from": [8, 6, -0.75],
			"to": [9, 8, 0],
			"rotation": {"angle": 0, "axis": "y", "origin": [8.01875, 7.6875, 8]},
			"faces": {
				"north": {"uv": [7, 8, 8, 10], "texture": "#0"},
				"east": {"uv": [7, 8, 8, 10], "texture": "#0"},
				"west": {"uv": [7, 8, 8, 10], "texture": "#0"},
				"up": {"uv": [7, 8, 8, 8.75], "texture": "#0"},
				"down": {"uv": [7, 9, 8, 9.75], "texture": "#0"}
			}
		},
		{
			"from": [10, 3, -0.75],
			"to": [11, 4, 0],
			"rotation": {"angle": 0, "axis": "y", "origin": [8.01875, 7.6875, 8]},
			"faces": {
				"north": {"uv": [5, 12, 5.75, 13], "texture": "#0"},
				"east": {"uv": [5, 12, 5.75, 13], "texture": "#0"},
				"west": {"uv": [5, 12, 5.75, 13], "texture": "#0"},
				"up": {"uv": [5, 12, 5.75, 13], "texture": "#0"}
			}
		},
		{
			"from": [4, 6, -0.75],
			"to": [5, 7, 0],
			"rotation": {"angle": 0, "axis": "y", "origin": [8.01875, 7.6875, 8]},
			"faces": {
				"north": {"uv": [11, 9, 11.75, 10], "texture": "#0"},
				"west": {"uv": [11, 9, 11.75, 10], "texture": "#0"},
				"down": {"uv": [11, 9, 11.75, 10], "texture": "#0"}
			}
		},
		{
			"from": [4, 9, -0.75],
			"to": [6, 11, 0],
			"rotation": {"angle": 0, "axis": "y", "origin": [8.01875, 7.6875, 8]},
			"faces": {
				"north": {"uv": [10, 5, 12, 7], "texture": "#0"},
				"east": {"uv": [10, 5, 10.75, 7], "texture": "#0"},
				"west": {"uv": [11, 5, 11.75, 7], "texture": "#0"},
				"up": {"uv": [10, 5, 12, 5.75], "rotation": 180, "texture": "#0"},
				"down": {"uv": [10, 6, 12, 6.75], "rotation": 180, "texture": "#0"}
			}
		},
		{
			"from": [13, 7, -0.75],
			"to": [15, 9, 0],
			"rotation": {"angle": 0, "axis": "y", "origin": [8.01875, 7.6875, 8]},
			"faces": {
				"north": {"uv": [1, 7, 3, 9], "texture": "#0"},
				"east": {"uv": [1, 7, 1.75, 9], "texture": "#0"},
				"west": {"uv": [2, 7, 2.75, 9], "texture": "#0"},
				"up": {"uv": [1, 7, 3, 7.75], "rotation": 180, "texture": "#0"},
				"down": {"uv": [1, 8, 3, 8.75], "rotation": 180, "texture": "#0"}
			}
		},
		{
			"from": [8, 9, -0.75],
			"to": [13, 10, 0],
			"rotation": {"angle": 0, "axis": "y", "origin": [8.01875, 7.6875, 8]},
			"faces": {
				"north": {"uv": [3, 6, 8, 7], "texture": "#0"},
				"east": {"uv": [3, 6, 3.75, 7], "texture": "#0"},
				"west": {"uv": [7, 6, 7.75, 7], "texture": "#0"},
				"up": {"uv": [3, 6, 8, 7], "rotation": 180, "texture": "#0"},
				"down": {"uv": [3, 6, 8, 7], "rotation": 180, "texture": "#0"}
			}
		},
		{
			"from": [9, 10, -0.75],
			"to": [11, 11, 0],
			"rotation": {"angle": 0, "axis": "y", "origin": [8.01875, 7.6875, 8]},
			"faces": {
				"north": {"uv": [5, 5, 7, 5.75], "texture": "#0"},
				"east": {"uv": [5, 5, 5.75, 6], "rotation": 180, "texture": "#0"},
				"west": {"uv": [6, 5, 6.75, 6], "texture": "#0"},
				"up": {"uv": [5, 5, 7, 5.75], "rotation": 180, "texture": "#0"}
			}
		},
		{
			"from": [10, 12, -0.75],
			"to": [11, 13, 0],
			"rotation": {"angle": 0, "axis": "y", "origin": [8.01875, 7.6875, 8]},
			"faces": {
				"north": {"uv": [5, 3, 6, 4], "texture": "#0"},
				"east": {"uv": [5, 3, 6, 4], "texture": "#0"},
				"west": {"uv": [5, 3, 6, 4], "texture": "#0"},
				"down": {"uv": [5, 3, 6, 4], "texture": "#0"}
			}
		},
		{
			"from": [7, 12, -0.75],
			"to": [9, 13, 0],
			"rotation": {"angle": 0, "axis": "y", "origin": [8.01875, 7.6875, 8]},
			"faces": {
				"north": {"uv": [7, 3, 9, 4], "texture": "#0"},
				"east": {"uv": [7, 3, 7.75, 4], "texture": "#0"},
				"west": {"uv": [8, 3, 8.75, 4], "texture": "#0"},
				"up": {"uv": [7, 3, 9, 4], "rotation": 180, "texture": "#0"},
				"down": {"uv": [7, 3, 9, 4], "rotation": 180, "texture": "#0"}
			}
		},
		{
			"from": [2, 13, -0.75],
			"to": [4, 14, 0],
			"rotation": {"angle": 0, "axis": "y", "origin": [8.01875, 7.6875, 8]},
			"faces": {
				"north": {"uv": [12, 2, 14, 3], "texture": "#0"},
				"east": {"uv": [12, 2, 12.75, 3], "texture": "#0"},
				"west": {"uv": [13, 2, 13.75, 3], "texture": "#0"},
				"up": {"uv": [12, 2, 14, 3], "rotation": 180, "texture": "#0"},
				"down": {"uv": [12, 2, 14, 3], "rotation": 180, "texture": "#0"}
			}
		},
		{
			"from": [10, 13, -0.75],
			"to": [14, 14, 0],
			"rotation": {"angle": 0, "axis": "y", "origin": [8.01875, 7.6875, 8]},
			"faces": {
				"north": {"uv": [2, 2, 6, 3], "texture": "#0"},
				"east": {"uv": [2, 2, 2.75, 3], "texture": "#0"},
				"west": {"uv": [5, 2, 5.75, 3], "texture": "#0"},
				"up": {"uv": [2, 2, 6, 3], "rotation": 180, "texture": "#0"},
				"down": {"uv": [2, 2, 6, 3], "rotation": 180, "texture": "#0"}
			}
		},
		{
			"from": [11, 5, -0.75],
			"to": [12, 6, 0],
			"rotation": {"angle": 0, "axis": "y", "origin": [8.01875, 7.6875, 8]},
			"faces": {
				"north": {"uv": [4, 10, 4.75, 11], "texture": "#0"},
				"east": {"uv": [4, 10, 4.75, 11], "texture": "#0"},
				"west": {"uv": [4, 10, 4.75, 11], "texture": "#0"},
				"up": {"uv": [4, 10, 4.75, 11], "texture": "#0"}
			}
		},
		{
			"from": [11, 4, -0.75],
			"to": [14, 5, 0],
			"rotation": {"angle": 0, "axis": "y", "origin": [8.01875, 7.6875, 8]},
			"faces": {
				"north": {"uv": [2, 11, 5, 12], "texture": "#0"},
				"east": {"uv": [2, 11, 2.75, 12], "texture": "#0"},
				"west": {"uv": [4, 11, 4.75, 12], "texture": "#0"},
				"up": {"uv": [2, 11, 5, 12], "rotation": 180, "texture": "#0"},
				"down": {"uv": [2, 11, 5, 12], "rotation": 180, "texture": "#0"}
			}
		},
		{
			"from": [13.0375, 3, 16],
			"to": [15.0375, 7, 16.75],
			"rotation": {"angle": 0, "axis": "y", "origin": [8.01875, 7.6875, 8]},
			"faces": {
				"east": {"uv": [14, 9, 14.75, 13], "texture": "#0"},
				"south": {"uv": [13, 9, 15, 13], "texture": "#0"},
				"west": {"uv": [13, 9, 13.75, 13], "texture": "#0"},
				"up": {"uv": [13, 9, 15, 9.75], "texture": "#0"},
				"down": {"uv": [13, 12, 15, 12.75], "texture": "#0"}
			}
		},
		{
			"from": [8.0375, 2, 16],
			"to": [11.0375, 4, 16.75],
			"rotation": {"angle": 0, "axis": "y", "origin": [8.01875, 7.6875, 8]},
			"faces": {
				"east": {"uv": [10, 12, 10.75, 14], "texture": "#0"},
				"south": {"uv": [8, 12, 11, 14], "texture": "#0"},
				"west": {"uv": [8, 12, 8.75, 14], "texture": "#0"},
				"up": {"uv": [8, 12, 11, 12.75], "texture": "#0"},
				"down": {"uv": [8, 13, 11, 13.75], "texture": "#0"}
			}
		},
		{
			"from": [4.0375, 1, 16],
			"to": [7.0375, 3, 16.75],
			"rotation": {"angle": 0, "axis": "y", "origin": [8.01875, 7.6875, 8]},
			"faces": {
				"east": {"uv": [6, 13, 6.75, 15], "texture": "#0"},
				"south": {"uv": [4, 13, 7, 15], "texture": "#0"},
				"west": {"uv": [4, 13, 4.75, 15], "texture": "#0"},
				"up": {"uv": [4, 13, 7, 13.75], "texture": "#0"},
				"down": {"uv": [4, 14, 7, 14.75], "texture": "#0"}
			}
		},
		{
			"from": [2.0375, 4, 16],
			"to": [5.0375, 5, 16.75],
			"rotation": {"angle": 0, "axis": "y", "origin": [8.01875, 7.6875, 8]},
			"faces": {
				"east": {"uv": [4, 11, 4.75, 12], "texture": "#0"},
				"south": {"uv": [2, 11, 5, 12], "texture": "#0"},
				"west": {"uv": [2, 11, 2.75, 12], "texture": "#0"},
				"up": {"uv": [2, 11, 5, 12], "texture": "#0"},
				"down": {"uv": [2, 11, 5, 12], "texture": "#0"}
			}
		},
		{
			"from": [4.0375, 5, 16],
			"to": [5.0375, 6, 16.75],
			"rotation": {"angle": 0, "axis": "y", "origin": [8.01875, 7.6875, 8]},
			"faces": {
				"east": {"uv": [4, 10, 4.75, 11], "texture": "#0"},
				"south": {"uv": [4, 10, 4.75, 11], "texture": "#0"},
				"west": {"uv": [4, 10, 4.75, 11], "texture": "#0"},
				"up": {"uv": [4, 10, 4.75, 11], "rotation": 180, "texture": "#0"}
			}
		},
		{
			"from": [1.0375, 7, 16],
			"to": [3.0375, 9, 16.75],
			"rotation": {"angle": 0, "axis": "y", "origin": [8.01875, 7.6875, 8]},
			"faces": {
				"east": {"uv": [2, 7, 2.75, 9], "texture": "#0"},
				"south": {"uv": [1, 7, 3, 9], "texture": "#0"},
				"west": {"uv": [1, 7, 1.75, 9], "texture": "#0"},
				"up": {"uv": [1, 7, 3, 7.75], "texture": "#0"},
				"down": {"uv": [1, 8, 3, 8.75], "texture": "#0"}
			}
		},
		{
			"from": [3.0375, 9, 16],
			"to": [8.0375, 10, 16.75],
			"rotation": {"angle": 0, "axis": "y", "origin": [8.01875, 7.6875, 8]},
			"faces": {
				"east": {"uv": [7, 6, 7.75, 7], "texture": "#0"},
				"south": {"uv": [3, 6, 8, 7], "texture": "#0"},
				"west": {"uv": [3, 6, 3.75, 7], "texture": "#0"},
				"up": {"uv": [3, 6, 8, 7], "texture": "#0"},
				"down": {"uv": [3, 6, 8, 7], "texture": "#0"}
			}
		},
		{
			"from": [2.0375, 13, 16],
			"to": [6.0375, 14, 16.75],
			"rotation": {"angle": 0, "axis": "y", "origin": [8.01875, 7.6875, 8]},
			"faces": {
				"east": {"uv": [5, 2, 5.75, 3], "texture": "#0"},
				"south": {"uv": [2, 2, 6, 3], "texture": "#0"},
				"west": {"uv": [2, 2, 2.75, 3], "texture": "#0"},
				"up": {"uv": [2, 2, 6, 3], "texture": "#0"},
				"down": {"uv": [2, 2, 6, 3], "texture": "#0"}
			}
		},
		{
			"from": [5.0375, 12, 16],
			"to": [6.0375, 13, 16.75],
			"rotation": {"angle": 0, "axis": "y", "origin": [8.01875, 7.6875, 8]},
			"faces": {
				"east": {"uv": [5, 3, 6, 4], "texture": "#0"},
				"south": {"uv": [5, 3, 6, 4], "texture": "#0"},
				"west": {"uv": [5, 3, 6, 4], "texture": "#0"},
				"down": {"uv": [5, 3, 6, 4], "rotation": 180, "texture": "#0"}
			}
		},
		{
			"from": [7.0375, 12, 16],
			"to": [9.0375, 13, 16.75],
			"rotation": {"angle": 0, "axis": "y", "origin": [8.01875, 7.6875, 8]},
			"faces": {
				"east": {"uv": [8, 3, 8.75, 4], "texture": "#0"},
				"south": {"uv": [7, 3, 9, 4], "texture": "#0"},
				"west": {"uv": [7, 3, 7.75, 4], "texture": "#0"},
				"up": {"uv": [7, 3, 9, 4], "texture": "#0"},
				"down": {"uv": [7, 3, 9, 4], "texture": "#0"}
			}
		},
		{
			"from": [5.0375, 10, 16],
			"to": [7.0375, 11, 16.75],
			"rotation": {"angle": 0, "axis": "y", "origin": [8.01875, 7.6875, 8]},
			"faces": {
				"east": {"uv": [6, 5, 6.75, 6], "texture": "#0"},
				"south": {"uv": [5, 5, 7, 5.75], "texture": "#0"},
				"west": {"uv": [5, 5, 5.75, 6], "rotation": 180, "texture": "#0"},
				"up": {"uv": [5, 5, 7, 5.75], "texture": "#0"}
			}
		},
		{
			"from": [10.0375, 9, 16],
			"to": [12.0375, 11, 16.75],
			"rotation": {"angle": 0, "axis": "y", "origin": [8.01875, 7.6875, 8]},
			"faces": {
				"east": {"uv": [11, 5, 11.75, 7], "texture": "#0"},
				"south": {"uv": [10, 5, 12, 7], "texture": "#0"},
				"west": {"uv": [10, 5, 10.75, 7], "texture": "#0"},
				"up": {"uv": [10, 5, 12, 5.75], "texture": "#0"},
				"down": {"uv": [10, 6, 12, 6.75], "texture": "#0"}
			}
		},
		{
			"from": [12.0375, 13, 16],
			"to": [14.0375, 14, 16.75],
			"rotation": {"angle": 0, "axis": "y", "origin": [8.01875, 7.6875, 8]},
			"faces": {
				"east": {"uv": [13, 2, 13.75, 3], "texture": "#0"},
				"south": {"uv": [12, 2, 14, 3], "texture": "#0"},
				"west": {"uv": [12, 2, 12.75, 3], "texture": "#0"},
				"up": {"uv": [12, 2, 14, 3], "texture": "#0"},
				"down": {"uv": [12, 2, 14, 3], "texture": "#0"}
			}
		},
		{
			"from": [9.0375, 7, 16],
			"to": [12.0375, 8, 16.75],
			"rotation": {"angle": 0, "axis": "y", "origin": [8.01875, 7.6875, 8]},
			"faces": {
				"east": {"uv": [11, 8, 11.75, 9], "texture": "#0"},
				"south": {"uv": [9, 8, 12, 9], "texture": "#0"},
				"west": {"uv": [9, 8, 9.75, 9], "texture": "#0"},
				"up": {"uv": [9, 8, 12, 9], "texture": "#0"}
			}
		},
		{
			"from": [11.0375, 6, 16],
			"to": [12.0375, 7, 16.75],
			"rotation": {"angle": 0, "axis": "y", "origin": [8.01875, 7.6875, 8]},
			"faces": {
				"east": {"uv": [11, 9, 11.75, 10], "texture": "#0"},
				"south": {"uv": [11, 9, 11.75, 10], "texture": "#0"},
				"down": {"uv": [11, 9, 11.75, 10], "rotation": 180, "texture": "#0"}
			}
		},
		{
			"from": [8.0375, 5, 16],
			"to": [11.0375, 7, 16.75],
			"rotation": {"angle": 0, "axis": "y", "origin": [8.01875, 7.6875, 8]},
			"faces": {
				"east": {"uv": [10, 9, 10.75, 11], "texture": "#0"},
				"south": {"uv": [8, 9, 11, 11], "texture": "#0"},
				"west": {"uv": [8, 9, 8.75, 11], "texture": "#0"},
				"up": {"uv": [8, 9, 11, 9.75], "texture": "#0"},
				"down": {"uv": [8, 10, 11, 10.75], "texture": "#0"}
			}
		},
		{
			"from": [7.0375, 6, 16],
			"to": [8.0375, 8, 16.75],
			"rotation": {"angle": 0, "axis": "y", "origin": [8.01875, 7.6875, 8]},
			"faces": {
				"east": {"uv": [7, 8, 8, 10], "texture": "#0"},
				"south": {"uv": [7, 8, 8, 10], "texture": "#0"},
				"west": {"uv": [7, 8, 8, 10], "texture": "#0"},
				"up": {"uv": [7, 8, 8, 8.75], "rotation": 180, "texture": "#0"},
				"down": {"uv": [7, 9, 8, 9.75], "rotation": 180, "texture": "#0"}
			}
		},
		{
			"from": [5.0375, 3, 16],
			"to": [6.0375, 4, 16.75],
			"rotation": {"angle": 0, "axis": "y", "origin": [8.01875, 7.6875, 8]},
			"faces": {
				"east": {"uv": [5, 12, 5.75, 13], "texture": "#0"},
				"south": {"uv": [5, 12, 5.75, 13], "texture": "#0"},
				"west": {"uv": [5, 12, 5.75, 13], "texture": "#0"},
				"up": {"uv": [5, 12, 5.75, 13], "rotation": 180, "texture": "#0"}
			}
		},
		{
			"from": [13, 16, 9],
			"to": [15, 16.75, 13],
			"rotation": {"angle": 0, "axis": "x", "origin": [7.98125, 8, 8.3125]},
			"faces": {
				"north": {"uv": [13, 9, 15, 9.75], "rotation": 180, "texture": "#0"},
				"east": {"uv": [14, 9, 14.75, 13], "rotation": 90, "texture": "#0"},
				"south": {"uv": [13, 12, 15, 12.75], "texture": "#0"},
				"west": {"uv": [13, 9, 13.75, 13], "rotation": 270, "texture": "#0"},
				"up": {"uv": [13, 9, 15, 13], "texture": "#0"}
			}
		},
		{
			"from": [9, 16, 8],
			"to": [12, 16.75, 9],
			"rotation": {"angle": 0, "axis": "x", "origin": [7.98125, 8, 8.3125]},
			"faces": {
				"north": {"uv": [9, 8, 12, 9], "rotation": 180, "texture": "#0"},
				"east": {"uv": [11, 8, 11.75, 9], "rotation": 90, "texture": "#0"},
				"west": {"uv": [9, 8, 9.75, 9], "rotation": 270, "texture": "#0"},
				"up": {"uv": [9, 8, 12, 9], "texture": "#0"}
			}
		},
		{
			"from": [8, 16, 9],
			"to": [11, 16.75, 11],
			"rotation": {"angle": 0, "axis": "x", "origin": [7.98125, 8, 8.3125]},
			"faces": {
				"north": {"uv": [8, 9, 11, 9.75], "rotation": 180, "texture": "#0"},
				"east": {"uv": [10, 9, 10.75, 11], "rotation": 90, "texture": "#0"},
				"south": {"uv": [8, 10, 11, 10.75], "texture": "#0"},
				"west": {"uv": [8, 9, 8.75, 11], "rotation": 270, "texture": "#0"},
				"up": {"uv": [8, 9, 11, 11], "texture": "#0"}
			}
		},
		{
			"from": [7, 16, 8],
			"to": [8, 16.75, 10],
			"rotation": {"angle": 0, "axis": "x", "origin": [7.98125, 8, 8.3125]},
			"faces": {
				"north": {"uv": [7, 8, 8, 8.75], "texture": "#0"},
				"east": {"uv": [7, 8, 8, 10], "rotation": 90, "texture": "#0"},
				"south": {"uv": [7, 9, 8, 9.75], "rotation": 180, "texture": "#0"},
				"west": {"uv": [7, 8, 8, 10], "rotation": 270, "texture": "#0"},
				"up": {"uv": [7, 8, 8, 10], "texture": "#0"}
			}
		},
		{
			"from": [3, 16, 6],
			"to": [8, 16.75, 7],
			"rotation": {"angle": 0, "axis": "x", "origin": [7.98125, 8, 8.3125]},
			"faces": {
				"north": {"uv": [3, 6, 8, 7], "rotation": 180, "texture": "#0"},
				"east": {"uv": [7, 6, 7.75, 7], "rotation": 90, "texture": "#0"},
				"south": {"uv": [3, 6, 8, 7], "texture": "#0"},
				"west": {"uv": [3, 6, 3.75, 7], "rotation": 270, "texture": "#0"},
				"up": {"uv": [3, 6, 8, 7], "texture": "#0"}
			}
		},
		{
			"from": [1, 16, 7],
			"to": [3, 16.75, 9],
			"rotation": {"angle": 0, "axis": "x", "origin": [7.98125, 8, 8.3125]},
			"faces": {
				"north": {"uv": [1, 7, 3, 7.75], "rotation": 180, "texture": "#0"},
				"east": {"uv": [2, 7, 2.75, 9], "rotation": 90, "texture": "#0"},
				"south": {"uv": [1, 8, 3, 8.75], "texture": "#0"},
				"west": {"uv": [1, 7, 1.75, 9], "rotation": 270, "texture": "#0"},
				"up": {"uv": [1, 7, 3, 9], "texture": "#0"}
			}
		},
		{
			"from": [5, 16, 5],
			"to": [7, 16.75, 6],
			"rotation": {"angle": 0, "axis": "x", "origin": [7.98125, 8, 8.3125]},
			"faces": {
				"north": {"uv": [5, 5, 7, 5.75], "rotation": 180, "texture": "#0"},
				"east": {"uv": [6, 5, 6.75, 6], "rotation": 90, "texture": "#0"},
				"west": {"uv": [5, 5, 5.75, 6], "rotation": 90, "texture": "#0"},
				"up": {"uv": [5, 5, 7, 5.75], "texture": "#0"}
			}
		},
		{
			"from": [5, 16, 3],
			"to": [6, 16.75, 4],
			"rotation": {"angle": 0, "axis": "x", "origin": [7.98125, 8, 8.3125]},
			"faces": {
				"east": {"uv": [5, 3, 6, 4], "rotation": 90, "texture": "#0"},
				"south": {"uv": [5, 3, 6, 4], "rotation": 180, "texture": "#0"},
				"west": {"uv": [5, 3, 6, 4], "rotation": 270, "texture": "#0"},
				"up": {"uv": [5, 3, 6, 4], "texture": "#0"}
			}
		},
		{
			"from": [2, 16, 2],
			"to": [6, 16.75, 3],
			"rotation": {"angle": 0, "axis": "x", "origin": [7.98125, 8, 8.3125]},
			"faces": {
				"north": {"uv": [2, 2, 6, 3], "rotation": 180, "texture": "#0"},
				"east": {"uv": [5, 2, 5.75, 3], "rotation": 90, "texture": "#0"},
				"south": {"uv": [2, 2, 6, 3], "texture": "#0"},
				"west": {"uv": [2, 2, 2.75, 3], "rotation": 270, "texture": "#0"},
				"up": {"uv": [2, 2, 6, 3], "texture": "#0"}
			}
		},
		{
			"from": [12, 16, 2],
			"to": [14, 16.75, 3],
			"rotation": {"angle": 0, "axis": "x", "origin": [7.98125, 8, 8.3125]},
			"faces": {
				"north": {"uv": [12, 2, 14, 3], "rotation": 180, "texture": "#0"},
				"east": {"uv": [13, 2, 13.75, 3], "rotation": 90, "texture": "#0"},
				"south": {"uv": [12, 2, 14, 3], "texture": "#0"},
				"west": {"uv": [12, 2, 12.75, 3], "rotation": 270, "texture": "#0"},
				"up": {"uv": [12, 2, 14, 3], "texture": "#0"}
			}
		},
		{
			"from": [10, 16, 5],
			"to": [12, 16.75, 7],
			"rotation": {"angle": 0, "axis": "x", "origin": [7.98125, 8, 8.3125]},
			"faces": {
				"north": {"uv": [10, 5, 12, 5.75], "rotation": 180, "texture": "#0"},
				"east": {"uv": [11, 5, 11.75, 7], "rotation": 90, "texture": "#0"},
				"south": {"uv": [10, 6, 12, 6.75], "texture": "#0"},
				"west": {"uv": [10, 5, 10.75, 7], "rotation": 270, "texture": "#0"},
				"up": {"uv": [10, 5, 12, 7], "texture": "#0"}
			}
		},
		{
			"from": [7, 16, 3],
			"to": [9, 16.75, 4],
			"rotation": {"angle": 0, "axis": "x", "origin": [7.98125, 8, 8.3125]},
			"faces": {
				"north": {"uv": [7, 3, 9, 4], "rotation": 180, "texture": "#0"},
				"east": {"uv": [8, 3, 8.75, 4], "rotation": 90, "texture": "#0"},
				"south": {"uv": [7, 3, 9, 4], "texture": "#0"},
				"west": {"uv": [7, 3, 7.75, 4], "rotation": 270, "texture": "#0"},
				"up": {"uv": [7, 3, 9, 4], "texture": "#0"}
			}
		},
		{
			"from": [8, 16, 12],
			"to": [11, 16.75, 14],
			"rotation": {"angle": 0, "axis": "x", "origin": [7.98125, 8, 8.3125]},
			"faces": {
				"north": {"uv": [8, 12, 11, 12.75], "rotation": 180, "texture": "#0"},
				"east": {"uv": [10, 12, 10.75, 14], "rotation": 90, "texture": "#0"},
				"south": {"uv": [8, 13, 11, 13.75], "texture": "#0"},
				"west": {"uv": [8, 12, 8.75, 14], "rotation": 270, "texture": "#0"},
				"up": {"uv": [8, 12, 11, 14], "texture": "#0"}
			}
		},
		{
			"from": [11, 16, 9],
			"to": [12, 16.75, 10],
			"rotation": {"angle": 0, "axis": "x", "origin": [7.98125, 8, 8.3125]},
			"faces": {
				"east": {"uv": [11, 9, 11.75, 10], "rotation": 90, "texture": "#0"},
				"south": {"uv": [11, 9, 11.75, 10], "rotation": 180, "texture": "#0"},
				"up": {"uv": [11, 9, 11.75, 10], "texture": "#0"}
			}
		},
		{
			"from": [4, 16, 13],
			"to": [7, 16.75, 15],
			"rotation": {"angle": 0, "axis": "x", "origin": [7.98125, 8, 8.3125]},
			"faces": {
				"north": {"uv": [4, 13, 7, 13.75], "rotation": 180, "texture": "#0"},
				"east": {"uv": [6, 13, 6.75, 15], "rotation": 90, "texture": "#0"},
				"south": {"uv": [4, 14, 7, 14.75], "texture": "#0"},
				"west": {"uv": [4, 13, 4.75, 15], "rotation": 270, "texture": "#0"},
				"up": {"uv": [4, 13, 7, 15], "texture": "#0"}
			}
		},
		{
			"from": [5, 16, 12],
			"to": [6, 16.75, 13],
			"rotation": {"angle": 0, "axis": "x", "origin": [7.98125, 8, 8.3125]},
			"faces": {
				"north": {"uv": [5, 12, 5.75, 13], "texture": "#0"},
				"east": {"uv": [5, 12, 5.75, 13], "rotation": 90, "texture": "#0"},
				"west": {"uv": [5, 12, 5.75, 13], "rotation": 270, "texture": "#0"},
				"up": {"uv": [5, 12, 5.75, 13], "texture": "#0"}
			}
		},
		{
			"from": [4, 16, 10],
			"to": [5, 16.75, 11],
			"rotation": {"angle": 0, "axis": "x", "origin": [7.98125, 8, 8.3125]},
			"faces": {
				"north": {"uv": [4, 10, 4.75, 11], "texture": "#0"},
				"east": {"uv": [4, 10, 4.75, 11], "rotation": 90, "texture": "#0"},
				"west": {"uv": [4, 10, 4.75, 11], "rotation": 270, "texture": "#0"},
				"up": {"uv": [4, 10, 4.75, 11], "texture": "#0"}
			}
		},
		{
			"from": [2, 16, 11],
			"to": [5, 16.75, 12],
			"rotation": {"angle": 0, "axis": "x", "origin": [7.98125, 8, 8.3125]},
			"faces": {
				"north": {"uv": [2, 11, 5, 12], "rotation": 180, "texture": "#0"},
				"east": {"uv": [4, 11, 4.75, 12], "rotation": 90, "texture": "#0"},
				"south": {"uv": [2, 11, 5, 12], "texture": "#0"},
				"west": {"uv": [2, 11, 2.75, 12], "rotation": 270, "texture": "#0"},
				"up": {"uv": [2, 11, 5, 12], "texture": "#0"}
			}
		},
		{
			"from": [2, -0.75, 13],
			"to": [6, 0, 14],
			"rotation": {"angle": 0, "axis": "y", "origin": [7.98125, 8, 7.6875]},
			"faces": {
				"north": {"uv": [2, 2, 6, 3], "rotation": 180, "texture": "#0"},
				"east": {"uv": [5, 2, 5.75, 3], "rotation": 270, "texture": "#0"},
				"south": {"uv": [2, 2, 6, 3], "texture": "#0"},
				"west": {"uv": [2, 2, 2.75, 3], "rotation": 90, "texture": "#0"},
				"down": {"uv": [2, 2, 6, 3], "texture": "#0"}
			}
		},
		{
			"from": [5, -0.75, 12],
			"to": [6, 0, 13],
			"rotation": {"angle": 0, "axis": "y", "origin": [7.98125, 8, 7.6875]},
			"faces": {
				"north": {"uv": [5, 3, 6, 4], "texture": "#0"},
				"east": {"uv": [5, 3, 6, 4], "rotation": 270, "texture": "#0"},
				"west": {"uv": [5, 3, 6, 4], "rotation": 90, "texture": "#0"},
				"down": {"uv": [5, 3, 6, 4], "texture": "#0"}
			}
		},
		{
			"from": [1, -0.75, 7],
			"to": [3, 0, 9],
			"rotation": {"angle": 0, "axis": "y", "origin": [7.98125, 8, 7.6875]},
			"faces": {
				"north": {"uv": [1, 8, 3, 8.75], "rotation": 180, "texture": "#0"},
				"east": {"uv": [2, 7, 2.75, 9], "rotation": 270, "texture": "#0"},
				"south": {"uv": [1, 7, 3, 7.75], "texture": "#0"},
				"west": {"uv": [1, 7, 1.75, 9], "rotation": 90, "texture": "#0"},
				"down": {"uv": [1, 7, 3, 9], "texture": "#0"}
			}
		},
		{
			"from": [3, -0.75, 9],
			"to": [8, 0, 10],
			"rotation": {"angle": 0, "axis": "y", "origin": [7.98125, 8, 7.6875]},
			"faces": {
				"north": {"uv": [3, 6, 8, 7], "rotation": 180, "texture": "#0"},
				"east": {"uv": [7, 6, 7.75, 7], "rotation": 270, "texture": "#0"},
				"south": {"uv": [3, 6, 8, 7], "texture": "#0"},
				"west": {"uv": [3, 6, 3.75, 7], "rotation": 90, "texture": "#0"},
				"down": {"uv": [3, 6, 8, 7], "texture": "#0"}
			}
		},
		{
			"from": [5, -0.75, 10],
			"to": [7, 0, 11],
			"rotation": {"angle": 0, "axis": "y", "origin": [7.98125, 8, 7.6875]},
			"faces": {
				"east": {"uv": [6, 5, 6.75, 6], "rotation": 270, "texture": "#0"},
				"south": {"uv": [5, 5, 7, 5.75], "texture": "#0"},
				"west": {"uv": [5, 5, 5.75, 6], "rotation": 270, "texture": "#0"},
				"down": {"uv": [5, 5, 7, 5.75], "texture": "#0"}
			}
		},
		{
			"from": [4, -0.75, 5],
			"to": [5, 0, 6],
			"rotation": {"angle": 0, "axis": "y", "origin": [7.98125, 8, 7.6875]},
			"faces": {
				"east": {"uv": [4, 10, 4.75, 11], "rotation": 270, "texture": "#0"},
				"south": {"uv": [4, 10, 4.75, 11], "rotation": 180, "texture": "#0"},
				"west": {"uv": [4, 10, 4.75, 11], "rotation": 90, "texture": "#0"},
				"down": {"uv": [4, 10, 4.75, 11], "texture": "#0"}
			}
		},
		{
			"from": [2, -0.75, 4],
			"to": [5, 0, 5],
			"rotation": {"angle": 0, "axis": "y", "origin": [7.98125, 8, 7.6875]},
			"faces": {
				"north": {"uv": [2, 11, 5, 12], "rotation": 180, "texture": "#0"},
				"east": {"uv": [4, 11, 4.75, 12], "rotation": 270, "texture": "#0"},
				"south": {"uv": [2, 11, 5, 12], "texture": "#0"},
				"west": {"uv": [2, 11, 2.75, 12], "rotation": 90, "texture": "#0"},
				"down": {"uv": [2, 11, 5, 12], "texture": "#0"}
			}
		},
		{
			"from": [5, -0.75, 3],
			"to": [6, 0, 4],
			"rotation": {"angle": 0, "axis": "y", "origin": [7.98125, 8, 7.6875]},
			"faces": {
				"east": {"uv": [5, 12, 5.75, 13], "rotation": 270, "texture": "#0"},
				"south": {"uv": [5, 12, 5.75, 13], "rotation": 180, "texture": "#0"},
				"west": {"uv": [5, 12, 5.75, 13], "rotation": 90, "texture": "#0"},
				"down": {"uv": [5, 12, 5.75, 13], "texture": "#0"}
			}
		},
		{
			"from": [4, -0.75, 1],
			"to": [7, 0, 3],
			"rotation": {"angle": 0, "axis": "y", "origin": [7.98125, 8, 7.6875]},
			"faces": {
				"north": {"uv": [4, 14, 7, 14.75], "rotation": 180, "texture": "#0"},
				"east": {"uv": [6, 13, 6.75, 15], "rotation": 270, "texture": "#0"},
				"south": {"uv": [4, 13, 7, 13.75], "texture": "#0"},
				"west": {"uv": [4, 13, 4.75, 15], "rotation": 90, "texture": "#0"},
				"down": {"uv": [4, 13, 7, 15], "texture": "#0"}
			}
		},
		{
			"from": [8, -0.75, 2],
			"to": [11, 0, 4],
			"rotation": {"angle": 0, "axis": "y", "origin": [7.98125, 8, 7.6875]},
			"faces": {
				"north": {"uv": [8, 13, 11, 13.75], "rotation": 180, "texture": "#0"},
				"east": {"uv": [10, 12, 10.75, 14], "rotation": 270, "texture": "#0"},
				"south": {"uv": [8, 12, 11, 12.75], "texture": "#0"},
				"west": {"uv": [8, 12, 8.75, 14], "rotation": 90, "texture": "#0"},
				"down": {"uv": [8, 12, 11, 14], "texture": "#0"}
			}
		},
		{
			"from": [13, -0.75, 3],
			"to": [15, 0, 7],
			"rotation": {"angle": 0, "axis": "y", "origin": [7.98125, 8, 7.6875]},
			"faces": {
				"north": {"uv": [13, 12, 15, 12.75], "rotation": 180, "texture": "#0"},
				"east": {"uv": [14, 9, 14.75, 13], "rotation": 270, "texture": "#0"},
				"south": {"uv": [13, 9, 15, 9.75], "texture": "#0"},
				"west": {"uv": [13, 9, 13.75, 13], "rotation": 90, "texture": "#0"},
				"down": {"uv": [13, 9, 15, 13], "texture": "#0"}
			}
		},
		{
			"from": [9, -0.75, 7],
			"to": [12, 0, 8],
			"rotation": {"angle": 0, "axis": "y", "origin": [7.98125, 8, 7.6875]},
			"faces": {
				"east": {"uv": [11, 8, 11.75, 9], "rotation": 270, "texture": "#0"},
				"south": {"uv": [9, 8, 12, 9], "texture": "#0"},
				"west": {"uv": [9, 8, 9.75, 9], "rotation": 90, "texture": "#0"},
				"down": {"uv": [9, 8, 12, 9], "texture": "#0"}
			}
		},
		{
			"from": [11, -0.75, 6],
			"to": [12, 0, 7],
			"rotation": {"angle": 0, "axis": "y", "origin": [7.98125, 8, 7.6875]},
			"faces": {
				"north": {"uv": [11, 9, 11.75, 10], "texture": "#0"},
				"east": {"uv": [11, 9, 11.75, 10], "rotation": 270, "texture": "#0"},
				"down": {"uv": [11, 9, 11.75, 10], "texture": "#0"}
			}
		},
		{
			"from": [7, -0.75, 6],
			"to": [8, 0, 8],
			"rotation": {"angle": 0, "axis": "y", "origin": [7.98125, 8, 7.6875]},
			"faces": {
				"north": {"uv": [7, 9, 8, 9.75], "texture": "#0"},
				"east": {"uv": [7, 8, 8, 10], "rotation": 270, "texture": "#0"},
				"south": {"uv": [7, 8, 8, 8.75], "rotation": 180, "texture": "#0"},
				"west": {"uv": [7, 8, 8, 10], "rotation": 90, "texture": "#0"},
				"down": {"uv": [7, 8, 8, 10], "texture": "#0"}
			}
		},
		{
			"from": [8, -0.75, 5],
			"to": [11, 0, 7],
			"rotation": {"angle": 0, "axis": "y", "origin": [7.98125, 8, 7.6875]},
			"faces": {
				"north": {"uv": [8, 10, 11, 10.75], "rotation": 180, "texture": "#0"},
				"east": {"uv": [10, 9, 10.75, 11], "rotation": 270, "texture": "#0"},
				"south": {"uv": [8, 9, 11, 9.75], "texture": "#0"},
				"west": {"uv": [8, 9, 8.75, 11], "rotation": 90, "texture": "#0"},
				"down": {"uv": [8, 9, 11, 11], "texture": "#0"}
			}
		},
		{
			"from": [10, -0.75, 9],
			"to": [12, 0, 11],
			"rotation": {"angle": 0, "axis": "y", "origin": [7.98125, 8, 7.6875]},
			"faces": {
				"north": {"uv": [10, 6, 12, 6.75], "rotation": 180, "texture": "#0"},
				"east": {"uv": [11, 5, 11.75, 7], "rotation": 270, "texture": "#0"},
				"south": {"uv": [10, 5, 12, 5.75], "texture": "#0"},
				"west": {"uv": [10, 5, 10.75, 7], "rotation": 90, "texture": "#0"},
				"down": {"uv": [10, 5, 12, 7], "texture": "#0"}
			}
		},
		{
			"from": [7, -0.75, 12],
			"to": [9, 0, 13],
			"rotation": {"angle": 0, "axis": "y", "origin": [7.98125, 8, 7.6875]},
			"faces": {
				"north": {"uv": [7, 3, 9, 4], "rotation": 180, "texture": "#0"},
				"east": {"uv": [8, 3, 8.75, 4], "rotation": 270, "texture": "#0"},
				"south": {"uv": [7, 3, 9, 4], "texture": "#0"},
				"west": {"uv": [7, 3, 7.75, 4], "rotation": 90, "texture": "#0"},
				"down": {"uv": [7, 3, 9, 4], "texture": "#0"}
			}
		},
		{
			"from": [12, -0.75, 13],
			"to": [14, 0, 14],
			"rotation": {"angle": 0, "axis": "y", "origin": [7.98125, 8, 7.6875]},
			"faces": {
				"north": {"uv": [12, 2, 14, 3], "rotation": 180, "texture": "#0"},
				"east": {"uv": [13, 2, 13.75, 3], "rotation": 270, "texture": "#0"},
				"south": {"uv": [12, 2, 14, 3], "texture": "#0"},
				"west": {"uv": [12, 2, 12.75, 3], "rotation": 90, "texture": "#0"},
				"down": {"uv": [12, 2, 14, 3], "texture": "#0"}
			}
		},
		{
			"from": [-0.75, 3, 13],
			"to": [0, 7, 15],
			"rotation": {"angle": 0, "axis": "y", "origin": [8, 7.6875, 7.98125]},
			"faces": {
				"north": {"uv": [13, 9, 13.75, 13], "texture": "#0"},
				"south": {"uv": [14, 9, 14.75, 13], "texture": "#0"},
				"west": {"uv": [13, 9, 15, 13], "texture": "#0"},
				"up": {"uv": [13, 9, 15, 9.75], "rotation": 90, "texture": "#0"},
				"down": {"uv": [13, 12, 15, 12.75], "rotation": 270, "texture": "#0"}
			}
		},
		{
			"from": [-0.75, 2, 8],
			"to": [0, 4, 11],
			"rotation": {"angle": 0, "axis": "y", "origin": [8, 7.6875, 7.98125]},
			"faces": {
				"north": {"uv": [8, 12, 8.75, 14], "texture": "#0"},
				"south": {"uv": [10, 12, 10.75, 14], "texture": "#0"},
				"west": {"uv": [8, 12, 11, 14], "texture": "#0"},
				"up": {"uv": [8, 12, 11, 12.75], "rotation": 90, "texture": "#0"},
				"down": {"uv": [8, 13, 11, 13.75], "rotation": 270, "texture": "#0"}
			}
		},
		{
			"from": [-0.75, 1, 4],
			"to": [0, 3, 7],
			"rotation": {"angle": 0, "axis": "y", "origin": [8, 7.6875, 7.98125]},
			"faces": {
				"north": {"uv": [4, 13, 4.75, 15], "texture": "#0"},
				"south": {"uv": [6, 13, 6.75, 15], "texture": "#0"},
				"west": {"uv": [4, 13, 7, 15], "texture": "#0"},
				"up": {"uv": [4, 13, 7, 13.75], "rotation": 90, "texture": "#0"},
				"down": {"uv": [4, 14, 7, 14.75], "rotation": 270, "texture": "#0"}
			}
		},
		{
			"from": [-0.75, 4, 2],
			"to": [0, 5, 5],
			"rotation": {"angle": 0, "axis": "y", "origin": [8, 7.6875, 7.98125]},
			"faces": {
				"north": {"uv": [2, 11, 2.75, 12], "texture": "#0"},
				"south": {"uv": [4, 11, 4.75, 12], "texture": "#0"},
				"west": {"uv": [2, 11, 5, 12], "texture": "#0"},
				"up": {"uv": [2, 11, 5, 12], "rotation": 90, "texture": "#0"},
				"down": {"uv": [2, 11, 5, 12], "rotation": 270, "texture": "#0"}
			}
		},
		{
			"from": [-0.75, 5, 4],
			"to": [0, 6, 5],
			"rotation": {"angle": 0, "axis": "y", "origin": [8, 7.6875, 7.98125]},
			"faces": {
				"north": {"uv": [4, 10, 4.75, 11], "texture": "#0"},
				"south": {"uv": [4, 10, 4.75, 11], "texture": "#0"},
				"west": {"uv": [4, 10, 4.75, 11], "texture": "#0"},
				"up": {"uv": [4, 10, 4.75, 11], "rotation": 270, "texture": "#0"}
			}
		},
		{
			"from": [-0.75, 7, 1],
			"to": [0, 9, 3],
			"rotation": {"angle": 0, "axis": "y", "origin": [8, 7.6875, 7.98125]},
			"faces": {
				"north": {"uv": [1, 7, 1.75, 9], "texture": "#0"},
				"south": {"uv": [2, 7, 2.75, 9], "texture": "#0"},
				"west": {"uv": [1, 7, 3, 9], "texture": "#0"},
				"up": {"uv": [1, 7, 3, 7.75], "rotation": 90, "texture": "#0"},
				"down": {"uv": [1, 8, 3, 8.75], "rotation": 270, "texture": "#0"}
			}
		},
		{
			"from": [-0.75, 9, 3],
			"to": [0, 10, 8],
			"rotation": {"angle": 0, "axis": "y", "origin": [8, 7.6875, 7.98125]},
			"faces": {
				"north": {"uv": [3, 6, 3.75, 7], "texture": "#0"},
				"south": {"uv": [7, 6, 7.75, 7], "texture": "#0"},
				"west": {"uv": [3, 6, 8, 7], "texture": "#0"},
				"up": {"uv": [3, 6, 8, 7], "rotation": 90, "texture": "#0"},
				"down": {"uv": [3, 6, 8, 7], "rotation": 270, "texture": "#0"}
			}
		},
		{
			"from": [-0.75, 13, 2],
			"to": [0, 14, 6],
			"rotation": {"angle": 0, "axis": "y", "origin": [8, 7.6875, 7.98125]},
			"faces": {
				"north": {"uv": [2, 2, 2.75, 3], "texture": "#0"},
				"south": {"uv": [5, 2, 5.75, 3], "texture": "#0"},
				"west": {"uv": [2, 2, 6, 3], "texture": "#0"},
				"up": {"uv": [2, 2, 6, 3], "rotation": 90, "texture": "#0"},
				"down": {"uv": [2, 2, 6, 3], "rotation": 270, "texture": "#0"}
			}
		},
		{
			"from": [-0.75, 12, 5],
			"to": [0, 13, 6],
			"rotation": {"angle": 0, "axis": "y", "origin": [8, 7.6875, 7.98125]},
			"faces": {
				"north": {"uv": [5, 3, 6, 4], "texture": "#0"},
				"south": {"uv": [5, 3, 6, 4], "texture": "#0"},
				"west": {"uv": [5, 3, 6, 4], "texture": "#0"},
				"down": {"uv": [5, 3, 6, 4], "rotation": 90, "texture": "#0"}
			}
		},
		{
			"from": [-0.75, 12, 7],
			"to": [0, 13, 9],
			"rotation": {"angle": 0, "axis": "y", "origin": [8, 7.6875, 7.98125]},
			"faces": {
				"north": {"uv": [7, 3, 7.75, 4], "texture": "#0"},
				"south": {"uv": [8, 3, 8.75, 4], "texture": "#0"},
				"west": {"uv": [7, 3, 9, 4], "texture": "#0"},
				"up": {"uv": [7, 3, 9, 4], "rotation": 90, "texture": "#0"},
				"down": {"uv": [7, 3, 9, 4], "rotation": 270, "texture": "#0"}
			}
		},
		{
			"from": [-0.75, 10, 5],
			"to": [0, 11, 7],
			"rotation": {"angle": 0, "axis": "y", "origin": [8, 7.6875, 7.98125]},
			"faces": {
				"north": {"uv": [5, 5, 5.75, 6], "rotation": 180, "texture": "#0"},
				"south": {"uv": [6, 5, 6.75, 6], "texture": "#0"},
				"west": {"uv": [5, 5, 7, 5.75], "texture": "#0"},
				"up": {"uv": [5, 5, 7, 5.75], "rotation": 90, "texture": "#0"}
			}
		},
		{
			"from": [-0.75, 9, 10],
			"to": [0, 11, 12],
			"rotation": {"angle": 0, "axis": "y", "origin": [8, 7.6875, 7.98125]},
			"faces": {
				"north": {"uv": [10, 5, 10.75, 7], "texture": "#0"},
				"south": {"uv": [11, 5, 11.75, 7], "texture": "#0"},
				"west": {"uv": [10, 5, 12, 7], "texture": "#0"},
				"up": {"uv": [10, 5, 12, 5.75], "rotation": 90, "texture": "#0"},
				"down": {"uv": [10, 6, 12, 6.75], "rotation": 270, "texture": "#0"}
			}
		},
		{
			"from": [-0.75, 13, 12],
			"to": [0, 14, 14],
			"rotation": {"angle": 0, "axis": "y", "origin": [8, 7.6875, 7.98125]},
			"faces": {
				"north": {"uv": [12, 2, 12.75, 3], "texture": "#0"},
				"south": {"uv": [13, 2, 13.75, 3], "texture": "#0"},
				"west": {"uv": [12, 2, 14, 3], "texture": "#0"},
				"up": {"uv": [12, 2, 14, 3], "rotation": 90, "texture": "#0"},
				"down": {"uv": [12, 2, 14, 3], "rotation": 270, "texture": "#0"}
			}
		},
		{
			"from": [-0.75, 7, 9],
			"to": [0, 8, 12],
			"rotation": {"angle": 0, "axis": "y", "origin": [8, 7.6875, 7.98125]},
			"faces": {
				"north": {"uv": [9, 8, 9.75, 9], "texture": "#0"},
				"south": {"uv": [11, 8, 11.75, 9], "texture": "#0"},
				"west": {"uv": [9, 8, 12, 9], "texture": "#0"},
				"up": {"uv": [9, 8, 12, 9], "rotation": 90, "texture": "#0"}
			}
		},
		{
			"from": [-0.75, 6, 11],
			"to": [0, 7, 12],
			"rotation": {"angle": 0, "axis": "y", "origin": [8, 7.6875, 7.98125]},
			"faces": {
				"south": {"uv": [11, 9, 11.75, 10], "texture": "#0"},
				"west": {"uv": [11, 9, 11.75, 10], "texture": "#0"},
				"down": {"uv": [11, 9, 11.75, 10], "rotation": 90, "texture": "#0"}
			}
		},
		{
			"from": [-0.75, 5, 8],
			"to": [0, 7, 11],
			"rotation": {"angle": 0, "axis": "y", "origin": [8, 7.6875, 7.98125]},
			"faces": {
				"north": {"uv": [8, 9, 8.75, 11], "texture": "#0"},
				"south": {"uv": [10, 9, 10.75, 11], "texture": "#0"},
				"west": {"uv": [8, 9, 11, 11], "texture": "#0"},
				"up": {"uv": [8, 9, 11, 9.75], "rotation": 90, "texture": "#0"},
				"down": {"uv": [8, 10, 11, 10.75], "rotation": 270, "texture": "#0"}
			}
		},
		{
			"from": [-0.75, 6, 7],
			"to": [0, 8, 8],
			"rotation": {"angle": 0, "axis": "y", "origin": [8, 7.6875, 7.98125]},
			"faces": {
				"north": {"uv": [7, 8, 8, 10], "texture": "#0"},
				"south": {"uv": [7, 8, 8, 10], "texture": "#0"},
				"west": {"uv": [7, 8, 8, 10], "texture": "#0"},
				"up": {"uv": [7, 8, 8, 8.75], "rotation": 270, "texture": "#0"},
				"down": {"uv": [7, 9, 8, 9.75], "rotation": 90, "texture": "#0"}
			}
		},
		{
			"from": [-0.75, 3, 5],
			"to": [0, 4, 6],
			"rotation": {"angle": 0, "axis": "y", "origin": [8, 7.6875, 7.98125]},
			"faces": {
				"north": {"uv": [5, 12, 5.75, 13], "texture": "#0"},
				"south": {"uv": [5, 12, 5.75, 13], "texture": "#0"},
				"west": {"uv": [5, 12, 5.75, 13], "texture": "#0"},
				"up": {"uv": [5, 12, 5.75, 13], "rotation": 270, "texture": "#0"}
			}
		},
		{
			"from": [16, 1, 9],
			"to": [16.75, 3, 12],
			"rotation": {"angle": 0, "axis": "y", "origin": [8, 7.6875, 8.01875]},
			"faces": {
				"north": {"uv": [6, 13, 6.75, 15], "texture": "#0"},
				"east": {"uv": [4, 13, 7, 15], "texture": "#0"},
				"south": {"uv": [4, 13, 4.75, 15], "texture": "#0"},
				"up": {"uv": [4, 13, 7, 13.75], "rotation": 270, "texture": "#0"},
				"down": {"uv": [4, 14, 7, 14.75], "rotation": 90, "texture": "#0"}
			}
		},
		{
			"from": [16, 4, 11],
			"to": [16.75, 5, 14],
			"rotation": {"angle": 0, "axis": "y", "origin": [8, 7.6875, 8.01875]},
			"faces": {
				"north": {"uv": [4, 11, 4.75, 12], "texture": "#0"},
				"east": {"uv": [2, 11, 5, 12], "texture": "#0"},
				"south": {"uv": [2, 11, 2.75, 12], "texture": "#0"},
				"up": {"uv": [2, 11, 5, 12], "rotation": 270, "texture": "#0"},
				"down": {"uv": [2, 11, 5, 12], "rotation": 90, "texture": "#0"}
			}
		},
		{
			"from": [16, 2, 5],
			"to": [16.75, 4, 8],
			"rotation": {"angle": 0, "axis": "y", "origin": [8, 7.6875, 8.01875]},
			"faces": {
				"north": {"uv": [10, 12, 10.75, 14], "texture": "#0"},
				"east": {"uv": [8, 12, 11, 14], "texture": "#0"},
				"south": {"uv": [8, 12, 8.75, 14], "texture": "#0"},
				"up": {"uv": [8, 12, 11, 12.75], "rotation": 270, "texture": "#0"},
				"down": {"uv": [8, 13, 11, 13.75], "rotation": 90, "texture": "#0"}
			}
		},
		{
			"from": [16, 3, 1],
			"to": [16.75, 7, 3],
			"rotation": {"angle": 0, "axis": "y", "origin": [8, 7.6875, 8.01875]},
			"faces": {
				"north": {"uv": [14, 9, 14.75, 13], "texture": "#0"},
				"east": {"uv": [13, 9, 15, 13], "texture": "#0"},
				"south": {"uv": [13, 9, 13.75, 13], "texture": "#0"},
				"up": {"uv": [13, 9, 15, 9.75], "rotation": 270, "texture": "#0"},
				"down": {"uv": [13, 12, 15, 12.75], "rotation": 90, "texture": "#0"}
			}
		},
		{
			"from": [16, 7, 4],
			"to": [16.75, 8, 7],
			"rotation": {"angle": 0, "axis": "y", "origin": [8, 7.6875, 8.01875]},
			"faces": {
				"north": {"uv": [11, 8, 11.75, 9], "texture": "#0"},
				"east": {"uv": [9, 8, 12, 9], "texture": "#0"},
				"south": {"uv": [9, 8, 9.75, 9], "texture": "#0"},
				"up": {"uv": [9, 8, 12, 9], "rotation": 270, "texture": "#0"}
			}
		},
		{
			"from": [16, 5, 5],
			"to": [16.75, 7, 8],
			"rotation": {"angle": 0, "axis": "y", "origin": [8, 7.6875, 8.01875]},
			"faces": {
				"north": {"uv": [10, 9, 10.75, 11], "texture": "#0"},
				"east": {"uv": [8, 9, 11, 11], "texture": "#0"},
				"south": {"uv": [8, 9, 8.75, 11], "texture": "#0"},
				"up": {"uv": [8, 9, 11, 9.75], "rotation": 270, "texture": "#0"},
				"down": {"uv": [8, 10, 11, 10.75], "rotation": 90, "texture": "#0"}
			}
		},
		{
			"from": [16, 6, 4],
			"to": [16.75, 7, 5],
			"rotation": {"angle": 0, "axis": "y", "origin": [8, 7.6875, 8.01875]},
			"faces": {
				"north": {"uv": [11, 9, 11.75, 10], "texture": "#0"},
				"east": {"uv": [11, 9, 11.75, 10], "texture": "#0"},
				"down": {"uv": [11, 9, 11.75, 10], "rotation": 270, "texture": "#0"}
			}
		},
		{
			"from": [16, 6, 8],
			"to": [16.75, 8, 9],
			"rotation": {"angle": 0, "axis": "y", "origin": [8, 7.6875, 8.01875]},
			"faces": {
				"north": {"uv": [7, 8, 8, 10], "texture": "#0"},
				"east": {"uv": [7, 8, 8, 10], "texture": "#0"},
				"south": {"uv": [7, 8, 8, 10], "texture": "#0"},
				"up": {"uv": [7, 8, 8, 8.75], "rotation": 90, "texture": "#0"},
				"down": {"uv": [7, 9, 8, 9.75], "rotation": 270, "texture": "#0"}
			}
		},
		{
			"from": [16, 9, 8],
			"to": [16.75, 10, 13],
			"rotation": {"angle": 0, "axis": "y", "origin": [8, 7.6875, 8.01875]},
			"faces": {
				"north": {"uv": [7, 6, 7.75, 7], "texture": "#0"},
				"east": {"uv": [3, 6, 8, 7], "texture": "#0"},
				"south": {"uv": [3, 6, 3.75, 7], "texture": "#0"},
				"up": {"uv": [3, 6, 8, 7], "rotation": 270, "texture": "#0"},
				"down": {"uv": [3, 6, 8, 7], "rotation": 90, "texture": "#0"}
			}
		},
		{
			"from": [16, 10, 9],
			"to": [16.75, 11, 11],
			"rotation": {"angle": 0, "axis": "y", "origin": [8, 7.6875, 8.01875]},
			"faces": {
				"north": {"uv": [6, 5, 6.75, 6], "texture": "#0"},
				"east": {"uv": [5, 5, 7, 5.75], "texture": "#0"},
				"south": {"uv": [5, 5, 5.75, 6], "rotation": 180, "texture": "#0"},
				"up": {"uv": [5, 5, 7, 5.75], "rotation": 270, "texture": "#0"}
			}
		},
		{
			"from": [16, 12, 10],
			"to": [16.75, 13, 11],
			"rotation": {"angle": 0, "axis": "y", "origin": [8, 7.6875, 8.01875]},
			"faces": {
				"north": {"uv": [5, 3, 6, 4], "texture": "#0"},
				"east": {"uv": [5, 3, 6, 4], "texture": "#0"},
				"south": {"uv": [5, 3, 6, 4], "texture": "#0"},
				"down": {"uv": [5, 3, 6, 4], "rotation": 270, "texture": "#0"}
			}
		},
		{
			"from": [16, 13, 10],
			"to": [16.75, 14, 14],
			"rotation": {"angle": 0, "axis": "y", "origin": [8, 7.6875, 8.01875]},
			"faces": {
				"north": {"uv": [5, 2, 5.75, 3], "texture": "#0"},
				"east": {"uv": [2, 2, 6, 3], "texture": "#0"},
				"south": {"uv": [2, 2, 2.75, 3], "texture": "#0"},
				"up": {"uv": [2, 2, 6, 3], "rotation": 270, "texture": "#0"},
				"down": {"uv": [2, 2, 6, 3], "rotation": 90, "texture": "#0"}
			}
		},
		{
			"from": [16, 12, 7],
			"to": [16.75, 13, 9],
			"rotation": {"angle": 0, "axis": "y", "origin": [8, 7.6875, 8.01875]},
			"faces": {
				"north": {"uv": [8, 3, 8.75, 4], "texture": "#0"},
				"east": {"uv": [7, 3, 9, 4], "texture": "#0"},
				"south": {"uv": [7, 3, 7.75, 4], "texture": "#0"},
				"up": {"uv": [7, 3, 9, 4], "rotation": 270, "texture": "#0"},
				"down": {"uv": [7, 3, 9, 4], "rotation": 90, "texture": "#0"}
			}
		},
		{
			"from": [16, 9, 4],
			"to": [16.75, 11, 6],
			"rotation": {"angle": 0, "axis": "y", "origin": [8, 7.6875, 8.01875]},
			"faces": {
				"north": {"uv": [11, 5, 11.75, 7], "texture": "#0"},
				"east": {"uv": [10, 5, 12, 7], "texture": "#0"},
				"south": {"uv": [10, 5, 10.75, 7], "texture": "#0"},
				"up": {"uv": [10, 5, 12, 5.75], "rotation": 270, "texture": "#0"},
				"down": {"uv": [10, 6, 12, 6.75], "rotation": 90, "texture": "#0"}
			}
		},
		{
			"from": [16, 13, 2],
			"to": [16.75, 14, 4],
			"rotation": {"angle": 0, "axis": "y", "origin": [8, 7.6875, 8.01875]},
			"faces": {
				"north": {"uv": [13, 2, 13.75, 3], "texture": "#0"},
				"east": {"uv": [12, 2, 14, 3], "texture": "#0"},
				"south": {"uv": [12, 2, 12.75, 3], "texture": "#0"},
				"up": {"uv": [12, 2, 14, 3], "rotation": 270, "texture": "#0"},
				"down": {"uv": [12, 2, 14, 3], "rotation": 90, "texture": "#0"}
			}
		},
		{
			"from": [16, 7, 13],
			"to": [16.75, 9, 15],
			"rotation": {"angle": 0, "axis": "y", "origin": [8, 7.6875, 8.01875]},
			"faces": {
				"north": {"uv": [2, 7, 2.75, 9], "texture": "#0"},
				"east": {"uv": [1, 7, 3, 9], "texture": "#0"},
				"south": {"uv": [1, 7, 1.75, 9], "texture": "#0"},
				"up": {"uv": [1, 7, 3, 7.75], "rotation": 270, "texture": "#0"},
				"down": {"uv": [1, 8, 3, 8.75], "rotation": 90, "texture": "#0"}
			}
		},
		{
			"from": [16, 5, 11],
			"to": [16.75, 6, 12],
			"rotation": {"angle": 0, "axis": "y", "origin": [8, 7.6875, 8.01875]},
			"faces": {
				"north": {"uv": [4, 10, 4.75, 11], "texture": "#0"},
				"east": {"uv": [4, 10, 4.75, 11], "texture": "#0"},
				"south": {"uv": [4, 10, 4.75, 11], "texture": "#0"},
				"up": {"uv": [4, 10, 4.75, 11], "rotation": 90, "texture": "#0"}
			}
		},
		{
			"from": [16, 3, 10],
			"to": [16.75, 4, 11],
			"rotation": {"angle": 0, "axis": "y", "origin": [8, 7.6875, 8.01875]},
			"faces": {
				"north": {"uv": [5, 12, 5.75, 13], "texture": "#0"},
				"east": {"uv": [5, 12, 5.75, 13], "texture": "#0"},
				"south": {"uv": [5, 12, 5.75, 13], "texture": "#0"},
				"up": {"uv": [5, 12, 5.75, 13], "rotation": 90, "texture": "#0"}
			}
		}
	],
	"display": {
		"thirdperson_righthand": {
			"rotation": [75, 45, 0],
			"translation": [0, 2.5, 0],
			"scale": [0.375, 0.375, 0.375]
		},
		"thirdperson_lefthand": {
			"rotation": [75, 45, 0],
			"translation": [0, 2.5, 0],
			"scale": [0.375, 0.375, 0.375]
		},
		"firstperson_righthand": {
			"rotation": [0, 45, 0],
			"scale": [0.4, 0.4, 0.4]
		},
		"firstperson_lefthand": {
			"rotation": [0, 225, 0],
			"scale": [0.4, 0.4, 0.4]
		},
		"ground": {
			"translation": [0, 3, 0],
			"scale": [0.25, 0.25, 0.25]
		},
		"gui": {
			"rotation": [30, 225, 0],
			"scale": [0.625, 0.625, 0.625]
		},
		"fixed": {
			"scale": [0.5, 0.5, 0.5]
		}
	}
}