{
	"credit": "Made with Blockbench",
	"parent": "block/block",
	"textures": {
		"2": "item/lantern1"
	},
	"elements": [
		{
			"from": [4.25, 0, 4.25],
			"to": [11.75, 1, 11.75],
			"faces": {
				"north": {"uv": [0, 15, 8, 16], "texture": "#2"},
				"east": {"uv": [0, 15, 8, 16], "texture": "#2"},
				"south": {"uv": [0, 15, 8, 16], "texture": "#2"},
				"west": {"uv": [0, 15, 8, 16], "texture": "#2"},
				"up": {"uv": [8, 8, 16, 16], "texture": "#2"},
				"down": {"uv": [8, 8, 16, 16], "texture": "#2"}
			}
		},
		{
			"from": [4.25, 6, 4.25],
			"to": [11.75, 7, 11.75],
			"faces": {
				"north": {"uv": [0, 9, 8, 10], "texture": "#2"},
				"east": {"uv": [0, 9, 8, 10], "texture": "#2"},
				"south": {"uv": [0, 9, 8, 10], "texture": "#2"},
				"west": {"uv": [0, 9, 8, 10], "texture": "#2"},
				"up": {"uv": [8, 8, 16, 16], "texture": "#2"},
				"down": {"uv": [8, 8, 16, 16], "texture": "#2"}
			}
		},
		{
			"from": [4.75, 1, 4.75],
			"to": [11.25, 6, 11.25],
			"faces": {
				"north": {"uv": [9, 1, 16, 7], "texture": "#2"},
				"east": {"uv": [9, 1, 16, 7], "texture": "#2"},
				"south": {"uv": [9, 1, 16, 7], "texture": "#2"},
				"west": {"uv": [9, 1, 16, 7], "texture": "#2"},
				"up": {"uv": [8, 8, 16, 16], "texture": "#2"},
				"down": {"uv": [8, 8, 16, 16], "texture": "#2"}
			}
		},
		{
			"from": [5.25, 8, 5.25],
			"to": [10.75, 9, 10.75],
			"faces": {
				"north": {"uv": [9, 8, 15, 9], "texture": "#2"},
				"east": {"uv": [9, 8, 15, 9], "texture": "#2"},
				"south": {"uv": [9, 8, 15, 9], "texture": "#2"},
				"west": {"uv": [10, 8, 16, 9], "texture": "#2"},
				"up": {"uv": [8, 8, 16, 15], "texture": "#2"},
				"down": {"uv": [8, 8, 16, 15], "texture": "#2"}
			}
		},
		{
			"from": [5, 1, 5],
			"to": [11, 6, 11],
			"faces": {
				"north": {"uv": [1, 10, 7, 15], "texture": "#2"},
				"east": {"uv": [1, 10, 7, 15], "texture": "#2"},
				"south": {"uv": [1, 10, 7, 15], "texture": "#2"},
				"west": {"uv": [1, 10, 7, 15], "texture": "#2"},
				"up": {"uv": [0, 0, 6, 6], "texture": "#missing"},
				"down": {"uv": [0, 0, 6, 6], "texture": "#missing"}
			}
		},
		{
			"from": [6, 7, 6],
			"to": [10, 8, 10],
			"faces": {
				"north": {"uv": [2, 8, 6, 9], "texture": "#2"},
				"east": {"uv": [2, 8, 6, 9], "texture": "#2"},
				"south": {"uv": [2, 8, 6, 9], "texture": "#2"},
				"west": {"uv": [2, 8, 6, 9], "texture": "#2"},
				"up": {"uv": [0, 0, 4, 4], "texture": "#missing"},
				"down": {"uv": [0, 0, 4, 4], "texture": "#missing"}
			}
		}
	]
}