{
	"credit": "Made with Blockbench",
	"parent": "block/block",
	"textures": {
		"2": "item/lantern2",
		"particle": "block/chain",
		"all": "block/chain"
	},
	"elements": [
		{
			"from": [6.5, 10, 7.5],
			"to": [7.5, 12, 8.5],
			"faces": {
				"north": {"uv": [5, 14, 6, 16], "texture": "#all"},
				"east": {"uv": [3, 14, 4, 16], "texture": "#all"},
				"south": {"uv": [3, 14, 4, 16], "texture": "#all"},
				"west": {"uv": [3, 14, 4, 16], "texture": "#all"},
				"up": {"uv": [3, 14, 4, 15], "texture": "#all"}
			}
		},
		{
			"from": [8.5, 10, 7.5],
			"to": [9.5, 12, 8.5],
			"faces": {
				"north": {"uv": [3, 14, 4, 16], "texture": "#all"},
				"east": {"uv": [5, 14, 6, 16], "texture": "#all"},
				"south": {"uv": [5, 14, 6, 16], "texture": "#all"},
				"west": {"uv": [5, 14, 6, 16], "texture": "#all"},
				"up": {"uv": [5, 14, 6, 15], "texture": "#all"}
			}
		},
		{
			"from": [7.5, 11, 6.5],
			"to": [8.5, 15, 7.5],
			"faces": {
				"north": {"uv": [5, 9, 6, 13], "texture": "#all"},
				"east": {"uv": [5, 9, 6, 13], "texture": "#all"},
				"south": {"uv": [5, 9, 6, 13], "texture": "#all"},
				"west": {"uv": [5, 9, 6, 13], "texture": "#all"},
				"up": {"uv": [5, 14, 6, 15], "texture": "#all"},
				"down": {"uv": [3, 15, 4, 16], "texture": "#all"}
			}
		},
		{
			"from": [6.5, 14, 7.5],
			"to": [7.5, 16, 8.5],
			"faces": {
				"north": {"uv": [5, 11, 6, 13], "texture": "#all"},
				"east": {"uv": [5, 11, 6, 13], "texture": "#all"},
				"south": {"uv": [5, 11, 6, 13], "texture": "#all"},
				"west": {"uv": [3, 11, 4, 13], "texture": "#all"},
				"up": {"uv": [5, 15, 6, 16], "texture": "#all"},
				"down": {"uv": [3, 15, 4, 16], "texture": "#all"}
			}
		},
		{
			"from": [8.5, 14, 7.5],
			"to": [9.5, 16, 8.5],
			"faces": {
				"north": {"uv": [5, 11, 6, 13], "texture": "#all"},
				"east": {"uv": [5, 11, 6, 13], "texture": "#all"},
				"south": {"uv": [5, 11, 6, 13], "texture": "#all"},
				"west": {"uv": [5, 11, 6, 13], "texture": "#all"},
				"up": {"uv": [5, 15, 6, 16], "texture": "#all"},
				"down": {"uv": [3, 15, 4, 16], "texture": "#all"}
			}
		},
		{
			"from": [7.5, 11, 8.5],
			"to": [8.5, 15, 9.5],
			"faces": {
				"north": {"uv": [0, 6, 1, 10], "texture": "#all"},
				"east": {"uv": [2, 6, 3, 10], "texture": "#all"},
				"south": {"uv": [3, 9, 4, 13], "texture": "#all"},
				"west": {"uv": [0, 6, 1, 10], "texture": "#all"},
				"up": {"uv": [5, 14, 6, 15], "texture": "#all"},
				"down": {"uv": [3, 15, 4, 16], "texture": "#all"}
			}
		},
		{
			"from": [7.5, 11, 7.5],
			"to": [8.5, 12, 8.5],
			"faces": {
				"up": {"uv": [4, 14, 5, 15], "texture": "#all"},
				"down": {"uv": [4, 14, 5, 15], "texture": "#all"}
			}
		},
		{
			"from": [7.5, 14, 7.5],
			"to": [8.5, 15, 8.5],
			"faces": {
				"up": {"uv": [3, 0, 4, 1], "texture": "#all"},
				"down": {"uv": [3, 0, 4, 1], "texture": "#all"}
			}
		},
		{
			"from": [4.25, 1, 4.25],
			"to": [11.75, 2, 11.75],
			"rotation": {"angle": 0, "axis": "y", "origin": [0, -15, 0]},
			"faces": {
				"north": {"uv": [0, 15, 8, 16], "texture": "#2"},
				"east": {"uv": [0, 15, 8, 16], "texture": "#2"},
				"south": {"uv": [0, 15, 8, 16], "texture": "#2"},
				"west": {"uv": [0, 15, 8, 16], "texture": "#2"},
				"up": {"uv": [8, 8, 16, 16], "texture": "#2"},
				"down": {"uv": [8, 8, 16, 16], "texture": "#2"}
			}
		},
		{
			"from": [4.25, 7, 4.25],
			"to": [11.75, 8, 11.75],
			"rotation": {"angle": 0, "axis": "y", "origin": [0, -15, 0]},
			"faces": {
				"north": {"uv": [0, 9, 8, 10], "texture": "#2"},
				"east": {"uv": [0, 9, 8, 10], "texture": "#2"},
				"south": {"uv": [0, 9, 8, 10], "texture": "#2"},
				"west": {"uv": [0, 9, 8, 10], "texture": "#2"},
				"up": {"uv": [8, 8, 16, 16], "texture": "#2"},
				"down": {"uv": [8, 8, 16, 16], "texture": "#2"}
			}
		},
		{
			"from": [4.75, 2, 4.75],
			"to": [11.25, 7, 11.25],
			"rotation": {"angle": 0, "axis": "y", "origin": [0, -15, 0]},
			"faces": {
				"north": {"uv": [9, 1, 16, 7], "texture": "#2"},
				"east": {"uv": [9, 1, 16, 7], "texture": "#2"},
				"south": {"uv": [9, 1, 16, 7], "texture": "#2"},
				"west": {"uv": [9, 1, 16, 7], "texture": "#2"},
				"up": {"uv": [8, 8, 16, 16], "texture": "#2"},
				"down": {"uv": [8, 8, 16, 16], "texture": "#2"}
			}
		},
		{
			"from": [5.25, 9, 5.25],
			"to": [10.75, 10, 10.75],
			"rotation": {"angle": 0, "axis": "y", "origin": [0, -15, 0]},
			"faces": {
				"north": {"uv": [9, 8, 15, 9], "texture": "#2"},
				"east": {"uv": [9, 8, 15, 9], "texture": "#2"},
				"south": {"uv": [9, 8, 15, 9], "texture": "#2"},
				"west": {"uv": [10, 8, 16, 9], "texture": "#2"},
				"up": {"uv": [8, 8, 16, 15], "texture": "#2"},
				"down": {"uv": [8, 8, 16, 15], "texture": "#2"}
			}
		},
		{
			"from": [6, 8, 6],
			"to": [10, 9, 10],
			"rotation": {"angle": 0, "axis": "y", "origin": [0, -15, 0]},
			"faces": {
				"north": {"uv": [2, 8, 6, 9], "texture": "#2"},
				"east": {"uv": [2, 8, 6, 9], "texture": "#2"},
				"south": {"uv": [2, 8, 6, 9], "texture": "#2"},
				"west": {"uv": [2, 8, 6, 9], "texture": "#2"}
			}
		},
		{
			"from": [5, 2, 5],
			"to": [11, 7, 11],
			"rotation": {"angle": 0, "axis": "y", "origin": [0, -15, 0]},
			"faces": {
				"north": {"uv": [1, 10, 7, 15], "texture": "#2"},
				"east": {"uv": [1, 10, 7, 15], "texture": "#2"},
				"south": {"uv": [1, 10, 7, 15], "texture": "#2"},
				"west": {"uv": [1, 10, 7, 15], "texture": "#2"}
			}
		}
	],
	"groups": [
		{
			"name": "3Dchains",
			"origin": [0, 0, 0],
			"color": 0,
			"children": [0, 1, 2, 3, 4, 5, 6, 7]
		},
		{
			"name": "template_hanging_lantern",
			"origin": [8, 8, 8],
			"color": 0,
			"children": [
				{
					"name": "3Dchains",
					"origin": [8, 8, 8],
					"color": 0,
					"children": []
				},
				{
					"name": "lantern",
					"origin": [0, 0, 0],
					"color": 0,
					"children": []
				},
				{
					"name": "template_lantern",
					"origin": [8, 8, 8],
					"color": 0,
					"children": [8, 9, 10, 11, 12]
				},
				{
					"name": "template_hanging_lantern",
					"origin": [8, 8, 8],
					"color": 0,
					"children": [
						{
							"name": "3Dchains",
							"origin": [8, 8, 8],
							"color": 0,
							"children": []
						}
					]
				},
				{
					"name": "chain",
					"origin": [8, 8, 8],
					"color": 0,
					"children": [
						{
							"name": "3Dchains",
							"origin": [0, 0, 0],
							"color": 0,
							"children": []
						}
					]
				}
			]
		}, 13]
}