{
	"credit": "Made with Blockbench",
	"textures": {
		"0": "modeltextures/crafting_table/crafting_table_front_spruce",
		"1": "modeltextures/crafting_table/crafting_table_top_spruce",
		"2": "modeltextures/crafting_table/crafting_table_side_spruce",
		"particle": "modeltextures/crafting_table/crafting_table_front_spruce"
	},
	"elements": [
		{
			"from": [1, 1, 0.9],
			"to": [15, 11.5, 15],
			"faces": {
				"north": {"uv": [1, 5, 15, 16], "texture": "#2"},
				"east": {"uv": [1, 5, 15, 16], "texture": "#0"},
				"south": {"uv": [1, 4, 15, 16], "texture": "#2"},
				"west": {"uv": [1, 5, 15, 16], "texture": "#0"},
				"up": {"uv": [1, 1, 15, 15], "texture": "#1"},
				"down": {"uv": [10, 6, 10, 6], "texture": "#2"}
			}
		},
		{
			"from": [1, 11.5, 1],
			"to": [15, 15.25, 15],
			"rotation": {"angle": 0, "axis": "y", "origin": [8, 18.5, 8]},
			"faces": {
				"north": {"uv": [1, 12, 15, 16], "texture": "#2"},
				"east": {"uv": [1, 12, 15, 16], "texture": "#2"},
				"south": {"uv": [1, 12, 15, 16], "texture": "#2"},
				"west": {"uv": [1, 12, 15, 16], "texture": "#2"},
				"up": {"uv": [1, 1, 15, 15], "texture": "#1"},
				"down": {"uv": [10, 6, 10, 6], "texture": "#2"}
			}
		},
		{
			"from": [12, 15, 3],
			"to": [13, 16.0625, 4],
			"faces": {
				"north": {"uv": [13, 13, 14, 14], "texture": "#1"},
				"east": {"uv": [13, 13, 14, 14], "texture": "#1"},
				"south": {"uv": [13, 13, 14, 14], "texture": "#1"},
				"west": {"uv": [13, 13, 14, 14], "texture": "#1"},
				"up": {"uv": [13, 13, 14, 14], "texture": "#1"},
				"down": {"uv": [13, 13, 14, 14], "texture": "#1"}
			}
		},
		{
			"from": [12, 15, 12],
			"to": [13, 16.0625, 13],
			"faces": {
				"north": {"uv": [13, 13, 14, 14], "texture": "#1"},
				"east": {"uv": [13, 13, 14, 14], "texture": "#1"},
				"south": {"uv": [13, 13, 14, 14], "texture": "#1"},
				"west": {"uv": [13, 13, 14, 14], "texture": "#1"},
				"up": {"uv": [13, 13, 14, 14], "texture": "#1"},
				"down": {"uv": [13, 13, 14, 14], "texture": "#1"}
			}
		},
		{
			"from": [3, 15, 12],
			"to": [4, 16.0625, 13],
			"faces": {
				"north": {"uv": [13, 13, 14, 14], "texture": "#1"},
				"east": {"uv": [13, 13, 14, 14], "texture": "#1"},
				"south": {"uv": [13, 13, 14, 14], "texture": "#1"},
				"west": {"uv": [13, 13, 14, 14], "texture": "#1"},
				"up": {"uv": [13, 13, 14, 14], "texture": "#1"},
				"down": {"uv": [13, 13, 14, 14], "texture": "#1"}
			}
		},
		{
			"from": [3, 15, 3],
			"to": [4, 16.0625, 4],
			"faces": {
				"north": {"uv": [13, 13, 14, 14], "texture": "#1"},
				"east": {"uv": [13, 13, 14, 14], "texture": "#1"},
				"south": {"uv": [13, 13, 14, 14], "texture": "#1"},
				"west": {"uv": [13, 13, 14, 14], "texture": "#1"},
				"up": {"uv": [13, 13, 14, 14], "texture": "#1"},
				"down": {"uv": [13, 13, 14, 14], "texture": "#1"}
			}
		},
		{
			"from": [3.5, 14.25, 8.8125],
			"to": [12.5, 15.25, 9.8125],
			"rotation": {"angle": -45, "axis": "x", "origin": [3.5, 15.25, 8.8125]},
			"faces": {
				"north": {"uv": [3.5, 9, 12.5, 10], "texture": "#1"},
				"east": {"uv": [3.5, 9, 12.5, 10], "texture": "#1"},
				"south": {"uv": [3.5, 9, 12.5, 10], "texture": "#1"},
				"west": {"uv": [3.5, 9, 12.5, 10], "texture": "#1"},
				"up": {"uv": [3.5, 9, 12.5, 10], "texture": "#1"},
				"down": {"uv": [3.5, 9, 12.5, 10], "texture": "#1"}
			}
		},
		{
			"from": [3.5, 14.25, 5.8125],
			"to": [12.5, 15.25, 6.8125],
			"rotation": {"angle": -45, "axis": "x", "origin": [3.5, 15.25, 5.8125]},
			"faces": {
				"north": {"uv": [3.5, 9, 12.5, 10], "texture": "#1"},
				"east": {"uv": [3.5, 9, 12.5, 10], "texture": "#1"},
				"south": {"uv": [3.5, 9, 12.5, 10], "texture": "#1"},
				"west": {"uv": [3.5, 9, 12.5, 10], "texture": "#1"},
				"up": {"uv": [3.5, 9, 12.5, 10], "texture": "#1"},
				"down": {"uv": [3.5, 9, 12.5, 10], "texture": "#1"}
			}
		},
		{
			"from": [3.5, 14.25, 11.8125],
			"to": [12.5, 15.25, 12.8125],
			"rotation": {"angle": -45, "axis": "x", "origin": [3.5, 15.25, 11.8125]},
			"faces": {
				"north": {"uv": [3.5, 9, 12.5, 10], "texture": "#1"},
				"east": {"uv": [3.5, 9, 12.5, 10], "texture": "#1"},
				"south": {"uv": [3.5, 9, 12.5, 10], "texture": "#1"},
				"west": {"uv": [3.5, 9, 12.5, 10], "texture": "#1"},
				"up": {"uv": [3.5, 9, 12.5, 10], "texture": "#1"},
				"down": {"uv": [3.5, 9, 12.5, 10], "texture": "#1"}
			}
		},
		{
			"from": [3.5, 14.25, 2.8125],
			"to": [12.5, 15.25, 3.8125],
			"rotation": {"angle": -45, "axis": "x", "origin": [3.5, 15.25, 2.8125]},
			"faces": {
				"north": {"uv": [3.5, 9, 12.5, 10], "texture": "#1"},
				"east": {"uv": [3.5, 9, 12.5, 10], "texture": "#1"},
				"south": {"uv": [3.5, 9, 12.5, 10], "texture": "#1"},
				"west": {"uv": [3.5, 9, 12.5, 10], "texture": "#1"},
				"up": {"uv": [3.5, 9, 12.5, 10], "texture": "#1"},
				"down": {"uv": [3.5, 9, 12.5, 10], "texture": "#1"}
			}
		},
		{
			"from": [11.8125, 14.25, 3.5],
			"to": [12.8125, 15.25, 12.5],
			"rotation": {"angle": 45, "axis": "z", "origin": [11.8125, 15.25, 3.5]},
			"faces": {
				"north": {"uv": [3.5, 9, 12.5, 10], "texture": "#1"},
				"east": {"uv": [3.5, 9, 12.5, 10], "texture": "#1"},
				"south": {"uv": [3.5, 9, 12.5, 10], "texture": "#1"},
				"west": {"uv": [3.5, 9, 12.5, 10], "texture": "#1"},
				"up": {"uv": [6, 3, 7, 12], "texture": "#1"},
				"down": {"uv": [3.5, 9, 12.5, 10], "texture": "#1"}
			}
		},
		{
			"from": [2.8125, 14.25, 3.5],
			"to": [3.8125, 15.25, 12.5],
			"rotation": {"angle": 45, "axis": "z", "origin": [2.8125, 15.25, 3.5]},
			"faces": {
				"north": {"uv": [3.5, 9, 12.5, 10], "texture": "#1"},
				"east": {"uv": [3.5, 9, 12.5, 10], "texture": "#1"},
				"south": {"uv": [3.5, 9, 12.5, 10], "texture": "#1"},
				"west": {"uv": [3.5, 9, 12.5, 10], "texture": "#1"},
				"up": {"uv": [3, 3, 4, 12], "texture": "#1"},
				"down": {"uv": [3.5, 9, 12.5, 10], "texture": "#1"}
			}
		},
		{
			"from": [8.8125, 14.25, 3.5],
			"to": [9.8125, 15.25, 12.5],
			"rotation": {"angle": 45, "axis": "z", "origin": [8.8125, 15.25, 3.5]},
			"faces": {
				"north": {"uv": [3.5, 9, 12.5, 10], "texture": "#1"},
				"east": {"uv": [3.5, 9, 12.5, 10], "texture": "#1"},
				"south": {"uv": [3.5, 9, 12.5, 10], "texture": "#1"},
				"west": {"uv": [3.5, 9, 12.5, 10], "texture": "#1"},
				"up": {"uv": [3, 3, 4, 12], "texture": "#1"},
				"down": {"uv": [3.5, 9, 12.5, 10], "texture": "#1"}
			}
		},
		{
			"from": [5.8125, 14.25, 3.5],
			"to": [6.8125, 15.25, 12.5],
			"rotation": {"angle": 45, "axis": "z", "origin": [5.8125, 15.25, 3.5]},
			"faces": {
				"north": {"uv": [3.5, 9, 12.5, 10], "texture": "#1"},
				"east": {"uv": [3.5, 9, 12.5, 10], "texture": "#1"},
				"south": {"uv": [3.5, 9, 12.5, 10], "texture": "#1"},
				"west": {"uv": [3.5, 9, 12.5, 10], "texture": "#1"},
				"up": {"uv": [12, 4, 13, 13], "texture": "#1"},
				"down": {"uv": [3.5, 9, 12.5, 10], "texture": "#1"}
			}
		},
		{
			"from": [1.58845, 15.25, -0.14029],
			"to": [2.43845, 15.75, 4.10971],
			"rotation": {"angle": -45, "axis": "y", "origin": [1.78845, 15.5, 2.33471]},
			"faces": {
				"north": {"uv": [1, 12, 2, 13], "texture": "#1"},
				"east": {"uv": [1, 12, 2, 13], "texture": "#1"},
				"south": {"uv": [1, 12, 2, 13], "texture": "#1"},
				"west": {"uv": [1, 12, 2, 13], "texture": "#1"},
				"up": {"uv": [1, 12, 2, 13], "texture": "#1"},
				"down": {"uv": [1, 12, 2, 13], "texture": "#1"}
			}
		},
		{
			"from": [17.51849, 15.25, 1.45209],
			"to": [18.26849, 15.75, 5.90209],
			"rotation": {"angle": 45, "axis": "y", "origin": [14.14247, 15.5, 7.91859]},
			"faces": {
				"north": {"uv": [1, 12, 2, 13], "texture": "#1"},
				"east": {"uv": [1, 12, 2, 13], "texture": "#1"},
				"south": {"uv": [1, 12, 2, 13], "texture": "#1"},
				"west": {"uv": [1, 12, 2, 13], "texture": "#1"},
				"up": {"uv": [1, 12, 2, 13], "rotation": 180, "texture": "#1"},
				"down": {"uv": [1, 12, 2, 13], "rotation": 180, "texture": "#1"}
			}
		},
		{
			"from": [15.2427, 15.25, 12.6302],
			"to": [15.9927, 16, 14.5052],
			"rotation": {"angle": 0, "axis": "y", "origin": [15.4927, 15.5, 12.4802]},
			"faces": {
				"north": {"uv": [1, 12, 2, 13], "texture": "#1"},
				"east": {"uv": [1, 12, 2, 13], "texture": "#1"},
				"south": {"uv": [1, 12, 2, 13], "texture": "#1"},
				"west": {"uv": [1, 12, 2, 13], "texture": "#1"},
				"up": {"uv": [1, 12, 2, 13], "rotation": 180, "texture": "#1"},
				"down": {"uv": [1, 12, 2, 13], "rotation": 180, "texture": "#1"}
			}
		},
		{
			"from": [15.25, 15.25, 1.5],
			"to": [16, 16, 3.15],
			"rotation": {"angle": 0, "axis": "y", "origin": [15.5, 15.5, 3.5]},
			"faces": {
				"north": {"uv": [2, 12, 1, 13], "texture": "#1"},
				"east": {"uv": [2, 12, 1, 13], "texture": "#1"},
				"south": {"uv": [2, 12, 1, 13], "texture": "#1"},
				"west": {"uv": [2, 12, 1, 13], "texture": "#1"},
				"up": {"uv": [1, 13, 2, 12], "rotation": 180, "texture": "#1"},
				"down": {"uv": [1, 13, 2, 12], "rotation": 180, "texture": "#1"}
			}
		},
		{
			"from": [1.5, 15.25, 15.25],
			"to": [3.1125, 16, 16],
			"rotation": {"angle": 0, "axis": "y", "origin": [1.28952, 11.3, 15.29504]},
			"faces": {
				"north": {"uv": [1, 12, 2, 13], "texture": "#1"},
				"east": {"uv": [1, 12, 2, 13], "texture": "#1"},
				"south": {"uv": [1, 12, 2, 13], "texture": "#1"},
				"west": {"uv": [1, 12, 2, 13], "texture": "#1"},
				"up": {"uv": [1, 12, 2, 13], "rotation": 270, "texture": "#1"},
				"down": {"uv": [1, 12, 2, 13], "rotation": 90, "texture": "#1"}
			}
		},
		{
			"from": [1.5, 15, 15],
			"to": [3.1, 15.25, 15.25],
			"rotation": {"angle": 0, "axis": "y", "origin": [1.28952, 10.8, 15.04504]},
			"faces": {
				"north": {"uv": [1, 0, 2, 1], "rotation": 90, "texture": "#0"},
				"east": {"uv": [1, 0, 2, 1], "rotation": 90, "texture": "#0"},
				"south": {"uv": [1, 0, 2, 1], "rotation": 90, "texture": "#0"},
				"west": {"uv": [1, 0, 2, 1], "rotation": 90, "texture": "#0"},
				"up": {"uv": [1, 0, 2, 1], "rotation": 90, "texture": "#0"},
				"down": {"uv": [1, 0, 2, 1], "rotation": 90, "texture": "#0"}
			}
		},
		{
			"from": [14.95, 15.05, 12.6],
			"to": [15.25, 15.25, 14.5],
			"rotation": {"angle": 0, "axis": "y", "origin": [7.95, 15.125, 8]},
			"faces": {
				"north": {"uv": [1, 0, 2, 1], "rotation": 90, "texture": "#0"},
				"east": {"uv": [1, 0, 2, 1], "rotation": 90, "texture": "#0"},
				"south": {"uv": [1, 0, 2, 1], "rotation": 90, "texture": "#0"},
				"west": {"uv": [1, 0, 2, 1], "rotation": 90, "texture": "#0"},
				"up": {"uv": [1, 0, 2, 1], "texture": "#0"},
				"down": {"uv": [1, 0, 2, 1], "rotation": 180, "texture": "#0"}
			}
		},
		{
			"from": [1.5, 15.05, 0.75],
			"to": [3.15, 15.25, 1],
			"rotation": {"angle": 0, "axis": "y", "origin": [1.28952, 10.8, 0.79504]},
			"faces": {
				"north": {"uv": [1, 0, 2, 1], "rotation": 90, "texture": "#0"},
				"east": {"uv": [1, 0, 2, 1], "rotation": 90, "texture": "#0"},
				"south": {"uv": [1, 0, 2, 1], "rotation": 90, "texture": "#0"},
				"west": {"uv": [1, 0, 2, 1], "rotation": 90, "texture": "#0"},
				"up": {"uv": [1, 0, 2, 1], "rotation": 90, "texture": "#0"},
				"down": {"uv": [1, 0, 2, 1], "rotation": 90, "texture": "#0"}
			}
		},
		{
			"from": [0.7, 15.05, 12.55],
			"to": [0.95, 15.25, 14.55],
			"rotation": {"angle": 0, "axis": "y", "origin": [7.95, 15.125, 7.8]},
			"faces": {
				"north": {"uv": [1, 0, 2, 1], "rotation": 90, "texture": "#0"},
				"east": {"uv": [1, 0, 2, 1], "rotation": 90, "texture": "#0"},
				"south": {"uv": [1, 0, 2, 1], "rotation": 90, "texture": "#0"},
				"west": {"uv": [1, 0, 2, 1], "rotation": 90, "texture": "#0"},
				"up": {"uv": [1, 0, 2, 1], "texture": "#0"},
				"down": {"uv": [1, 0, 2, 1], "rotation": 180, "texture": "#0"}
			}
		},
		{
			"from": [12.6, 15, 15],
			"to": [14.55, 15.25, 15.25],
			"rotation": {"angle": 0, "axis": "y", "origin": [12.63952, 10.8, 15.04504]},
			"faces": {
				"north": {"uv": [1, 0, 2, 1], "rotation": 90, "texture": "#0"},
				"east": {"uv": [1, 0, 2, 1], "rotation": 90, "texture": "#0"},
				"south": {"uv": [1, 0, 2, 1], "rotation": 90, "texture": "#0"},
				"west": {"uv": [1, 0, 2, 1], "rotation": 90, "texture": "#0"},
				"up": {"uv": [1, 0, 2, 1], "rotation": 90, "texture": "#0"},
				"down": {"uv": [1, 0, 2, 1], "rotation": 90, "texture": "#0"}
			}
		},
		{
			"from": [14.95, 15.05, 1.4],
			"to": [15.25, 15.25, 3.2],
			"rotation": {"angle": 0, "axis": "y", "origin": [7.95, 15.125, 8]},
			"faces": {
				"north": {"uv": [1, 0, 2, 1], "rotation": 90, "texture": "#0"},
				"east": {"uv": [1, 0, 2, 1], "rotation": 90, "texture": "#0"},
				"south": {"uv": [1, 0, 2, 1], "rotation": 90, "texture": "#0"},
				"west": {"uv": [1, 0, 2, 1], "rotation": 90, "texture": "#0"},
				"up": {"uv": [1, 0, 2, 1], "texture": "#0"},
				"down": {"uv": [1, 0, 2, 1], "rotation": 180, "texture": "#0"}
			}
		},
		{
			"from": [12.6, 15.05, 0.75],
			"to": [14.6, 15.25, 1],
			"rotation": {"angle": 0, "axis": "y", "origin": [12.78952, 10.8, 0.79504]},
			"faces": {
				"north": {"uv": [1, 0, 2, 1], "rotation": 90, "texture": "#0"},
				"east": {"uv": [1, 0, 2, 1], "rotation": 90, "texture": "#0"},
				"south": {"uv": [1, 0, 2, 1], "rotation": 90, "texture": "#0"},
				"west": {"uv": [1, 0, 2, 1], "rotation": 90, "texture": "#0"},
				"up": {"uv": [1, 0, 2, 1], "rotation": 90, "texture": "#0"},
				"down": {"uv": [1, 0, 2, 1], "rotation": 90, "texture": "#0"}
			}
		},
		{
			"from": [0.7, 15.05, 1.35],
			"to": [0.95, 15.25, 3.15],
			"rotation": {"angle": 0, "axis": "y", "origin": [7.95, 15.125, 8]},
			"faces": {
				"north": {"uv": [1, 0, 2, 1], "rotation": 90, "texture": "#0"},
				"east": {"uv": [1, 0, 2, 1], "rotation": 90, "texture": "#0"},
				"south": {"uv": [1, 0, 2, 1], "rotation": 90, "texture": "#0"},
				"west": {"uv": [1, 0, 2, 1], "rotation": 90, "texture": "#0"},
				"up": {"uv": [1, 0, 2, 1], "texture": "#0"},
				"down": {"uv": [1, 0, 2, 1], "rotation": 180, "texture": "#0"}
			}
		},
		{
			"from": [1.5, 15.25, 0],
			"to": [3.125, 16, 0.75],
			"rotation": {"angle": 0, "axis": "y", "origin": [1.28952, 11.3, 0.70496]},
			"faces": {
				"north": {"uv": [2, 12, 1, 13], "texture": "#1"},
				"east": {"uv": [2, 12, 1, 13], "texture": "#1"},
				"south": {"uv": [2, 12, 1, 13], "texture": "#1"},
				"west": {"uv": [2, 12, 1, 13], "texture": "#1"},
				"up": {"uv": [2, 12, 1, 13], "rotation": 270, "texture": "#1"},
				"down": {"uv": [2, 12, 1, 13], "rotation": 90, "texture": "#1"}
			}
		},
		{
			"from": [12.61428, 15.25, 15.25863],
			"to": [14.49428, 16, 16.00863],
			"rotation": {"angle": 0, "axis": "y", "origin": [13.36428, 15.5, 15.75863]},
			"faces": {
				"north": {"uv": [1, 12, 2, 13], "texture": "#1"},
				"east": {"uv": [1, 12, 2, 13], "texture": "#1"},
				"south": {"uv": [1, 12, 2, 13], "texture": "#1"},
				"west": {"uv": [1, 12, 2, 13], "texture": "#1"},
				"up": {"uv": [1, 12, 2, 13], "rotation": 90, "texture": "#1"},
				"down": {"uv": [1, 12, 2, 13], "rotation": 270, "texture": "#1"}
			}
		},
		{
			"from": [12.61428, 15.25, 0.00178],
			"to": [14.51428, 16, 0.75178],
			"rotation": {"angle": 0, "axis": "y", "origin": [14.61428, 15.5, 0.25178]},
			"faces": {
				"north": {"uv": [2, 12, 1, 13], "texture": "#1"},
				"east": {"uv": [2, 12, 1, 13], "texture": "#1"},
				"south": {"uv": [2, 12, 1, 13], "texture": "#1"},
				"west": {"uv": [2, 12, 1, 13], "texture": "#1"},
				"up": {"uv": [2, 12, 1, 13], "rotation": 90, "texture": "#1"},
				"down": {"uv": [2, 12, 1, 13], "rotation": 270, "texture": "#1"}
			}
		},
		{
			"from": [-0.01415, 15.25, 12.6302],
			"to": [0.73585, 16, 14.5052],
			"rotation": {"angle": 0, "axis": "y", "origin": [0.77537, 11.3, 14.27524]},
			"faces": {
				"north": {"uv": [1, 12, 2, 13], "texture": "#1"},
				"east": {"uv": [1, 12, 2, 13], "texture": "#1"},
				"south": {"uv": [1, 12, 2, 13], "texture": "#1"},
				"west": {"uv": [1, 12, 2, 13], "texture": "#1"},
				"up": {"uv": [1, 12, 2, 13], "rotation": 180, "texture": "#1"},
				"down": {"uv": [1, 12, 2, 13], "rotation": 180, "texture": "#1"}
			}
		},
		{
			"from": [0, 15.25, 1.5],
			"to": [0.75, 16, 3.125],
			"rotation": {"angle": 0, "axis": "y", "origin": [0.78952, 11.3, 1.70496]},
			"faces": {
				"north": {"uv": [2, 12, 1, 13], "texture": "#1"},
				"east": {"uv": [2, 12, 1, 13], "texture": "#1"},
				"south": {"uv": [2, 12, 1, 13], "texture": "#1"},
				"west": {"uv": [2, 12, 1, 13], "texture": "#1"},
				"up": {"uv": [1, 13, 2, 12], "rotation": 180, "texture": "#1"},
				"down": {"uv": [1, 13, 2, 12], "rotation": 180, "texture": "#1"}
			}
		},
		{
			"from": [11.3019, 15.25, 7.2919],
			"to": [12.0519, 15.75, 12.2919],
			"rotation": {"angle": -45, "axis": "y", "origin": [7.92589, 15.5, 14.2584]},
			"faces": {
				"north": {"uv": [1, 12, 2, 13], "texture": "#1"},
				"east": {"uv": [1, 12, 2, 13], "texture": "#1"},
				"south": {"uv": [1, 12, 2, 13], "texture": "#1"},
				"west": {"uv": [1, 12, 2, 13], "texture": "#1"},
				"up": {"uv": [1, 12, 2, 13], "rotation": 180, "texture": "#1"},
				"down": {"uv": [1, 12, 2, 13], "rotation": 180, "texture": "#1"}
			}
		},
		{
			"from": [-2.53993, 15.25, 10.35831],
			"to": [-1.73993, 15.75, 14.85831],
			"rotation": {"angle": 45, "axis": "y", "origin": [1.58608, 15.5, 7.89182]},
			"faces": {
				"north": {"uv": [1, 12, 2, 13], "texture": "#1"},
				"east": {"uv": [1, 12, 2, 13], "texture": "#1"},
				"south": {"uv": [1, 12, 2, 13], "texture": "#1"},
				"west": {"uv": [1, 12, 2, 13], "texture": "#1"},
				"up": {"uv": [1, 12, 2, 13], "texture": "#1"},
				"down": {"uv": [1, 12, 2, 13], "texture": "#1"}
			}
		},
		{
			"from": [0.25, 10.5, 13],
			"to": [1, 13.5, 14],
			"rotation": {"angle": 0, "axis": "y", "origin": [8.5, 8.5, 10]},
			"faces": {
				"north": {"uv": [13, 3, 14, 6], "texture": "#0"},
				"east": {"uv": [13, 3, 14, 6], "texture": "#0"},
				"south": {"uv": [13, 3, 14, 6], "texture": "#0"},
				"west": {"uv": [13, 3, 14, 6], "texture": "#0"},
				"up": {"uv": [13, 3, 13.75, 4], "texture": "#0"},
				"down": {"uv": [13, 5, 14, 6], "texture": "#0"}
			}
		},
		{
			"from": [15, 10, 4],
			"to": [15.75, 13, 5],
			"rotation": {"angle": 0, "axis": "y", "origin": [23.25, 8, 1]},
			"faces": {
				"north": {"uv": [13, 3, 14, 6], "texture": "#0"},
				"east": {"uv": [13, 3, 14, 6], "texture": "#0"},
				"south": {"uv": [13, 3, 14, 6], "texture": "#0"},
				"west": {"uv": [13, 3, 14, 6], "texture": "#0"},
				"up": {"uv": [13, 3, 13.75, 4], "texture": "#0"},
				"down": {"uv": [13, 5, 14, 6], "texture": "#0"}
			}
		},
		{
			"from": [0.25, 10.5, 11],
			"to": [1, 13.5, 12],
			"rotation": {"angle": 0, "axis": "y", "origin": [8.5, 8.5, 8]},
			"faces": {
				"north": {"uv": [13, 3, 14, 6], "texture": "#0"},
				"east": {"uv": [13, 3, 14, 6], "texture": "#0"},
				"south": {"uv": [13, 3, 14, 6], "texture": "#0"},
				"west": {"uv": [13, 3, 14, 6], "texture": "#0"},
				"up": {"uv": [13, 3, 13.75, 4], "texture": "#0"},
				"down": {"uv": [13, 5, 14, 6], "texture": "#0"}
			}
		},
		{
			"from": [15, 10, 2],
			"to": [15.75, 13, 3],
			"rotation": {"angle": 0, "axis": "y", "origin": [23.25, 8, -1]},
			"faces": {
				"north": {"uv": [13, 3, 14, 6], "texture": "#0"},
				"east": {"uv": [13, 3, 14, 6], "texture": "#0"},
				"south": {"uv": [13, 3, 14, 6], "texture": "#0"},
				"west": {"uv": [13, 3, 14, 6], "texture": "#0"},
				"up": {"uv": [13, 3, 13.75, 4], "texture": "#0"},
				"down": {"uv": [13, 5, 14, 6], "texture": "#0"}
			}
		},
		{
			"from": [0.25, 12.5, 12],
			"to": [1, 13.5, 13],
			"rotation": {"angle": 0, "axis": "y", "origin": [8.5, 8.5, 10]},
			"faces": {
				"north": {"uv": [12, 3, 13, 4], "texture": "#0"},
				"east": {"uv": [12, 3, 13, 4], "texture": "#0"},
				"south": {"uv": [12, 3, 13, 4], "texture": "#0"},
				"west": {"uv": [12, 3, 13, 4], "texture": "#0"},
				"up": {"uv": [12, 3, 13, 4], "texture": "#0"},
				"down": {"uv": [12, 3, 13, 4], "texture": "#0"}
			}
		},
		{
			"from": [15, 12, 3],
			"to": [15.75, 13, 4],
			"rotation": {"angle": 0, "axis": "y", "origin": [23.25, 8, 1]},
			"faces": {
				"north": {"uv": [12, 3, 13, 4], "texture": "#0"},
				"east": {"uv": [12, 3, 13, 4], "texture": "#0"},
				"south": {"uv": [12, 3, 13, 4], "texture": "#0"},
				"west": {"uv": [12, 3, 13, 4], "texture": "#0"},
				"up": {"uv": [12, 3, 13, 4], "texture": "#0"},
				"down": {"uv": [12, 3, 13, 4], "texture": "#0"}
			}
		},
		{
			"from": [0.25, 10.5, 12],
			"to": [1, 11.5, 13],
			"rotation": {"angle": 0, "axis": "y", "origin": [8.5, 6.5, 10]},
			"faces": {
				"north": {"uv": [12, 5, 13, 6], "texture": "#0"},
				"east": {"uv": [12, 5, 13, 6], "texture": "#0"},
				"south": {"uv": [12, 5, 13, 6], "texture": "#0"},
				"west": {"uv": [12, 5, 13, 6], "texture": "#0"},
				"up": {"uv": [12, 5, 13, 6], "texture": "#0"},
				"down": {"uv": [12, 5, 13, 6], "texture": "#0"}
			}
		},
		{
			"from": [15, 10, 3],
			"to": [15.75, 11, 4],
			"rotation": {"angle": 0, "axis": "y", "origin": [23.25, 6, 1]},
			"faces": {
				"north": {"uv": [12, 5, 13, 6], "texture": "#0"},
				"east": {"uv": [12, 5, 13, 6], "texture": "#0"},
				"south": {"uv": [12, 5, 13, 6], "texture": "#0"},
				"west": {"uv": [12, 5, 13, 6], "texture": "#0"},
				"up": {"uv": [12, 5, 13, 6], "texture": "#0"},
				"down": {"uv": [12, 5, 13, 6], "texture": "#0"}
			}
		},
		{
			"from": [0.5, 7.5, 11],
			"to": [1, 10.5, 12],
			"rotation": {"angle": 0, "axis": "y", "origin": [8.5, 8.5, 8]},
			"faces": {
				"north": {"uv": [11, 6, 12, 9], "texture": "#0"},
				"east": {"uv": [11, 6, 12, 9], "texture": "#0"},
				"south": {"uv": [11, 6, 12, 9], "texture": "#0"},
				"west": {"uv": [11, 6, 12, 9], "texture": "#0"},
				"up": {"uv": [11, 6, 12, 9], "texture": "#0"},
				"down": {"uv": [13, 12, 14, 13], "texture": "#0"}
			}
		},
		{
			"from": [15, 7, 4],
			"to": [15.5, 10, 5],
			"rotation": {"angle": 0, "axis": "y", "origin": [23, 8, 1]},
			"faces": {
				"north": {"uv": [11, 6, 12, 9], "texture": "#0"},
				"east": {"uv": [11, 6, 12, 9], "texture": "#0"},
				"south": {"uv": [11, 6, 12, 9], "texture": "#0"},
				"west": {"uv": [11, 6, 12, 9], "texture": "#0"},
				"up": {"uv": [11, 6, 12, 9], "texture": "#0"},
				"down": {"uv": [13, 12, 14, 13], "texture": "#0"}
			}
		},
		{
			"from": [0.5, 5.5, 12],
			"to": [1, 10.5, 13],
			"rotation": {"angle": 0, "axis": "y", "origin": [8.5, 8.5, 8]},
			"faces": {
				"north": {"uv": [12, 6, 13, 11], "texture": "#0"},
				"east": {"uv": [12, 6, 13, 11], "texture": "#0"},
				"south": {"uv": [12, 6, 13, 11], "texture": "#0"},
				"west": {"uv": [12, 6, 13, 11], "texture": "#0"},
				"up": {"uv": [12, 6, 13, 11], "texture": "#0"},
				"down": {"uv": [13, 12, 14, 13], "texture": "#0"}
			}
		},
		{
			"from": [15, 5, 3],
			"to": [15.5, 10, 4],
			"rotation": {"angle": 0, "axis": "y", "origin": [23, 8, -1]},
			"faces": {
				"north": {"uv": [12, 6, 13, 11], "texture": "#0"},
				"east": {"uv": [12, 6, 13, 11], "texture": "#0"},
				"south": {"uv": [12, 6, 13, 11], "texture": "#0"},
				"west": {"uv": [12, 6, 13, 11], "texture": "#0"},
				"up": {"uv": [12, 6, 13, 11], "texture": "#0"},
				"down": {"uv": [13, 12, 14, 13], "texture": "#0"}
			}
		},
		{
			"from": [0.5, 3.5, 13],
			"to": [1, 10.5, 14],
			"rotation": {"angle": 0, "axis": "y", "origin": [8.5, 8.5, 8]},
			"faces": {
				"north": {"uv": [13, 6, 14, 13], "texture": "#0"},
				"east": {"uv": [13, 6, 14, 13], "texture": "#0"},
				"south": {"uv": [13, 6, 14, 13], "texture": "#0"},
				"west": {"uv": [13, 6, 14, 13], "texture": "#0"},
				"up": {"uv": [13, 6, 14, 13], "texture": "#0"},
				"down": {"uv": [13, 12, 14, 13], "texture": "#0"}
			}
		},
		{
			"from": [15, 3, 2],
			"to": [15.5, 10, 3],
			"rotation": {"angle": 0, "axis": "y", "origin": [23, 8, -3]},
			"faces": {
				"north": {"uv": [13, 6, 14, 13], "texture": "#0"},
				"east": {"uv": [13, 6, 14, 13], "texture": "#0"},
				"south": {"uv": [13, 6, 14, 13], "texture": "#0"},
				"west": {"uv": [13, 6, 14, 13], "texture": "#0"},
				"up": {"uv": [13, 6, 14, 13], "texture": "#0"},
				"down": {"uv": [13, 12, 14, 13], "texture": "#0"}
			}
		},
		{
			"from": [0, 12.25, 12.25],
			"to": [1, 12.5, 12.75],
			"rotation": {"angle": 0, "axis": "y", "origin": [8, 8.5, 8]},
			"faces": {
				"north": {"uv": [2, 10, 3, 11], "texture": "#0"},
				"east": {"uv": [2, 10, 3, 11], "texture": "#0"},
				"south": {"uv": [2, 10, 3, 11], "texture": "#0"},
				"west": {"uv": [2, 10, 3, 11], "texture": "#0"},
				"up": {"uv": [2, 10, 3, 11], "texture": "#0"},
				"down": {"uv": [2, 10, 3, 11], "texture": "#0"}
			}
		},
		{
			"from": [15, 11.75, 3.25],
			"to": [16, 12, 3.75],
			"rotation": {"angle": 0, "axis": "y", "origin": [23, 8, -1]},
			"faces": {
				"north": {"uv": [2, 10, 3, 11], "texture": "#0"},
				"east": {"uv": [2, 10, 3, 11], "texture": "#0"},
				"south": {"uv": [2, 10, 3, 11], "texture": "#0"},
				"west": {"uv": [2, 10, 3, 11], "texture": "#0"},
				"up": {"uv": [2, 10, 3, 11], "texture": "#0"},
				"down": {"uv": [2, 10, 3, 11], "texture": "#0"}
			}
		},
		{
			"from": [0, 5.7, 3.9],
			"to": [1, 8.7, 4.9],
			"rotation": {"angle": 0, "axis": "y", "origin": [8.5, 8.7, 7.9]},
			"faces": {
				"north": {"uv": [2, 10, 3, 11], "texture": "#0"},
				"east": {"uv": [2, 10, 3, 11], "texture": "#0"},
				"south": {"uv": [2, 10, 3, 11], "texture": "#0"},
				"west": {"uv": [2, 10, 3, 11], "texture": "#0"},
				"up": {"uv": [2, 10, 3, 11], "texture": "#0"},
				"down": {"uv": [2, 10, 3, 11], "texture": "#0"}
			}
		},
		{
			"from": [15, 5.75, 11],
			"to": [16, 8.75, 12],
			"rotation": {"angle": 0, "axis": "y", "origin": [23.5, 8.75, 15]},
			"faces": {
				"north": {"uv": [2, 10, 3, 11], "texture": "#0"},
				"east": {"uv": [2, 10, 3, 11], "texture": "#0"},
				"south": {"uv": [2, 10, 3, 11], "texture": "#0"},
				"west": {"uv": [2, 10, 3, 11], "texture": "#0"},
				"up": {"uv": [2, 10, 3, 11], "texture": "#0"},
				"down": {"uv": [2, 10, 3, 11], "texture": "#0"}
			}
		},
		{
			"from": [0, 6.7, 1.9],
			"to": [1, 7.7, 3.9],
			"rotation": {"angle": 0, "axis": "y", "origin": [8.5, 8.7, 7.9]},
			"faces": {
				"north": {"uv": [3, 10, 4, 11], "texture": "#0"},
				"east": {"uv": [3, 10, 4, 11], "texture": "#0"},
				"south": {"uv": [3, 10, 4, 11], "texture": "#0"},
				"west": {"uv": [3, 10, 4, 11], "texture": "#0"},
				"up": {"uv": [3, 10, 4, 11], "texture": "#0"},
				"down": {"uv": [3, 10, 4, 11], "texture": "#0"}
			}
		},
		{
			"from": [15, 6.75, 12],
			"to": [16, 7.75, 14],
			"rotation": {"angle": 0, "axis": "y", "origin": [23.5, 8.75, 18]},
			"faces": {
				"north": {"uv": [3, 10, 4, 11], "texture": "#0"},
				"east": {"uv": [3, 10, 4, 11], "texture": "#0"},
				"south": {"uv": [3, 10, 4, 11], "texture": "#0"},
				"west": {"uv": [3, 10, 4, 11], "texture": "#0"},
				"up": {"uv": [3, 10, 4, 11], "texture": "#0"},
				"down": {"uv": [3, 10, 4, 11], "texture": "#0"}
			}
		},
		{
			"from": [0, 5.7, 2.9],
			"to": [1, 6.7, 3.9],
			"rotation": {"angle": 0, "axis": "y", "origin": [8.5, 7.7, 7.9]},
			"faces": {
				"north": {"uv": [3, 10, 4, 11], "texture": "#0"},
				"east": {"uv": [3, 10, 4, 11], "texture": "#0"},
				"south": {"uv": [3, 10, 4, 11], "texture": "#0"},
				"west": {"uv": [3, 10, 4, 11], "texture": "#0"},
				"up": {"uv": [3, 10, 4, 11], "texture": "#0"},
				"down": {"uv": [3, 10, 4, 11], "texture": "#0"}
			}
		},
		{
			"from": [15, 5.75, 12],
			"to": [16, 6.75, 13],
			"rotation": {"angle": 0, "axis": "y", "origin": [23.5, 7.75, 17]},
			"faces": {
				"north": {"uv": [3, 10, 4, 11], "texture": "#0"},
				"east": {"uv": [3, 10, 4, 11], "texture": "#0"},
				"south": {"uv": [3, 10, 4, 11], "texture": "#0"},
				"west": {"uv": [3, 10, 4, 11], "texture": "#0"},
				"up": {"uv": [3, 10, 4, 11], "texture": "#0"},
				"down": {"uv": [3, 10, 4, 11], "texture": "#0"}
			}
		},
		{
			"from": [15, 5.75, 13],
			"to": [16, 6.75, 14],
			"rotation": {"angle": 0, "axis": "y", "origin": [23.5, 7.75, 18]},
			"faces": {
				"north": {"uv": [3, 10, 4, 11], "texture": "#0"},
				"east": {"uv": [3, 10, 4, 11], "texture": "#0"},
				"south": {"uv": [3, 10, 4, 11], "texture": "#0"},
				"west": {"uv": [3, 10, 4, 11], "texture": "#0"},
				"up": {"uv": [3, 10, 4, 11], "texture": "#0"},
				"down": {"uv": [3, 10, 4, 11], "texture": "#0"}
			}
		},
		{
			"from": [0, 5.7, 1.9],
			"to": [1, 6.7, 2.9],
			"rotation": {"angle": 0, "axis": "y", "origin": [8.5, 7.7, 6.9]},
			"faces": {
				"north": {"uv": [2, 10, 3, 11], "texture": "#0"},
				"east": {"uv": [2, 10, 3, 11], "texture": "#0"},
				"south": {"uv": [2, 10, 3, 11], "texture": "#0"},
				"west": {"uv": [2, 10, 3, 11], "texture": "#0"},
				"up": {"uv": [2, 10, 3, 11], "texture": "#0"},
				"down": {"uv": [2, 10, 3, 11], "texture": "#0"}
			}
		},
		{
			"from": [0, 7.7, 2.9],
			"to": [1, 10.7, 3.9],
			"rotation": {"angle": 0, "axis": "y", "origin": [8.5, 8.7, 7.9]},
			"faces": {
				"north": {"uv": [3, 7, 4, 8], "texture": "#0"},
				"east": {"uv": [3, 7, 4, 8], "texture": "#0"},
				"south": {"uv": [3, 7, 4, 8], "texture": "#0"},
				"west": {"uv": [3, 7, 4, 8], "texture": "#0"},
				"up": {"uv": [3, 7, 4, 8], "texture": "#0"},
				"down": {"uv": [3, 7, 4, 8], "texture": "#0"}
			}
		},
		{
			"from": [15, 7.75, 12],
			"to": [16, 10.75, 13],
			"rotation": {"angle": 0, "axis": "y", "origin": [23.5, 8.75, 17]},
			"faces": {
				"north": {"uv": [3, 7, 4, 8], "texture": "#0"},
				"east": {"uv": [3, 7, 4, 8], "texture": "#0"},
				"south": {"uv": [3, 7, 4, 8], "texture": "#0"},
				"west": {"uv": [3, 7, 4, 8], "texture": "#0"},
				"up": {"uv": [3, 7, 4, 8], "texture": "#0"},
				"down": {"uv": [3, 7, 4, 8], "texture": "#0"}
			}
		},
		{
			"from": [0, 10.45, 2.65],
			"to": [1, 10.7, 2.9],
			"rotation": {"angle": 0, "axis": "y", "origin": [8.5, 9.7, 7.9]},
			"faces": {
				"north": {"uv": [2, 10, 3, 11], "texture": "#0"},
				"east": {"uv": [2, 10, 3, 11], "texture": "#0"},
				"south": {"uv": [2, 10, 3, 11], "texture": "#0"},
				"west": {"uv": [2, 10, 3, 11], "texture": "#0"},
				"up": {"uv": [2, 10, 3, 11], "texture": "#0"},
				"down": {"uv": [2, 10, 3, 11], "texture": "#0"}
			}
		},
		{
			"from": [15, 10.5, 11.75],
			"to": [16, 10.75, 12],
			"rotation": {"angle": 0, "axis": "y", "origin": [23.5, 9.75, 17]},
			"faces": {
				"north": {"uv": [2, 10, 3, 11], "texture": "#0"},
				"east": {"uv": [2, 10, 3, 11], "texture": "#0"},
				"south": {"uv": [2, 10, 3, 11], "texture": "#0"},
				"west": {"uv": [2, 10, 3, 11], "texture": "#0"},
				"up": {"uv": [2, 10, 3, 11], "texture": "#0"},
				"down": {"uv": [2, 10, 3, 11], "texture": "#0"}
			}
		},
		{
			"from": [-0.25, 10.45, 2.9],
			"to": [0, 10.7, 3.9],
			"rotation": {"angle": 0, "axis": "y", "origin": [-0.125, 10.575, 3.4]},
			"faces": {
				"north": {"uv": [2, 10, 3, 11], "texture": "#0"},
				"east": {"uv": [2, 10, 3, 11], "texture": "#0"},
				"south": {"uv": [2, 10, 3, 11], "texture": "#0"},
				"west": {"uv": [2, 10, 3, 11], "texture": "#0"},
				"up": {"uv": [2, 10, 3, 11], "rotation": 270, "texture": "#0"},
				"down": {"uv": [2, 10, 3, 11], "rotation": 90, "texture": "#0"}
			}
		},
		{
			"from": [16, 10.5, 12],
			"to": [16.25, 10.75, 13],
			"rotation": {"angle": 0, "axis": "y", "origin": [16.125, 10.625, 12.5]},
			"faces": {
				"north": {"uv": [2, 10, 3, 11], "texture": "#0"},
				"east": {"uv": [2, 10, 3, 11], "texture": "#0"},
				"south": {"uv": [2, 10, 3, 11], "texture": "#0"},
				"west": {"uv": [2, 10, 3, 11], "texture": "#0"},
				"up": {"uv": [2, 10, 3, 11], "rotation": 270, "texture": "#0"},
				"down": {"uv": [2, 10, 3, 11], "rotation": 90, "texture": "#0"}
			}
		},
		{
			"from": [0, 10.45, 3.9],
			"to": [1, 10.7, 4.15],
			"rotation": {"angle": 0, "axis": "y", "origin": [8.5, 9.7, 9.15]},
			"faces": {
				"north": {"uv": [2, 10, 3, 11], "texture": "#0"},
				"east": {"uv": [2, 10, 3, 11], "texture": "#0"},
				"south": {"uv": [2, 10, 3, 11], "texture": "#0"},
				"west": {"uv": [2, 10, 3, 11], "texture": "#0"},
				"up": {"uv": [2, 10, 3, 11], "texture": "#0"},
				"down": {"uv": [2, 10, 3, 11], "texture": "#0"}
			}
		},
		{
			"from": [15, 10.5, 13],
			"to": [16, 10.75, 13.25],
			"rotation": {"angle": 0, "axis": "y", "origin": [23.5, 9.75, 18.25]},
			"faces": {
				"north": {"uv": [2, 10, 3, 11], "texture": "#0"},
				"east": {"uv": [2, 10, 3, 11], "texture": "#0"},
				"south": {"uv": [2, 10, 3, 11], "texture": "#0"},
				"west": {"uv": [2, 10, 3, 11], "texture": "#0"},
				"up": {"uv": [2, 10, 3, 11], "texture": "#0"},
				"down": {"uv": [2, 10, 3, 11], "texture": "#0"}
			}
		},
		{
			"from": [0, 10.7, 2.9],
			"to": [1, 11.7, 3.9],
			"rotation": {"angle": 0, "axis": "y", "origin": [8.5, 11.7, 7.9]},
			"faces": {
				"north": {"uv": [3, 5, 4, 6], "texture": "#0"},
				"east": {"uv": [3, 5, 4, 6], "texture": "#0"},
				"south": {"uv": [3, 5, 4, 6], "texture": "#0"},
				"west": {"uv": [3, 5, 4, 6], "texture": "#0"},
				"up": {"uv": [3, 5, 4, 6], "texture": "#0"},
				"down": {"uv": [3, 5, 4, 6], "texture": "#0"}
			}
		},
		{
			"from": [15, 10.5, 12],
			"to": [16, 11.5, 13],
			"rotation": {"angle": 0, "axis": "y", "origin": [23.5, 11.5, 17]},
			"faces": {
				"north": {"uv": [3, 5, 4, 6], "texture": "#0"},
				"east": {"uv": [3, 5, 4, 6], "texture": "#0"},
				"south": {"uv": [3, 5, 4, 6], "texture": "#0"},
				"west": {"uv": [3, 5, 4, 6], "texture": "#0"},
				"up": {"uv": [3, 5, 4, 6], "texture": "#0"},
				"down": {"uv": [3, 5, 4, 6], "texture": "#0"}
			}
		},
		{
			"from": [10, 6.65, 0.5],
			"to": [11, 8.65, 1],
			"rotation": {"angle": 0, "axis": "y", "origin": [8, 8.65, 8.75]},
			"faces": {
				"north": {"uv": [5, 8, 6, 10], "texture": "#2"},
				"east": {"uv": [5, 8, 6, 10], "texture": "#2"},
				"south": {"uv": [5, 8, 6, 10], "texture": "#2"},
				"west": {"uv": [5, 8, 6, 10], "texture": "#2"},
				"up": {"uv": [5, 8, 6, 8.5], "texture": "#2"},
				"down": {"uv": [5, 9, 6, 10], "texture": "#2"}
			}
		},
		{
			"from": [12, 6.65, 0.5],
			"to": [13, 8.65, 1],
			"rotation": {"angle": 0, "axis": "y", "origin": [10, 8.65, 8.75]},
			"faces": {
				"north": {"uv": [5, 8, 6, 10], "texture": "#2"},
				"east": {"uv": [5, 8, 6, 10], "texture": "#2"},
				"south": {"uv": [5, 8, 6, 10], "texture": "#2"},
				"west": {"uv": [5, 8, 6, 10], "texture": "#2"},
				"up": {"uv": [5, 8, 6, 8.5], "texture": "#2"},
				"down": {"uv": [5, 9, 6, 10], "texture": "#2"}
			}
		},
		{
			"from": [5, 6, 15],
			"to": [6, 8, 15.5],
			"rotation": {"angle": 0, "axis": "y", "origin": [3, 8, 23.25]},
			"faces": {
				"north": {"uv": [5, 8, 6, 10], "texture": "#2"},
				"east": {"uv": [5, 8, 6, 10], "texture": "#2"},
				"south": {"uv": [5, 8, 6, 10], "texture": "#2"},
				"west": {"uv": [5, 8, 6, 10], "texture": "#2"},
				"up": {"uv": [5, 8, 6, 8.5], "texture": "#2"},
				"down": {"uv": [5, 9, 6, 10], "texture": "#2"}
			}
		},
		{
			"from": [3, 6, 15],
			"to": [4, 8, 15.5],
			"rotation": {"angle": 0, "axis": "y", "origin": [1, 8, 23.25]},
			"faces": {
				"north": {"uv": [5, 8, 6, 10], "texture": "#2"},
				"east": {"uv": [5, 8, 6, 10], "texture": "#2"},
				"south": {"uv": [5, 8, 6, 10], "texture": "#2"},
				"west": {"uv": [5, 8, 6, 10], "texture": "#2"},
				"up": {"uv": [5, 8, 6, 8.5], "texture": "#2"},
				"down": {"uv": [5, 9, 6, 10], "texture": "#2"}
			}
		},
		{
			"from": [11, 8.65, 0.5],
			"to": [12, 9.65, 1],
			"rotation": {"angle": 0, "axis": "y", "origin": [8, 8.65, 8.5]},
			"faces": {
				"north": {"uv": [4, 7, 5, 8], "texture": "#2"},
				"east": {"uv": [4, 7, 5, 8], "texture": "#2"},
				"south": {"uv": [4, 7, 5, 8], "texture": "#2"},
				"west": {"uv": [4, 7, 5, 8], "texture": "#2"},
				"up": {"uv": [4, 7, 5, 8], "texture": "#2"},
				"down": {"uv": [4, 7, 5, 8], "texture": "#2"}
			}
		},
		{
			"from": [4, 8, 15],
			"to": [5, 9, 15.5],
			"rotation": {"angle": 0, "axis": "y", "origin": [1, 8, 23]},
			"faces": {
				"north": {"uv": [4, 7, 5, 8], "texture": "#2"},
				"east": {"uv": [4, 7, 5, 8], "texture": "#2"},
				"south": {"uv": [4, 7, 5, 8], "texture": "#2"},
				"west": {"uv": [4, 7, 5, 8], "texture": "#2"},
				"up": {"uv": [4, 7, 5, 8], "texture": "#2"},
				"down": {"uv": [4, 7, 5, 8], "texture": "#2"}
			}
		},
		{
			"from": [11.6, 8.45, 0.25],
			"to": [11.8, 8.65, 1],
			"rotation": {"angle": 0, "axis": "y", "origin": [8.05, 7.65, 8.5]},
			"faces": {
				"north": {"uv": [0, 8, 1, 9], "texture": "#2"},
				"east": {"uv": [0, 8, 1, 9], "texture": "#2"},
				"south": {"uv": [0, 8, 1, 9], "texture": "#2"},
				"west": {"uv": [0, 8, 1, 9], "texture": "#2"},
				"up": {"uv": [0, 8, 1, 9], "texture": "#2"},
				"down": {"uv": [0, 8, 1, 9], "texture": "#2"}
			}
		},
		{
			"from": [4.6, 7.8, 15],
			"to": [4.8, 8, 15.75],
			"rotation": {"angle": 0, "axis": "y", "origin": [1.05, 7, 23.5]},
			"faces": {
				"north": {"uv": [0, 8, 1, 9], "texture": "#2"},
				"east": {"uv": [0, 8, 1, 9], "texture": "#2"},
				"south": {"uv": [0, 8, 1, 9], "texture": "#2"},
				"west": {"uv": [0, 8, 1, 9], "texture": "#2"},
				"up": {"uv": [0, 8, 1, 9], "texture": "#2"},
				"down": {"uv": [0, 8, 1, 9], "texture": "#2"}
			}
		},
		{
			"from": [11.15, 8.45, 0.25],
			"to": [11.35, 8.65, 1],
			"rotation": {"angle": 0, "axis": "y", "origin": [7.6, 7.65, 8.5]},
			"faces": {
				"north": {"uv": [0, 8, 1, 9], "texture": "#2"},
				"east": {"uv": [0, 8, 1, 9], "texture": "#2"},
				"south": {"uv": [0, 8, 1, 9], "texture": "#2"},
				"west": {"uv": [0, 8, 1, 9], "texture": "#2"},
				"up": {"uv": [0, 8, 1, 9], "texture": "#2"},
				"down": {"uv": [0, 8, 1, 9], "texture": "#2"}
			}
		},
		{
			"from": [4.15, 7.8, 15],
			"to": [4.35, 8, 15.75],
			"rotation": {"angle": 0, "axis": "y", "origin": [0.6, 7, 23.5]},
			"faces": {
				"north": {"uv": [0, 8, 1, 9], "texture": "#2"},
				"east": {"uv": [0, 8, 1, 9], "texture": "#2"},
				"south": {"uv": [0, 8, 1, 9], "texture": "#2"},
				"west": {"uv": [0, 8, 1, 9], "texture": "#2"},
				"up": {"uv": [0, 8, 1, 9], "texture": "#2"},
				"down": {"uv": [0, 8, 1, 9], "texture": "#2"}
			}
		},
		{
			"from": [12, 9.65, 0.5],
			"to": [13, 11.65, 1],
			"rotation": {"angle": 0, "axis": "y", "origin": [8, 8.65, 8.5]},
			"faces": {
				"north": {"uv": [3, 5, 4, 7], "texture": "#2"},
				"east": {"uv": [3, 5, 4, 7], "texture": "#2"},
				"south": {"uv": [3, 5, 4, 7], "texture": "#2"},
				"west": {"uv": [3, 5, 4, 7], "texture": "#2"},
				"up": {"uv": [3, 5, 4, 5.5], "texture": "#2"},
				"down": {"uv": [3, 6, 4, 7], "texture": "#2"}
			}
		},
		{
			"from": [5, 9, 15],
			"to": [6, 11, 15.5],
			"rotation": {"angle": 0, "axis": "y", "origin": [1, 8, 23]},
			"faces": {
				"north": {"uv": [3, 5, 4, 7], "texture": "#2"},
				"east": {"uv": [3, 5, 4, 7], "texture": "#2"},
				"south": {"uv": [3, 5, 4, 7], "texture": "#2"},
				"west": {"uv": [3, 5, 4, 7], "texture": "#2"},
				"up": {"uv": [3, 5, 4, 5.5], "texture": "#2"},
				"down": {"uv": [3, 6, 4, 7], "texture": "#2"}
			}
		},
		{
			"from": [10, 9.65, 0.5],
			"to": [11, 11.65, 1],
			"rotation": {"angle": 0, "axis": "y", "origin": [6, 8.65, 8.5]},
			"faces": {
				"north": {"uv": [3, 5, 4, 7], "texture": "#2"},
				"east": {"uv": [3, 5, 4, 7], "texture": "#2"},
				"south": {"uv": [3, 5, 4, 7], "texture": "#2"},
				"west": {"uv": [3, 5, 4, 7], "texture": "#2"},
				"up": {"uv": [3, 5, 4, 5.5], "texture": "#2"},
				"down": {"uv": [3, 6, 4, 7], "texture": "#2"}
			}
		},
		{
			"from": [3, 9, 15],
			"to": [4, 11, 15.5],
			"rotation": {"angle": 0, "axis": "y", "origin": [-1, 8, 23]},
			"faces": {
				"north": {"uv": [3, 5, 4, 7], "texture": "#2"},
				"east": {"uv": [3, 5, 4, 7], "texture": "#2"},
				"south": {"uv": [3, 5, 4, 7], "texture": "#2"},
				"west": {"uv": [3, 5, 4, 7], "texture": "#2"},
				"up": {"uv": [3, 5, 4, 5.5], "texture": "#2"},
				"down": {"uv": [3, 6, 4, 7], "texture": "#2"}
			}
		},
		{
			"from": [0, 1, 0],
			"to": [1.5, 16, 1.5],
			"rotation": {"angle": 0, "axis": "y", "origin": [1.09865, 11.3, 1.03003]},
			"faces": {
				"north": {"uv": [15, 1, 16, 15], "texture": "#0"},
				"east": {"uv": [15, 1, 16, 15], "texture": "#0"},
				"south": {"uv": [15, 1, 16, 15], "texture": "#0"},
				"west": {"uv": [15, 1, 16, 15], "texture": "#0"},
				"up": {"uv": [15, 1, 16, 15], "rotation": 90, "texture": "#0"},
				"down": {"uv": [15, 1, 16, 15], "rotation": 270, "texture": "#0"}
			}
		},
		{
			"from": [14.5, 1, 0],
			"to": [16, 16, 1.5],
			"rotation": {"angle": 0, "axis": "y", "origin": [15.59865, 11.3, 1.03003]},
			"faces": {
				"north": {"uv": [15, 1, 16, 15], "texture": "#0"},
				"east": {"uv": [15, 1, 16, 15], "texture": "#0"},
				"south": {"uv": [15, 1, 16, 15], "texture": "#0"},
				"west": {"uv": [15, 1, 16, 15], "texture": "#0"},
				"up": {"uv": [15, 1, 16, 15], "rotation": 90, "texture": "#0"},
				"down": {"uv": [15, 1, 16, 15], "rotation": 270, "texture": "#0"}
			}
		},
		{
			"from": [0, 1, 14.5],
			"to": [1.5, 16, 16],
			"rotation": {"angle": 0, "axis": "y", "origin": [1.09865, 11.3, 15.53003]},
			"faces": {
				"north": {"uv": [15, 1, 16, 15], "texture": "#0"},
				"east": {"uv": [15, 1, 16, 15], "texture": "#0"},
				"south": {"uv": [15, 1, 16, 15], "texture": "#0"},
				"west": {"uv": [15, 1, 16, 15], "texture": "#0"},
				"up": {"uv": [15, 1, 16, 15], "rotation": 90, "texture": "#0"},
				"down": {"uv": [15, 1, 16, 15], "rotation": 270, "texture": "#0"}
			}
		},
		{
			"from": [14.5, 1, 14.5],
			"to": [16, 16, 16],
			"rotation": {"angle": 0, "axis": "y", "origin": [15.59865, 11.3, 15.53003]},
			"faces": {
				"north": {"uv": [15, 1, 16, 15], "texture": "#0"},
				"east": {"uv": [15, 1, 16, 15], "texture": "#0"},
				"south": {"uv": [15, 1, 16, 15], "texture": "#0"},
				"west": {"uv": [15, 1, 16, 15], "texture": "#0"},
				"up": {"uv": [15, 1, 16, 15], "rotation": 90, "texture": "#0"},
				"down": {"uv": [15, 1, 16, 15], "rotation": 270, "texture": "#0"}
			}
		},
		{
			"from": [3.11428, 15, 0.00178],
			"to": [12.61428, 16, 1.05178],
			"rotation": {"angle": 0, "axis": "y", "origin": [7.86428, 8, 8.00178]},
			"faces": {
				"north": {"uv": [15, 1, 16, 15], "texture": "#0"},
				"east": {"uv": [15, 1, 16, 15], "texture": "#0"},
				"south": {"uv": [15, 1, 16, 15], "texture": "#0"},
				"west": {"uv": [15, 1, 16, 15], "texture": "#0"},
				"up": {"uv": [15, 1, 16, 15], "texture": "#0"},
				"down": {"uv": [15, 1, 16, 15], "texture": "#0"}
			}
		},
		{
			"from": [14.9427, 15, 3.1302],
			"to": [15.9927, 16, 12.6302],
			"rotation": {"angle": 0, "axis": "y", "origin": [14.39247, 15.5, 7.96859]},
			"faces": {
				"north": {"uv": [15, 1, 16, 15], "texture": "#0"},
				"east": {"uv": [15, 1, 16, 15], "texture": "#0"},
				"south": {"uv": [15, 1, 16, 15], "texture": "#0"},
				"west": {"uv": [15, 1, 16, 15], "texture": "#0"},
				"up": {"uv": [15, 1, 16, 15], "rotation": 90, "texture": "#0"},
				"down": {"uv": [15, 1, 16, 15], "rotation": 270, "texture": "#0"}
			}
		},
		{
			"from": [3.11428, 15, 14.95863],
			"to": [12.61428, 16, 16.00863],
			"rotation": {"angle": 0, "axis": "y", "origin": [7.77589, 15.5, 14.4084]},
			"faces": {
				"north": {"uv": [15, 1, 16, 15], "texture": "#0"},
				"east": {"uv": [15, 1, 16, 15], "texture": "#0"},
				"south": {"uv": [15, 1, 16, 15], "texture": "#0"},
				"west": {"uv": [15, 1, 16, 15], "texture": "#0"},
				"up": {"uv": [15, 1, 16, 15], "rotation": 180, "texture": "#0"},
				"down": {"uv": [15, 1, 16, 15], "rotation": 180, "texture": "#0"}
			}
		},
		{
			"from": [-0.01415, 15, 3.1302],
			"to": [1.03585, 16, 12.6302],
			"rotation": {"angle": 0, "axis": "y", "origin": [1.58608, 15.5, 7.79182]},
			"faces": {
				"north": {"uv": [15, 1, 16, 15], "texture": "#0"},
				"east": {"uv": [15, 1, 16, 15], "texture": "#0"},
				"south": {"uv": [15, 1, 16, 15], "texture": "#0"},
				"west": {"uv": [15, 1, 16, 15], "texture": "#0"},
				"up": {"uv": [15, 1, 16, 15], "rotation": 270, "texture": "#0"},
				"down": {"uv": [15, 1, 16, 15], "rotation": 90, "texture": "#0"}
			}
		},
		{
			"from": [7, 1, 0.5],
			"to": [9, 15, 1],
			"faces": {
				"north": {"uv": [8, 4, 9, 15], "texture": "#0"},
				"east": {"uv": [8, 4, 9, 15], "texture": "#0"},
				"south": {"uv": [8, 4, 9, 15], "texture": "#0"},
				"west": {"uv": [8, 4, 9, 15], "texture": "#0"},
				"up": {"uv": [7, 4, 9, 5], "texture": "#0"},
				"down": {"uv": [8, 4, 9, 15], "texture": "#0"}
			}
		},
		{
			"from": [15.0047, 1, 6.9953],
			"to": [15.5047, 15, 8.9953],
			"rotation": {"angle": 0, "axis": "y", "origin": [8.0047, 11.72263, 8]},
			"faces": {
				"north": {"uv": [8, 4, 9, 15], "texture": "#0"},
				"east": {"uv": [8, 4, 9, 15], "texture": "#0"},
				"south": {"uv": [8, 4, 9, 15], "texture": "#0"},
				"west": {"uv": [8, 4, 9, 15], "texture": "#0"},
				"up": {"uv": [7, 4, 9, 5], "rotation": 90, "texture": "#0"},
				"down": {"uv": [8, 4, 9, 15], "rotation": 270, "texture": "#0"}
			}
		},
		{
			"from": [7, 1, 15],
			"to": [9, 15, 15.5],
			"rotation": {"angle": 0, "axis": "y", "origin": [8, 8, 22.5]},
			"faces": {
				"north": {"uv": [8, 4, 9, 15], "texture": "#0"},
				"east": {"uv": [8, 4, 9, 15], "texture": "#0"},
				"south": {"uv": [8, 4, 9, 15], "texture": "#0"},
				"west": {"uv": [8, 4, 9, 15], "texture": "#0"},
				"up": {"uv": [7, 4, 9, 5], "texture": "#0"},
				"down": {"uv": [8, 4, 9, 15], "texture": "#0"}
			}
		},
		{
			"from": [0.5047, 1, 6.9953],
			"to": [1.0047, 15, 8.9953],
			"rotation": {"angle": 0, "axis": "y", "origin": [8.0047, 11.72263, 8]},
			"faces": {
				"north": {"uv": [8, 4, 9, 15], "texture": "#0"},
				"east": {"uv": [8, 4, 9, 15], "texture": "#0"},
				"south": {"uv": [8, 4, 9, 15], "texture": "#0"},
				"west": {"uv": [8, 4, 9, 15], "texture": "#0"},
				"up": {"uv": [7, 4, 9, 5], "rotation": 90, "texture": "#0"},
				"down": {"uv": [8, 4, 9, 15], "rotation": 270, "texture": "#0"}
			}
		},
		{
			"from": [4.125, 14.875, 0.5],
			"to": [9.625, 15.875, 1],
			"rotation": {"angle": -45, "axis": "z", "origin": [4.125, 15.875, 0.5]},
			"faces": {
				"north": {"uv": [7, 2, 9, 6], "rotation": 90, "texture": "#0"},
				"east": {"uv": [7, 2, 9, 6], "rotation": 90, "texture": "#0"},
				"south": {"uv": [7, 2, 9, 6], "rotation": 90, "texture": "#0"},
				"west": {"uv": [7, 2, 9, 6], "rotation": 90, "texture": "#0"},
				"up": {"uv": [7, 3, 9, 7], "rotation": 90, "texture": "#0"},
				"down": {"uv": [7, 2, 9, 6], "rotation": 90, "texture": "#0"}
			}
		},
		{
			"from": [15.0047, 10.91544, 2.32047],
			"to": [15.5047, 11.91544, 7.82047],
			"rotation": {"angle": 45, "axis": "x", "origin": [8.0047, 11.72263, 8]},
			"faces": {
				"north": {"uv": [7, 2, 9, 6], "rotation": 90, "texture": "#0"},
				"east": {"uv": [7, 2, 9, 6], "rotation": 90, "texture": "#0"},
				"south": {"uv": [7, 2, 9, 6], "rotation": 90, "texture": "#0"},
				"west": {"uv": [7, 2, 9, 6], "rotation": 90, "texture": "#0"},
				"up": {"uv": [7, 3, 9, 7], "rotation": 180, "texture": "#0"},
				"down": {"uv": [7, 2, 9, 6], "texture": "#0"}
			}
		},
		{
			"from": [4.125, 14.875, 15],
			"to": [9.625, 15.875, 15.5],
			"rotation": {"angle": -45, "axis": "z", "origin": [4.125, 15.875, 15]},
			"faces": {
				"north": {"uv": [7, 2, 9, 6], "rotation": 90, "texture": "#0"},
				"east": {"uv": [7, 2, 9, 6], "rotation": 90, "texture": "#0"},
				"south": {"uv": [7, 2, 9, 6], "rotation": 90, "texture": "#0"},
				"west": {"uv": [7, 2, 9, 6], "rotation": 90, "texture": "#0"},
				"up": {"uv": [7, 2, 9, 6], "rotation": 90, "texture": "#0"},
				"down": {"uv": [7, 2, 9, 6], "rotation": 90, "texture": "#0"}
			}
		},
		{
			"from": [0.5047, 10.91544, 2.32047],
			"to": [1.0047, 11.91544, 7.82047],
			"rotation": {"angle": 45, "axis": "x", "origin": [8.0047, 11.72263, 8]},
			"faces": {
				"north": {"uv": [7, 2, 9, 6], "rotation": 90, "texture": "#0"},
				"east": {"uv": [7, 2, 9, 6], "rotation": 90, "texture": "#0"},
				"south": {"uv": [7, 2, 9, 6], "rotation": 90, "texture": "#0"},
				"west": {"uv": [7, 2, 9, 6], "rotation": 90, "texture": "#0"},
				"up": {"uv": [7, 2, 9, 6], "rotation": 180, "texture": "#0"},
				"down": {"uv": [7, 2, 9, 6], "texture": "#0"}
			}
		},
		{
			"from": [8, 11, 0.5],
			"to": [13.5, 12, 1],
			"rotation": {"angle": 45, "axis": "z", "origin": [8, 12, 0.5]},
			"faces": {
				"north": {"uv": [7, 2, 9, 6], "rotation": 270, "texture": "#0"},
				"east": {"uv": [7, 2, 9, 6], "rotation": 270, "texture": "#0"},
				"south": {"uv": [7, 2, 9, 6], "rotation": 270, "texture": "#0"},
				"west": {"uv": [7, 2, 9, 6], "rotation": 270, "texture": "#0"},
				"up": {"uv": [7, 1, 9, 5], "rotation": 270, "texture": "#0"},
				"down": {"uv": [7, 2, 9, 6], "rotation": 270, "texture": "#0"}
			}
		},
		{
			"from": [15.0047, 10.92208, 8.19281],
			"to": [15.5047, 11.92208, 13.69281],
			"rotation": {"angle": -45, "axis": "x", "origin": [8.0047, 11.72263, 8]},
			"faces": {
				"north": {"uv": [7, 2, 9, 6], "rotation": 270, "texture": "#0"},
				"east": {"uv": [7, 2, 9, 6], "rotation": 270, "texture": "#0"},
				"south": {"uv": [7, 2, 9, 6], "rotation": 270, "texture": "#0"},
				"west": {"uv": [7, 2, 9, 6], "rotation": 270, "texture": "#0"},
				"up": {"uv": [7, 1, 9, 5], "texture": "#0"},
				"down": {"uv": [7, 2, 9, 6], "rotation": 180, "texture": "#0"}
			}
		},
		{
			"from": [8, 11, 15],
			"to": [13.5, 12, 15.5],
			"rotation": {"angle": 45, "axis": "z", "origin": [8, 12, 15]},
			"faces": {
				"north": {"uv": [7, 2, 9, 6], "rotation": 270, "texture": "#0"},
				"east": {"uv": [7, 2, 9, 6], "rotation": 270, "texture": "#0"},
				"south": {"uv": [7, 2, 9, 6], "rotation": 270, "texture": "#0"},
				"west": {"uv": [7, 2, 9, 6], "rotation": 270, "texture": "#0"},
				"up": {"uv": [7, 2, 9, 6], "rotation": 270, "texture": "#0"},
				"down": {"uv": [7, 2, 9, 6], "rotation": 270, "texture": "#0"}
			}
		},
		{
			"from": [1.0047, 10.92208, 8.19281],
			"to": [1.0047, 11.92208, 13.69281],
			"rotation": {"angle": -45, "axis": "x", "origin": [8.0047, 11.72263, 8]},
			"faces": {
				"north": {"uv": [7, 2, 9, 6], "rotation": 270, "texture": "#0"},
				"east": {"uv": [7, 2, 9, 6], "rotation": 270, "texture": "#0"},
				"south": {"uv": [7, 2, 9, 6], "rotation": 270, "texture": "#0"},
				"west": {"uv": [7, 2, 9, 6], "rotation": 270, "texture": "#0"},
				"up": {"uv": [7, 2, 9, 6], "texture": "#0"},
				"down": {"uv": [7, 2, 9, 6], "rotation": 180, "texture": "#0"}
			}
		},
		{
			"from": [0, 0, 0],
			"to": [16, 1, 16],
			"faces": {
				"north": {"uv": [15, 1, 16, 5], "texture": "#2"},
				"east": {"uv": [15, 1, 16, 5], "texture": "#2"},
				"south": {"uv": [15, 1, 16, 5], "texture": "#2"},
				"west": {"uv": [15, 1, 16, 5], "texture": "#2"},
				"up": {"uv": [15, 1, 16, 5], "texture": "#2"},
				"down": {"uv": [15, 1, 16, 5], "texture": "#2"}
			}
		},
		{
			"from": [1.35, 1, 0.75],
			"to": [7, 1.9, 1],
			"rotation": {"angle": 0, "axis": "y", "origin": [9, 9, 8]},
			"faces": {
				"north": {"uv": [9, 15, 14.65, 15.9], "texture": "#2"},
				"east": {"uv": [9, 15, 9.15, 15.9], "texture": "#2"},
				"south": {"uv": [9, 15, 15, 16], "texture": "#2"},
				"west": {"uv": [13, 15, 13, 16], "texture": "#2"},
				"up": {"uv": [9, 15, 14.65, 15.25], "texture": "#2"},
				"down": {"uv": [9, 15, 14.65, 15.15], "texture": "#2"}
			}
		},
		{
			"from": [1.35, 1, 0.75],
			"to": [7, 1.9, 1],
			"rotation": {"angle": 0, "axis": "y", "origin": [9, 9, 8]},
			"faces": {
				"north": {"uv": [9, 15, 14.65, 15.9], "texture": "#2"},
				"east": {"uv": [9, 15, 9.15, 15.9], "texture": "#2"},
				"south": {"uv": [9, 15, 15, 16], "texture": "#2"},
				"west": {"uv": [13, 15, 13, 16], "texture": "#2"},
				"up": {"uv": [9, 16, 15, 16], "texture": "#2"},
				"down": {"uv": [9, 15, 14.65, 15.15], "texture": "#2"}
			}
		},
		{
			"from": [1.35, 1, 15],
			"to": [7, 1.9, 15.25],
			"rotation": {"angle": 0, "axis": "y", "origin": [9, 9, 22.25]},
			"faces": {
				"north": {"uv": [9, 15, 14.65, 15.9], "texture": "#2"},
				"east": {"uv": [9, 15, 9.15, 15.9], "texture": "#2"},
				"south": {"uv": [1, 15, 7, 16], "texture": "#2"},
				"west": {"uv": [13, 15, 13, 16], "texture": "#2"},
				"up": {"uv": [9, 15, 14.65, 15.25], "texture": "#2"},
				"down": {"uv": [9, 15, 14.65, 15.15], "texture": "#2"}
			}
		},
		{
			"from": [1.35, 4.95, 0.75],
			"to": [7, 5.85, 1],
			"rotation": {"angle": 0, "axis": "y", "origin": [9, 12.95, 8]},
			"faces": {
				"north": {"uv": [9, 11, 15, 12], "texture": "#2"},
				"east": {"uv": [9, 15, 9.15, 15.9], "texture": "#2"},
				"south": {"uv": [9, 15, 15, 16], "texture": "#2"},
				"west": {"uv": [13, 15, 13, 16], "texture": "#2"},
				"up": {"uv": [9, 15, 14.65, 15.25], "texture": "#2"},
				"down": {"uv": [9, 15, 14.65, 15.15], "texture": "#2"}
			}
		},
		{
			"from": [1.35, 4.5, 15],
			"to": [7, 5.4, 15.25],
			"rotation": {"angle": 0, "axis": "y", "origin": [9, 12.5, 22.25]},
			"faces": {
				"north": {"uv": [9, 11, 15, 12], "texture": "#2"},
				"east": {"uv": [9, 15, 9.15, 15.9], "texture": "#2"},
				"south": {"uv": [1, 11, 7, 12], "texture": "#2"},
				"west": {"uv": [13, 15, 13, 16], "texture": "#2"},
				"up": {"uv": [9, 15, 14.65, 15.25], "texture": "#2"},
				"down": {"uv": [9, 15, 14.65, 15.15], "texture": "#2"}
			}
		},
		{
			"from": [1.35, 8.65, 0.75],
			"to": [7, 9.55, 1],
			"rotation": {"angle": 0, "axis": "y", "origin": [9, 16.65, 8]},
			"faces": {
				"north": {"uv": [9, 7, 15, 8], "texture": "#2"},
				"east": {"uv": [9, 15, 9.15, 15.9], "texture": "#2"},
				"south": {"uv": [9, 15, 15, 16], "texture": "#2"},
				"west": {"uv": [13, 15, 13, 16], "texture": "#2"},
				"up": {"uv": [9, 15, 14.65, 15.25], "texture": "#2"},
				"down": {"uv": [9, 15, 14.65, 15.15], "texture": "#2"}
			}
		},
		{
			"from": [8.85, 8, 15],
			"to": [14.5, 8.9, 15.25],
			"rotation": {"angle": 0, "axis": "y", "origin": [16.5, 16, 22.25]},
			"faces": {
				"north": {"uv": [9, 7, 15, 8], "texture": "#2"},
				"east": {"uv": [9, 15, 9.15, 15.9], "texture": "#2"},
				"south": {"uv": [9, 7, 15, 8], "texture": "#2"},
				"west": {"uv": [13, 15, 13, 16], "texture": "#2"},
				"up": {"uv": [9, 15, 14.65, 15.25], "texture": "#2"},
				"down": {"uv": [9, 15, 14.65, 15.15], "texture": "#2"}
			}
		},
		{
			"from": [1.35, 11.5, 0.75],
			"to": [7, 12.4, 1],
			"rotation": {"angle": 0, "axis": "y", "origin": [9, 19.5, 8]},
			"faces": {
				"north": {"uv": [9, 3, 15, 4], "texture": "#2"},
				"east": {"uv": [9, 15, 9.15, 15.9], "texture": "#2"},
				"south": {"uv": [9, 15, 15, 16], "texture": "#2"},
				"west": {"uv": [13, 15, 13, 16], "texture": "#2"},
				"up": {"uv": [9, 15, 14.65, 15.25], "texture": "#2"},
				"down": {"uv": [9, 15, 14.65, 15.15], "texture": "#2"}
			}
		},
		{
			"from": [1.35, 11.5, 15],
			"to": [7, 12.4, 15.25],
			"rotation": {"angle": 0, "axis": "y", "origin": [9, 19.5, 22.25]},
			"faces": {
				"north": {"uv": [9, 3, 15, 4], "texture": "#2"},
				"east": {"uv": [9, 15, 9.15, 15.9], "texture": "#2"},
				"south": {"uv": [1, 3, 7, 4], "texture": "#2"},
				"west": {"uv": [13, 15, 13, 16], "texture": "#2"},
				"up": {"uv": [9, 15, 14.65, 15.25], "texture": "#2"},
				"down": {"uv": [9, 15, 14.65, 15.15], "texture": "#2"}
			}
		},
		{
			"from": [8.85, 1, 0.75],
			"to": [14.5, 1.9, 1],
			"rotation": {"angle": 0, "axis": "y", "origin": [16.5, 9, 8]},
			"faces": {
				"north": {"uv": [1, 15, 7, 16], "texture": "#2"},
				"east": {"uv": [9, 15, 9.15, 15.9], "texture": "#2"},
				"south": {"uv": [9, 15, 15, 16], "texture": "#2"},
				"west": {"uv": [13, 15, 13, 16], "texture": "#2"},
				"up": {"uv": [9, 15, 14.65, 15.25], "texture": "#2"},
				"down": {"uv": [9, 15, 14.65, 15.15], "texture": "#2"}
			}
		},
		{
			"from": [14.95, 1, 1.35],
			"to": [15.2, 1.95, 7],
			"rotation": {"angle": 0, "axis": "y", "origin": [15.075, 1.45, 4.175]},
			"faces": {
				"north": {"uv": [13, 15, 13, 16], "texture": "#2"},
				"east": {"uv": [9, 15, 15, 16], "texture": "#2"},
				"south": {"uv": [9, 15, 9.15, 15.9], "texture": "#2"},
				"west": {"uv": [9, 15, 15, 16], "texture": "#2"},
				"up": {"uv": [9, 15, 14.65, 15.25], "rotation": 90, "texture": "#2"},
				"down": {"uv": [9, 15, 14.65, 15.15], "rotation": 270, "texture": "#2"}
			}
		},
		{
			"from": [0.7, 1, 1.35],
			"to": [0.95, 1.95, 7],
			"rotation": {"angle": 0, "axis": "y", "origin": [0.825, 1.45, 4.175]},
			"faces": {
				"north": {"uv": [13, 15, 13, 16], "texture": "#2"},
				"east": {"uv": [9, 15, 15, 16], "texture": "#2"},
				"south": {"uv": [9, 15, 9.15, 15.9], "texture": "#2"},
				"west": {"uv": [9, 15, 15, 16], "texture": "#2"},
				"up": {"uv": [9, 15, 14.65, 15.25], "rotation": 90, "texture": "#2"},
				"down": {"uv": [9, 15, 14.65, 15.15], "rotation": 270, "texture": "#2"}
			}
		},
		{
			"from": [14.95, 1, 8.85],
			"to": [15.2, 1.95, 14.5],
			"rotation": {"angle": 0, "axis": "y", "origin": [15.075, 1.45, 11.675]},
			"faces": {
				"north": {"uv": [13, 15, 13, 16], "texture": "#2"},
				"east": {"uv": [1, 15, 7, 16], "texture": "#2"},
				"south": {"uv": [9, 15, 9.15, 15.9], "texture": "#2"},
				"west": {"uv": [9, 15, 15, 16], "texture": "#2"},
				"up": {"uv": [9, 15, 14.65, 15.25], "rotation": 90, "texture": "#2"},
				"down": {"uv": [9, 15, 14.65, 15.15], "rotation": 270, "texture": "#2"}
			}
		},
		{
			"from": [0.7, 1, 8.85],
			"to": [0.95, 1.95, 14.5],
			"rotation": {"angle": 0, "axis": "y", "origin": [0.825, 1.45, 11.675]},
			"faces": {
				"north": {"uv": [13, 15, 13, 16], "texture": "#2"},
				"east": {"uv": [1, 15, 7, 16], "texture": "#2"},
				"south": {"uv": [9, 15, 9.15, 15.9], "texture": "#2"},
				"west": {"uv": [9, 15, 15, 16], "texture": "#2"},
				"up": {"uv": [9, 15, 14.65, 15.25], "rotation": 90, "texture": "#2"},
				"down": {"uv": [9, 15, 14.65, 15.15], "rotation": 270, "texture": "#2"}
			}
		},
		{
			"from": [14.95, 8.6, 8.85],
			"to": [15.2, 9.55, 14.5],
			"rotation": {"angle": 0, "axis": "y", "origin": [15.075, 9.05, 11.675]},
			"faces": {
				"north": {"uv": [13, 15, 13, 16], "texture": "#2"},
				"east": {"uv": [1, 11, 7, 12], "texture": "#2"},
				"south": {"uv": [9, 15, 9.15, 15.9], "texture": "#2"},
				"west": {"uv": [9, 15, 15, 16], "texture": "#2"},
				"up": {"uv": [9, 15, 14.65, 15.25], "rotation": 90, "texture": "#2"},
				"down": {"uv": [9, 15, 14.65, 15.15], "rotation": 270, "texture": "#2"}
			}
		},
		{
			"from": [0.7, 8.6, 8.85],
			"to": [0.95, 9.55, 14.5],
			"rotation": {"angle": 0, "axis": "y", "origin": [0.825, 9.05, 11.675]},
			"faces": {
				"north": {"uv": [13, 15, 13, 16], "texture": "#2"},
				"east": {"uv": [1, 11, 7, 12], "texture": "#2"},
				"south": {"uv": [9, 15, 9.15, 15.9], "texture": "#2"},
				"west": {"uv": [9, 15, 15, 16], "texture": "#2"},
				"up": {"uv": [9, 15, 14.65, 15.25], "rotation": 90, "texture": "#2"},
				"down": {"uv": [9, 15, 14.65, 15.15], "rotation": 270, "texture": "#2"}
			}
		},
		{
			"from": [14.95, 11.55, 8.85],
			"to": [15.2, 12.5, 14.5],
			"rotation": {"angle": 0, "axis": "y", "origin": [15.075, 12, 11.675]},
			"faces": {
				"north": {"uv": [13, 15, 13, 16], "texture": "#2"},
				"east": {"uv": [1, 3, 7, 4], "texture": "#2"},
				"south": {"uv": [9, 15, 9.15, 15.9], "texture": "#2"},
				"west": {"uv": [9, 15, 15, 16], "texture": "#2"},
				"up": {"uv": [9, 15, 14.65, 15.25], "rotation": 90, "texture": "#2"},
				"down": {"uv": [9, 15, 14.65, 15.15], "rotation": 270, "texture": "#2"}
			}
		},
		{
			"from": [0.7, 11.55, 8.85],
			"to": [0.95, 12.5, 14.5],
			"rotation": {"angle": 0, "axis": "y", "origin": [0.825, 12, 11.675]},
			"faces": {
				"north": {"uv": [13, 15, 13, 16], "texture": "#2"},
				"east": {"uv": [1, 3, 7, 4], "texture": "#2"},
				"south": {"uv": [9, 15, 9.15, 15.9], "texture": "#2"},
				"west": {"uv": [9, 15, 15, 16], "texture": "#2"},
				"up": {"uv": [9, 15, 14.65, 15.25], "rotation": 90, "texture": "#2"},
				"down": {"uv": [9, 15, 14.65, 15.15], "rotation": 270, "texture": "#2"}
			}
		},
		{
			"from": [14.95, 4.8, 8.85],
			"to": [15.2, 5.75, 14.5],
			"rotation": {"angle": 0, "axis": "y", "origin": [15.075, 5.25, 11.675]},
			"faces": {
				"north": {"uv": [13, 15, 13, 16], "texture": "#2"},
				"east": {"uv": [1, 11, 7, 12], "texture": "#2"},
				"south": {"uv": [9, 15, 9.15, 15.9], "texture": "#2"},
				"west": {"uv": [9, 15, 15, 16], "texture": "#2"},
				"up": {"uv": [9, 15, 14.65, 15.25], "rotation": 90, "texture": "#2"},
				"down": {"uv": [9, 15, 14.65, 15.15], "rotation": 270, "texture": "#2"}
			}
		},
		{
			"from": [0.7, 4.8, 8.85],
			"to": [0.95, 5.75, 14.5],
			"rotation": {"angle": 0, "axis": "y", "origin": [0.825, 5.25, 11.675]},
			"faces": {
				"north": {"uv": [13, 15, 13, 16], "texture": "#2"},
				"east": {"uv": [1, 11, 7, 12], "texture": "#2"},
				"south": {"uv": [9, 15, 9.15, 15.9], "texture": "#2"},
				"west": {"uv": [9, 15, 15, 16], "texture": "#2"},
				"up": {"uv": [9, 15, 14.65, 15.25], "rotation": 90, "texture": "#2"},
				"down": {"uv": [9, 15, 14.65, 15.15], "rotation": 270, "texture": "#2"}
			}
		},
		{
			"from": [14.95, 4.85, 1.35],
			"to": [15.2, 5.8, 7],
			"rotation": {"angle": 0, "axis": "y", "origin": [15.075, 5.3, 4.175]},
			"faces": {
				"north": {"uv": [13, 15, 13, 16], "texture": "#2"},
				"east": {"uv": [9, 11, 15, 12], "texture": "#2"},
				"south": {"uv": [9, 15, 9.15, 15.9], "texture": "#2"},
				"west": {"uv": [9, 15, 15, 16], "texture": "#2"},
				"up": {"uv": [9, 15, 14.65, 15.25], "rotation": 90, "texture": "#2"},
				"down": {"uv": [9, 15, 14.65, 15.15], "rotation": 270, "texture": "#2"}
			}
		},
		{
			"from": [0.7, 4.85, 1.35],
			"to": [0.95, 5.8, 7],
			"rotation": {"angle": 0, "axis": "y", "origin": [0.825, 5.3, 4.175]},
			"faces": {
				"north": {"uv": [13, 15, 13, 16], "texture": "#2"},
				"east": {"uv": [9, 11, 15, 12], "texture": "#2"},
				"south": {"uv": [9, 15, 9.15, 15.9], "texture": "#2"},
				"west": {"uv": [9, 15, 15, 16], "texture": "#2"},
				"up": {"uv": [9, 15, 14.65, 15.25], "rotation": 90, "texture": "#2"},
				"down": {"uv": [9, 15, 14.65, 15.15], "rotation": 270, "texture": "#2"}
			}
		},
		{
			"from": [14.95, 8.6, 1.35],
			"to": [15.2, 9.55, 7],
			"rotation": {"angle": 0, "axis": "y", "origin": [15.075, 9.05, 4.175]},
			"faces": {
				"north": {"uv": [13, 15, 13, 16], "texture": "#2"},
				"east": {"uv": [9, 15, 15, 16], "texture": "#2"},
				"south": {"uv": [9, 15, 9.15, 15.9], "texture": "#2"},
				"west": {"uv": [9, 15, 15, 16], "texture": "#2"},
				"up": {"uv": [9, 15, 14.65, 15.25], "rotation": 90, "texture": "#2"},
				"down": {"uv": [9, 15, 14.65, 15.15], "rotation": 270, "texture": "#2"}
			}
		},
		{
			"from": [0.7, 8.6, 1.35],
			"to": [0.95, 9.55, 7],
			"rotation": {"angle": 0, "axis": "y", "origin": [0.825, 9.05, 4.175]},
			"faces": {
				"north": {"uv": [13, 15, 13, 16], "texture": "#2"},
				"east": {"uv": [9, 15, 15, 16], "texture": "#2"},
				"south": {"uv": [9, 15, 9.15, 15.9], "texture": "#2"},
				"west": {"uv": [9, 15, 15, 16], "texture": "#2"},
				"up": {"uv": [9, 15, 14.65, 15.25], "rotation": 90, "texture": "#2"},
				"down": {"uv": [9, 15, 14.65, 15.15], "rotation": 270, "texture": "#2"}
			}
		},
		{
			"from": [14.95, 11.55, 1.35],
			"to": [15.2, 12.5, 7],
			"rotation": {"angle": 0, "axis": "y", "origin": [15.075, 12, 4.175]},
			"faces": {
				"north": {"uv": [13, 15, 13, 16], "texture": "#2"},
				"east": {"uv": [9, 3, 15, 4], "texture": "#2"},
				"south": {"uv": [9, 15, 9.15, 15.9], "texture": "#2"},
				"west": {"uv": [9, 15, 15, 16], "texture": "#2"},
				"up": {"uv": [9, 15, 14.65, 15.25], "rotation": 90, "texture": "#2"},
				"down": {"uv": [9, 15, 14.65, 15.15], "rotation": 270, "texture": "#2"}
			}
		},
		{
			"from": [0.7, 11.55, 1.35],
			"to": [0.95, 12.5, 7],
			"rotation": {"angle": 0, "axis": "y", "origin": [0.825, 12, 4.175]},
			"faces": {
				"north": {"uv": [13, 15, 13, 16], "texture": "#2"},
				"east": {"uv": [9, 3, 15, 4], "texture": "#2"},
				"south": {"uv": [9, 15, 9.15, 15.9], "texture": "#2"},
				"west": {"uv": [9, 15, 15, 16], "texture": "#2"},
				"up": {"uv": [9, 15, 14.65, 15.25], "rotation": 90, "texture": "#2"},
				"down": {"uv": [9, 15, 14.65, 15.15], "rotation": 270, "texture": "#2"}
			}
		},
		{
			"from": [8.85, 1, 0.75],
			"to": [14.5, 1.9, 1],
			"rotation": {"angle": 0, "axis": "y", "origin": [16.5, 9, 8]},
			"faces": {
				"north": {"uv": [1, 15, 7, 16], "texture": "#2"},
				"east": {"uv": [9, 15, 9.15, 15.9], "texture": "#2"},
				"south": {"uv": [9, 15, 15, 16], "texture": "#2"},
				"west": {"uv": [13, 15, 13, 16], "texture": "#2"},
				"up": {"uv": [9, 16, 15, 16], "texture": "#2"},
				"down": {"uv": [9, 15, 14.65, 15.15], "texture": "#2"}
			}
		},
		{
			"from": [8.85, 1, 15],
			"to": [14.5, 1.9, 15.25],
			"rotation": {"angle": 0, "axis": "y", "origin": [16.5, 9, 22.25]},
			"faces": {
				"north": {"uv": [1, 15, 7, 16], "texture": "#2"},
				"east": {"uv": [9, 15, 9.15, 15.9], "texture": "#2"},
				"south": {"uv": [9, 15, 15, 16], "texture": "#2"},
				"west": {"uv": [13, 15, 13, 16], "texture": "#2"},
				"up": {"uv": [9, 15, 14.65, 15.25], "texture": "#2"},
				"down": {"uv": [9, 15, 14.65, 15.15], "texture": "#2"}
			}
		},
		{
			"from": [8.85, 4.95, 0.75],
			"to": [14.5, 5.85, 1],
			"rotation": {"angle": 0, "axis": "y", "origin": [16.5, 12.95, 8]},
			"faces": {
				"north": {"uv": [1, 11, 7, 12], "texture": "#2"},
				"east": {"uv": [9, 15, 9.15, 15.9], "texture": "#2"},
				"south": {"uv": [9, 15, 15, 16], "texture": "#2"},
				"west": {"uv": [13, 15, 13, 16], "texture": "#2"},
				"up": {"uv": [9, 15, 14.65, 15.25], "texture": "#2"},
				"down": {"uv": [9, 15, 14.65, 15.15], "texture": "#2"}
			}
		},
		{
			"from": [8.85, 4.5, 15],
			"to": [14.5, 5.4, 15.25],
			"rotation": {"angle": 0, "axis": "y", "origin": [16.5, 12.5, 22.25]},
			"faces": {
				"north": {"uv": [1, 11, 7, 12], "texture": "#2"},
				"east": {"uv": [9, 15, 9.15, 15.9], "texture": "#2"},
				"south": {"uv": [9, 11, 15, 12], "texture": "#2"},
				"west": {"uv": [13, 15, 13, 16], "texture": "#2"},
				"up": {"uv": [9, 15, 14.65, 15.25], "texture": "#2"},
				"down": {"uv": [9, 15, 14.65, 15.15], "texture": "#2"}
			}
		},
		{
			"from": [8.85, 8.65, 0.75],
			"to": [11, 9.55, 1],
			"rotation": {"angle": 0, "axis": "y", "origin": [16.5, 16.65, 8]},
			"faces": {
				"north": {"uv": [5, 7, 7.15, 7.9], "texture": "#2"},
				"east": {"uv": [9, 15, 9.15, 15.9], "texture": "#2"},
				"south": {"uv": [9, 15, 15, 16], "texture": "#2"},
				"west": {"uv": [13, 15, 13, 16], "texture": "#2"},
				"up": {"uv": [9, 15, 14.65, 15.25], "texture": "#2"},
				"down": {"uv": [9, 15, 14.65, 15.15], "texture": "#2"}
			}
		},
		{
			"from": [4.85, 8, 15],
			"to": [7, 8.9, 15.25],
			"rotation": {"angle": 0, "axis": "y", "origin": [12.5, 16, 22.25]},
			"faces": {
				"north": {"uv": [5, 7, 7.15, 7.9], "texture": "#2"},
				"east": {"uv": [9, 15, 9.15, 15.9], "texture": "#2"},
				"south": {"uv": [5, 7, 7, 8], "texture": "#2"},
				"west": {"uv": [13, 15, 13, 16], "texture": "#2"},
				"up": {"uv": [9, 15, 14.65, 15.25], "texture": "#2"},
				"down": {"uv": [9, 15, 14.65, 15.15], "texture": "#2"}
			}
		},
		{
			"from": [11.85, 8.65, 0.75],
			"to": [14.5, 9.55, 1],
			"rotation": {"angle": 0, "axis": "y", "origin": [19.5, 16.65, 8]},
			"faces": {
				"north": {"uv": [1, 7, 4, 8], "texture": "#2"},
				"east": {"uv": [9, 15, 9.15, 15.9], "texture": "#2"},
				"south": {"uv": [9, 15, 15, 16], "texture": "#2"},
				"west": {"uv": [13, 15, 13, 16], "texture": "#2"},
				"up": {"uv": [9, 15, 14.65, 15.25], "texture": "#2"},
				"down": {"uv": [9, 15, 14.65, 15.15], "texture": "#2"}
			}
		},
		{
			"from": [1.35, 8, 15],
			"to": [4, 8.9, 15.25],
			"rotation": {"angle": 0, "axis": "y", "origin": [9, 16, 22.25]},
			"faces": {
				"north": {"uv": [1, 7, 4, 8], "texture": "#2"},
				"east": {"uv": [9, 15, 9.15, 15.9], "texture": "#2"},
				"south": {"uv": [1, 7, 4, 8], "texture": "#2"},
				"west": {"uv": [13, 15, 13, 16], "texture": "#2"},
				"up": {"uv": [9, 15, 14.65, 15.25], "texture": "#2"},
				"down": {"uv": [9, 15, 14.65, 15.15], "texture": "#2"}
			}
		},
		{
			"from": [1.35, 8, 15],
			"to": [4, 8.9, 15.25],
			"rotation": {"angle": 0, "axis": "y", "origin": [9, 16, 22.25]},
			"faces": {
				"north": {"uv": [1, 7, 4, 8], "texture": "#2"},
				"east": {"uv": [9, 15, 9.15, 15.9], "texture": "#2"},
				"south": {"uv": [1, 7, 4, 8], "texture": "#2"},
				"west": {"uv": [13, 15, 13, 16], "texture": "#2"},
				"up": {"uv": [9, 16, 15, 16], "texture": "#2"},
				"down": {"uv": [9, 15, 14.65, 15.15], "texture": "#2"}
			}
		},
		{
			"from": [8.85, 11.5, 0.75],
			"to": [14.5, 12.4, 1],
			"rotation": {"angle": 0, "axis": "y", "origin": [16.5, 19.5, 8]},
			"faces": {
				"north": {"uv": [1, 3, 7, 4], "texture": "#2"},
				"east": {"uv": [9, 15, 9.15, 15.9], "texture": "#2"},
				"south": {"uv": [9, 15, 15, 16], "texture": "#2"},
				"west": {"uv": [13, 15, 13, 16], "texture": "#2"},
				"up": {"uv": [9, 15, 14.65, 15.25], "texture": "#2"},
				"down": {"uv": [9, 15, 14.65, 15.15], "texture": "#2"}
			}
		},
		{
			"from": [8.85, 11.5, 15],
			"to": [14.5, 12.4, 15.25],
			"rotation": {"angle": 0, "axis": "y", "origin": [16.5, 19.5, 22.25]},
			"faces": {
				"north": {"uv": [1, 3, 7, 4], "texture": "#2"},
				"east": {"uv": [9, 15, 9.15, 15.9], "texture": "#2"},
				"south": {"uv": [9, 3, 15, 4], "texture": "#2"},
				"west": {"uv": [13, 15, 13, 16], "texture": "#2"},
				"up": {"uv": [9, 15, 14.65, 15.25], "texture": "#2"},
				"down": {"uv": [9, 15, 14.65, 15.15], "texture": "#2"}
			}
		}
	],
	"display": {
		"thirdperson_righthand": {
			"rotation": [75, 45, 0],
			"translation": [0, 2.5, 0],
			"scale": [0.375, 0.375, 0.375]
		},
		"thirdperson_lefthand": {
			"rotation": [75, 45, 0],
			"translation": [0, 2.5, 0],
			"scale": [0.375, 0.375, 0.375]
		},
		"firstperson_righthand": {
			"rotation": [0, 45, 0],
			"scale": [0.4, 0.4, 0.4]
		},
		"firstperson_lefthand": {
			"rotation": [0, 225, 0],
			"scale": [0.4, 0.4, 0.4]
		},
		"ground": {
			"translation": [0, 3, 0],
			"scale": [0.25, 0.25, 0.25]
		},
		"gui": {
			"rotation": [30, 225, 0],
			"scale": [0.625, 0.625, 0.625]
		},
		"head": {
			"translation": [0, 14, 0]
		},
		"fixed": {
			"scale": [0.5, 0.5, 0.5]
		}
	}
}