{
	"ambientocclusion": false,
	"textures": {
		"overlay": "block/redstone_dust_overlay",
		"line": "block/redstone_dust_line1"
	},
	"elements": [
		{
			"from": [7, 0, 15],
			"to": [8, 0.5, 16],
			"faces": {
				"north": {"uv": [7, 15, 8, 16], "texture": "#line", "tintindex": 0 },
				"east": {"uv": [7, 15, 8, 16], "texture": "#line", "tintindex": 0 },
				"south": {"uv": [7, 15, 8, 16], "texture": "#line", "tintindex": 0 },
				"west": {"uv": [7, 15, 8, 16], "texture": "#line", "tintindex": 0 },
				"up": {"uv": [7, 15, 8, 16], "texture": "#line", "tintindex": 0 },
				"down": {"uv": [7, 15, 8, 16], "texture": "#line", "tintindex": 0 }
			}
		},
		{
			"from": [9, 0, 11],
			"to": [10, 0.5, 12],
			"faces": {
				"north": {"uv": [9, 11, 10, 12], "texture": "#line", "tintindex": 0 },
				"east": {"uv": [9, 11, 10, 12], "texture": "#line", "tintindex": 0 },
				"south": {"uv": [9, 11, 10, 12], "texture": "#line", "tintindex": 0 },
				"west": {"uv": [9, 11, 10, 12], "texture": "#line", "tintindex": 0 },
				"up": {"uv": [9, 11, 10, 12], "texture": "#line", "tintindex": 0 },
				"down": {"uv": [9, 11, 10, 12], "texture": "#line", "tintindex": 0 }
			}
		},
		{
			"from": [7, 0, 12],
			"to": [8, 0.5, 13],
			"faces": {
				"north": {"uv": [7, 12, 8, 13], "texture": "#line", "tintindex": 0 },
				"east": {"uv": [7, 12, 8, 13], "texture": "#line", "tintindex": 0 },
				"south": {"uv": [7, 12, 8, 13], "texture": "#line", "tintindex": 0 },
				"west": {"uv": [7, 12, 8, 13], "texture": "#line", "tintindex": 0 },
				"up": {"uv": [7, 12, 8, 13], "texture": "#line", "tintindex": 0 },
				"down": {"uv": [7, 12, 8, 13], "texture": "#line", "tintindex": 0 }
			}
		},
		{
			"from": [6, 0, 10],
			"to": [7, 0.5, 11],
			"faces": {
				"north": {"uv": [6, 10, 7, 11], "texture": "#line", "tintindex": 0 },
				"east": {"uv": [6, 10, 7, 11], "texture": "#line", "tintindex": 0 },
				"south": {"uv": [6, 10, 7, 11], "texture": "#line", "tintindex": 0 },
				"west": {"uv": [6, 10, 7, 11], "texture": "#line", "tintindex": 0 },
				"up": {"uv": [6, 10, 7, 11], "texture": "#line", "tintindex": 0 },
				"down": {"uv": [6, 10, 7, 11], "texture": "#line", "tintindex": 0 }
			}
		},
		{
			"from": [8, 0, 10],
			"to": [9, 0.5, 11],
			"faces": {
				"north": {"uv": [8, 10, 9, 11], "texture": "#line", "tintindex": 0 },
				"east": {"uv": [8, 10, 9, 11], "texture": "#line", "tintindex": 0 },
				"south": {"uv": [8, 10, 9, 11], "texture": "#line", "tintindex": 0 },
				"west": {"uv": [8, 10, 9, 11], "texture": "#line", "tintindex": 0 },
				"up": {"uv": [8, 10, 9, 11], "texture": "#line", "tintindex": 0 },
				"down": {"uv": [8, 10, 9, 11], "texture": "#line", "tintindex": 0 }
			}
		},
		{
			"from": [7, 0, 8],
			"to": [8, 0.5, 9],
			"faces": {
				"north": {"uv": [7, 8, 8, 9], "texture": "#line", "tintindex": 0 },
				"east": {"uv": [7, 8, 8, 9], "texture": "#line", "tintindex": 0 },
				"south": {"uv": [7, 8, 8, 9], "texture": "#line", "tintindex": 0 },
				"west": {"uv": [7, 8, 8, 9], "texture": "#line", "tintindex": 0 },
				"up": {"uv": [7, 8, 8, 9], "texture": "#line", "tintindex": 0 },
				"down": {"uv": [7, 8, 8, 9], "texture": "#line", "tintindex": 0 }
			}
		},
		{
			"from": [7, 0, 9],
			"to": [8, 0.5, 11],
			"faces": {
				"north": {"uv": [7, 9, 8, 10], "texture": "#line", "tintindex": 0 },
				"east": {"uv": [7, 9, 8, 11], "rotation": 90, "texture": "#line", "tintindex": 0 },
				"south": {"uv": [7, 10, 8, 11], "texture": "#line", "tintindex": 0 },
				"west": {"uv": [7, 9, 8, 11], "rotation": 270, "texture": "#line", "tintindex": 0 },
				"up": {"uv": [7, 9, 8, 11], "texture": "#line", "tintindex": 0 },
				"down": {"uv": [7, 9, 8, 11], "rotation": 180, "texture": "#line", "tintindex": 0 }
			}
		},
		{
			"from": [8, 0, 12],
			"to": [9, 0.5, 15],
			"faces": {
				"north": {"uv": [8, 12, 9, 15], "texture": "#line", "tintindex": 0 },
				"east": {"uv": [8, 12, 9, 15], "texture": "#line", "tintindex": 0 },
				"south": {"uv": [8, 12, 9, 15], "texture": "#line", "tintindex": 0 },
				"west": {"uv": [8, 12, 9, 15], "texture": "#line", "tintindex": 0 },
				"up": {"uv": [8, 12, 9, 15], "texture": "#line", "tintindex": 0 },
				"down": {"uv": [8, 12, 9, 15], "texture": "#line", "tintindex": 0 }
			}
		},
		{
			"from": [7, 0, 15],
			"to": [8, 0.5, 16],
			"faces": {
				"north": {"uv": [7, 15, 8, 16], "texture": "#overlay"},
				"east": {"uv": [7, 15, 8, 16], "texture": "#overlay"},
				"south": {"uv": [7, 15, 8, 16], "texture": "#overlay"},
				"west": {"uv": [7, 15, 8, 16], "texture": "#overlay"},
				"up": {"uv": [7, 15, 8, 16], "texture": "#overlay"},
				"down": {"uv": [7, 15, 8, 16], "texture": "#overlay"}
			}
		},
		{
			"from": [9, 0, 11],
			"to": [10, 0.5, 12],
			"faces": {
				"north": {"uv": [9, 11, 10, 12], "texture": "#overlay"},
				"east": {"uv": [9, 11, 10, 12], "texture": "#overlay"},
				"south": {"uv": [9, 11, 10, 12], "texture": "#overlay"},
				"west": {"uv": [9, 11, 10, 12], "texture": "#overlay"},
				"up": {"uv": [9, 11, 10, 12], "texture": "#overlay"},
				"down": {"uv": [9, 11, 10, 12], "texture": "#overlay"}
			}
		},
		{
			"from": [7, 0, 12],
			"to": [8, 0.5, 13],
			"faces": {
				"north": {"uv": [7, 12, 8, 13], "texture": "#overlay"},
				"east": {"uv": [7, 12, 8, 13], "texture": "#overlay"},
				"south": {"uv": [7, 12, 8, 13], "texture": "#overlay"},
				"west": {"uv": [7, 12, 8, 13], "texture": "#overlay"},
				"up": {"uv": [7, 12, 8, 13], "texture": "#overlay"},
				"down": {"uv": [7, 12, 8, 13], "texture": "#overlay"}
			}
		},
		{
			"from": [6, 0, 10],
			"to": [7, 0.5, 11],
			"faces": {
				"north": {"uv": [6, 10, 7, 11], "texture": "#overlay"},
				"east": {"uv": [6, 10, 7, 11], "texture": "#overlay"},
				"south": {"uv": [6, 10, 7, 11], "texture": "#overlay"},
				"west": {"uv": [6, 10, 7, 11], "texture": "#overlay"},
				"up": {"uv": [6, 10, 7, 11], "texture": "#overlay"},
				"down": {"uv": [6, 10, 7, 11], "texture": "#overlay"}
			}
		},
		{
			"from": [8, 0, 10],
			"to": [9, 0.5, 11],
			"faces": {
				"north": {"uv": [8, 10, 9, 11], "texture": "#overlay"},
				"east": {"uv": [8, 10, 9, 11], "texture": "#overlay"},
				"south": {"uv": [8, 10, 9, 11], "texture": "#overlay"},
				"west": {"uv": [8, 10, 9, 11], "texture": "#overlay"},
				"up": {"uv": [8, 10, 9, 11], "texture": "#overlay"},
				"down": {"uv": [8, 10, 9, 11], "texture": "#overlay"}
			}
		},
		{
			"from": [7, 0, 8],
			"to": [8, 0.5, 9],
			"faces": {
				"north": {"uv": [7, 8, 8, 9], "texture": "#overlay"},
				"east": {"uv": [7, 8, 8, 9], "texture": "#overlay"},
				"south": {"uv": [7, 8, 8, 9], "texture": "#overlay"},
				"west": {"uv": [7, 8, 8, 9], "texture": "#overlay"},
				"up": {"uv": [7, 8, 8, 9], "texture": "#overlay"},
				"down": {"uv": [7, 8, 8, 9], "texture": "#overlay"}
			}
		},
		{
			"from": [7, 0, 9],
			"to": [8, 0.5, 11],
			"faces": {
				"north": {"uv": [7, 9, 8, 10], "texture": "#overlay"},
				"east": {"uv": [7, 9, 8, 11], "rotation": 90, "texture": "#overlay"},
				"south": {"uv": [7, 10, 8, 11], "texture": "#overlay"},
				"west": {"uv": [7, 9, 8, 11], "rotation": 270, "texture": "#overlay"},
				"up": {"uv": [7, 9, 8, 11], "texture": "#overlay"},
				"down": {"uv": [7, 9, 8, 11], "rotation": 180, "texture": "#overlay"}
			}
		},
		{
			"from": [8, 0, 12],
			"to": [9, 0.5, 15],
			"faces": {
				"north": {"uv": [8, 12, 9, 15], "texture": "#overlay"},
				"east": {"uv": [8, 12, 9, 15], "texture": "#overlay"},
				"south": {"uv": [8, 12, 9, 15], "texture": "#overlay"},
				"west": {"uv": [8, 12, 9, 15], "texture": "#overlay"},
				"up": {"uv": [8, 12, 9, 15], "texture": "#overlay"},
				"down": {"uv": [8, 12, 9, 15], "texture": "#overlay"}
			}
		}
	],
	"groups": [
		{
			"name": "redstone",
			"origin": [8, 8, 8],
			"color": 0,
			"children": [0, 1, 2, 3, 4, 5, 6, 7]
		},
		{
			"name": "overlay",
			"origin": [8, 8, 8],
			"color": 0,
			"children": [8, 9, 10, 11, 12, 13, 14, 15]
		}
	]
}