{
	"ambientocclusion": false,
	"textures": {
		"line": "block/redstone_dust_line0",
		"overlay": "block/redstone_dust_overlay"
	},
	"elements": [
		{
			"from": [7, 0, 0],
			"to": [8, 1, 0.5],
			"faces": {
				"north": {"uv": [7, 15, 8, 16], "texture": "#line", "tintindex": 0 },
				"east": {"uv": [7, 15, 8, 16], "texture": "#line", "tintindex": 0 },
				"south": {"uv": [7, 15, 8, 16], "texture": "#line", "tintindex": 0 },
				"west": {"uv": [7, 15, 8, 16], "texture": "#line", "tintindex": 0 },
				"up": {"uv": [7, 15, 8, 16], "texture": "#line", "tintindex": 0 },
				"down": {"uv": [7, 15, 8, 16], "texture": "#line", "tintindex": 0 }
			}
		},
		{
			"from": [7, 3, 0],
			"to": [8, 4, 0.5],
			"faces": {
				"north": {"uv": [7, 12, 8, 13], "texture": "#line", "tintindex": 0 },
				"east": {"uv": [7, 12, 8, 13], "texture": "#line", "tintindex": 0 },
				"south": {"uv": [7, 12, 8, 13], "texture": "#line", "tintindex": 0 },
				"west": {"uv": [7, 12, 8, 13], "texture": "#line", "tintindex": 0 },
				"up": {"uv": [7, 12, 8, 13], "texture": "#line", "tintindex": 0 },
				"down": {"uv": [7, 12, 8, 13], "texture": "#line", "tintindex": 0 }
			}
		},
		{
			"from": [7, 5, 0],
			"to": [9, 6, 0.5],
			"faces": {
				"north": {"uv": [7, 10, 9, 11], "rotation": 180, "texture": "#line", "tintindex": 0 },
				"east": {"uv": [7, 10, 8, 11], "texture": "#line", "tintindex": 0 },
				"south": {"uv": [7, 10, 9, 11], "texture": "#line", "tintindex": 0 },
				"west": {"uv": [8, 10, 9, 11], "texture": "#line", "tintindex": 0 },
				"up": {"uv": [7, 10, 9, 11], "texture": "#line", "tintindex": 0 },
				"down": {"uv": [7, 10, 9, 11], "texture": "#line", "tintindex": 0 }
			}
		},
		{
			"from": [6, 4, 0],
			"to": [7, 5, 0.5],
			"faces": {
				"north": {"uv": [6, 11, 7, 12], "texture": "#line", "tintindex": 0 },
				"east": {"uv": [6, 11, 7, 12], "texture": "#line", "tintindex": 0 },
				"south": {"uv": [6, 11, 7, 12], "texture": "#line", "tintindex": 0 },
				"west": {"uv": [6, 11, 7, 12], "texture": "#line", "tintindex": 0 },
				"up": {"uv": [6, 11, 7, 12], "texture": "#line", "tintindex": 0 },
				"down": {"uv": [6, 11, 7, 12], "texture": "#line", "tintindex": 0 }
			}
		},
		{
			"from": [7, 6, 0],
			"to": [8, 7, 0.5],
			"faces": {
				"north": {"uv": [7, 9, 8, 10], "texture": "#line", "tintindex": 0 },
				"east": {"uv": [7, 9, 8, 10], "texture": "#line", "tintindex": 0 },
				"south": {"uv": [7, 9, 8, 10], "texture": "#line", "tintindex": 0 },
				"west": {"uv": [7, 9, 8, 10], "texture": "#line", "tintindex": 0 },
				"up": {"uv": [7, 9, 8, 10], "texture": "#line", "tintindex": 0 },
				"down": {"uv": [7, 9, 8, 10], "texture": "#line", "tintindex": 0 }
			}
		},
		{
			"from": [8, 7, 0],
			"to": [9, 8, 0.5],
			"faces": {
				"north": {"uv": [8, 8, 9, 9], "texture": "#line", "tintindex": 0 },
				"east": {"uv": [8, 8, 9, 9], "texture": "#line", "tintindex": 0 },
				"south": {"uv": [8, 8, 9, 9], "texture": "#line", "tintindex": 0 },
				"west": {"uv": [8, 8, 9, 9], "texture": "#line", "tintindex": 0 },
				"up": {"uv": [8, 8, 9, 9], "texture": "#line", "tintindex": 0 },
				"down": {"uv": [8, 8, 9, 9], "texture": "#line", "tintindex": 0 }
			}
		},
		{
			"from": [7, 8, 0],
			"to": [8, 9, 0.5],
			"faces": {
				"north": {"uv": [7, 7, 8, 8], "texture": "#line", "tintindex": 0 },
				"east": {"uv": [7, 7, 8, 8], "texture": "#line", "tintindex": 0 },
				"south": {"uv": [7, 7, 8, 8], "texture": "#line", "tintindex": 0 },
				"west": {"uv": [7, 7, 8, 8], "texture": "#line", "tintindex": 0 },
				"up": {"uv": [7, 7, 8, 8], "texture": "#line", "tintindex": 0 },
				"down": {"uv": [7, 7, 8, 8], "texture": "#line", "tintindex": 0 }
			}
		},
		{
			"from": [8, 15, 0],
			"to": [9, 16, 0.5],
			"faces": {
				"north": {"uv": [8, 0, 9, 1], "texture": "#line", "tintindex": 0 },
				"east": {"uv": [8, 0, 9, 1], "texture": "#line", "tintindex": 0 },
				"south": {"uv": [8, 0, 9, 1], "texture": "#line", "tintindex": 0 },
				"west": {"uv": [8, 0, 9, 1], "texture": "#line", "tintindex": 0 },
				"up": {"uv": [8, 0, 9, 1], "texture": "#line", "tintindex": 0 },
				"down": {"uv": [8, 0, 9, 1], "texture": "#line", "tintindex": 0 }
			}
		},
		{
			"from": [8, 9, 0],
			"to": [9, 10, 0.5],
			"faces": {
				"north": {"uv": [8, 6, 9, 7], "texture": "#line", "tintindex": 0 },
				"east": {"uv": [8, 6, 9, 7], "texture": "#line", "tintindex": 0 },
				"south": {"uv": [8, 6, 9, 7], "texture": "#line", "tintindex": 0 },
				"west": {"uv": [8, 6, 9, 7], "texture": "#line", "tintindex": 0 },
				"up": {"uv": [8, 6, 9, 7], "texture": "#line", "tintindex": 0 },
				"down": {"uv": [8, 6, 9, 7], "texture": "#line", "tintindex": 0 }
			}
		},
		{
			"from": [9, 9, 0],
			"to": [10, 12, 0.5],
			"faces": {
				"north": {"uv": [9, 4, 10, 7], "texture": "#line", "tintindex": 0 },
				"east": {"uv": [9, 4, 10, 7], "texture": "#line", "tintindex": 0 },
				"south": {"uv": [9, 4, 10, 7], "texture": "#line", "tintindex": 0 },
				"west": {"uv": [9, 4, 10, 7], "texture": "#line", "tintindex": 0 },
				"up": {"uv": [9, 4, 10, 5], "texture": "#line", "tintindex": 0 },
				"down": {"uv": [9, 6, 10, 7], "texture": "#line", "tintindex": 0 }
			}
		},
		{
			"from": [8, 12, 0],
			"to": [9, 14, 0.5],
			"faces": {
				"north": {"uv": [8, 2, 9, 4], "texture": "#line", "tintindex": 0 },
				"east": {"uv": [8, 2, 9, 4], "texture": "#line", "tintindex": 0 },
				"south": {"uv": [8, 2, 9, 4], "texture": "#line", "tintindex": 0 },
				"west": {"uv": [8, 2, 9, 4], "texture": "#line", "tintindex": 0 },
				"up": {"uv": [8, 2, 9, 3], "texture": "#line", "tintindex": 0 },
				"down": {"uv": [8, 2, 9, 3], "texture": "#line", "tintindex": 0 }
			}
		},
		{
			"from": [7, 11, 0],
			"to": [8, 13, 0.5],
			"faces": {
				"north": {"uv": [7, 3, 8, 5], "texture": "#line", "tintindex": 0 },
				"east": {"uv": [7, 3, 8, 5], "texture": "#line", "tintindex": 0 },
				"south": {"uv": [7, 3, 8, 5], "texture": "#line", "tintindex": 0 },
				"west": {"uv": [7, 3, 8, 5], "texture": "#line", "tintindex": 0 },
				"up": {"uv": [7, 3, 8, 5], "texture": "#line", "tintindex": 0 },
				"down": {"uv": [7, 3, 8, 5], "texture": "#line", "tintindex": 0 }
			}
		},
		{
			"from": [8, 1, 0],
			"to": [9, 4, 0.5],
			"faces": {
				"north": {"uv": [8, 12, 9, 15], "texture": "#line", "tintindex": 0 },
				"east": {"uv": [8, 12, 9, 15], "texture": "#line", "tintindex": 0 },
				"south": {"uv": [8, 12, 9, 15], "texture": "#line", "tintindex": 0 },
				"west": {"uv": [8, 12, 9, 15], "texture": "#line", "tintindex": 0 },
				"up": {"uv": [8, 12, 9, 15], "texture": "#line", "tintindex": 0 },
				"down": {"uv": [8, 12, 9, 15], "texture": "#line", "tintindex": 0 }
			}
		},
		{
			"from": [7, 0, 0],
			"to": [8, 1, 0.5],
			"faces": {
				"north": {"uv": [7, 15, 8, 16], "texture": "#overlay"},
				"east": {"uv": [7, 15, 8, 16], "texture": "#overlay"},
				"south": {"uv": [7, 15, 8, 16], "texture": "#overlay"},
				"west": {"uv": [7, 15, 8, 16], "texture": "#overlay"},
				"up": {"uv": [7, 15, 8, 16], "texture": "#overlay"},
				"down": {"uv": [7, 15, 8, 16], "texture": "#overlay"}
			}
		},
		{
			"from": [8, 1, 0],
			"to": [9, 4, 0.5],
			"faces": {
				"north": {"uv": [8, 12, 9, 15], "texture": "#overlay"},
				"east": {"uv": [8, 12, 9, 15], "texture": "#overlay"},
				"south": {"uv": [8, 12, 9, 15], "texture": "#overlay"},
				"west": {"uv": [8, 12, 9, 15], "texture": "#overlay"},
				"up": {"uv": [8, 12, 9, 15], "texture": "#overlay"},
				"down": {"uv": [8, 12, 9, 15], "texture": "#overlay"}
			}
		},
		{
			"from": [7, 3, 0],
			"to": [8, 4, 0.5],
			"faces": {
				"north": {"uv": [7, 12, 8, 13], "texture": "#overlay"},
				"east": {"uv": [7, 12, 8, 13], "texture": "#overlay"},
				"south": {"uv": [7, 12, 8, 13], "texture": "#overlay"},
				"west": {"uv": [7, 12, 8, 13], "texture": "#overlay"},
				"up": {"uv": [7, 12, 8, 13], "texture": "#overlay"},
				"down": {"uv": [7, 12, 8, 13], "texture": "#overlay"}
			}
		},
		{
			"from": [7, 5, 0],
			"to": [9, 6, 0.5],
			"faces": {
				"north": {"uv": [7, 10, 9, 11], "rotation": 180, "texture": "#overlay"},
				"east": {"uv": [7, 10, 8, 11], "texture": "#overlay"},
				"south": {"uv": [7, 10, 9, 11], "texture": "#overlay"},
				"west": {"uv": [8, 10, 9, 11], "texture": "#overlay"},
				"up": {"uv": [7, 10, 9, 11], "texture": "#overlay"},
				"down": {"uv": [7, 10, 9, 11], "texture": "#overlay"}
			}
		},
		{
			"from": [6, 4, 0],
			"to": [7, 5, 0.5],
			"faces": {
				"north": {"uv": [6, 11, 7, 12], "texture": "#overlay"},
				"east": {"uv": [6, 11, 7, 12], "texture": "#overlay"},
				"south": {"uv": [6, 11, 7, 12], "texture": "#overlay"},
				"west": {"uv": [6, 11, 7, 12], "texture": "#overlay"},
				"up": {"uv": [6, 11, 7, 12], "texture": "#overlay"},
				"down": {"uv": [6, 11, 7, 12], "texture": "#overlay"}
			}
		},
		{
			"from": [7, 6, 0],
			"to": [8, 7, 0.5],
			"faces": {
				"north": {"uv": [7, 9, 8, 10], "texture": "#overlay"},
				"east": {"uv": [7, 9, 8, 10], "texture": "#overlay"},
				"south": {"uv": [7, 9, 8, 10], "texture": "#overlay"},
				"west": {"uv": [7, 9, 8, 10], "texture": "#overlay"},
				"up": {"uv": [7, 9, 8, 10], "texture": "#overlay"},
				"down": {"uv": [7, 9, 8, 10], "texture": "#overlay"}
			}
		},
		{
			"from": [8, 7, 0],
			"to": [9, 8, 0.5],
			"faces": {
				"north": {"uv": [8, 8, 9, 9], "texture": "#overlay"},
				"east": {"uv": [8, 8, 9, 9], "texture": "#overlay"},
				"south": {"uv": [8, 8, 9, 9], "texture": "#overlay"},
				"west": {"uv": [8, 8, 9, 9], "texture": "#overlay"},
				"up": {"uv": [8, 8, 9, 9], "texture": "#overlay"},
				"down": {"uv": [8, 8, 9, 9], "texture": "#overlay"}
			}
		},
		{
			"from": [7, 8, 0],
			"to": [8, 9, 0.5],
			"faces": {
				"north": {"uv": [7, 7, 8, 8], "texture": "#overlay"},
				"east": {"uv": [7, 7, 8, 8], "texture": "#overlay"},
				"south": {"uv": [7, 7, 8, 8], "texture": "#overlay"},
				"west": {"uv": [7, 7, 8, 8], "texture": "#overlay"},
				"up": {"uv": [7, 7, 8, 8], "texture": "#overlay"},
				"down": {"uv": [7, 7, 8, 8], "texture": "#overlay"}
			}
		},
		{
			"from": [8, 9, 0],
			"to": [9, 10, 0.5],
			"faces": {
				"north": {"uv": [8, 6, 9, 7], "texture": "#overlay"},
				"east": {"uv": [8, 6, 9, 7], "texture": "#overlay"},
				"south": {"uv": [8, 6, 9, 7], "texture": "#overlay"},
				"west": {"uv": [8, 6, 9, 7], "texture": "#overlay"},
				"up": {"uv": [8, 6, 9, 7], "texture": "#overlay"},
				"down": {"uv": [8, 6, 9, 7], "texture": "#overlay"}
			}
		},
		{
			"from": [9, 9, 0],
			"to": [10, 12, 0.5],
			"faces": {
				"north": {"uv": [9, 4, 10, 7], "texture": "#overlay"},
				"east": {"uv": [9, 4, 10, 7], "texture": "#overlay"},
				"south": {"uv": [9, 4, 10, 7], "texture": "#overlay"},
				"west": {"uv": [9, 4, 10, 7], "texture": "#overlay"},
				"up": {"uv": [9, 4, 10, 5], "texture": "#overlay"},
				"down": {"uv": [9, 6, 10, 7], "texture": "#overlay"}
			}
		},
		{
			"from": [8, 12, 0],
			"to": [9, 14, 0.5],
			"faces": {
				"north": {"uv": [8, 2, 9, 4], "texture": "#overlay"},
				"east": {"uv": [8, 2, 9, 4], "texture": "#overlay"},
				"south": {"uv": [8, 2, 9, 4], "texture": "#overlay"},
				"west": {"uv": [8, 2, 9, 4], "texture": "#overlay"},
				"up": {"uv": [8, 2, 9, 3], "texture": "#overlay"},
				"down": {"uv": [8, 2, 9, 3], "texture": "#overlay"}
			}
		},
		{
			"from": [7, 11, 0],
			"to": [8, 13, 0.5],
			"faces": {
				"north": {"uv": [7, 3, 8, 5], "texture": "#overlay"},
				"east": {"uv": [7, 3, 8, 5], "texture": "#overlay"},
				"south": {"uv": [7, 3, 8, 5], "texture": "#overlay"},
				"west": {"uv": [7, 3, 8, 5], "texture": "#overlay"},
				"up": {"uv": [7, 3, 8, 5], "texture": "#overlay"},
				"down": {"uv": [7, 3, 8, 5], "texture": "#overlay"}
			}
		},
		{
			"from": [8, 15, 0],
			"to": [9, 16, 0.5],
			"faces": {
				"north": {"uv": [8, 0, 9, 1], "texture": "#overlay"},
				"east": {"uv": [8, 0, 9, 1], "texture": "#overlay"},
				"south": {"uv": [8, 0, 9, 1], "texture": "#overlay"},
				"west": {"uv": [8, 0, 9, 1], "texture": "#overlay"},
				"up": {"uv": [8, 0, 9, 1], "texture": "#overlay"},
				"down": {"uv": [8, 0, 9, 1], "texture": "#overlay"}
			}
		}
	],
	"groups": [
		{
			"name": "redstone",
			"origin": [8, 8, 8],
			"color": 0,
			"children": [0, 1, 2, 3, 4, 5, 6, 7, 8, 9, 10, 11, 12]
		},
		{
			"name": "overlay",
			"origin": [8, 8, 8],
			"color": 0,
			"children": [13, 14, 15, 16, 17, 18, 19, 20, 21, 22, 23, 24, 25]
		}
	]
}