{
	"ambientocclusion": false,
	"textures": {
		"overlay": "block/redstone_dust_overlay",
		"line": "block/redstone_dust_line1"
	},
	"elements": [
		{
			"from": [8, 0, 0],
			"to": [9, 0.5, 1],
			"shade": false,
			"faces": {
				"north": {"uv": [8, 0, 9, 1], "texture": "#line", "tintindex": 0},
				"east": {"uv": [8, 0, 9, 1], "texture": "#line", "tintindex": 0},
				"south": {"uv": [8, 0, 9, 1], "texture": "#line", "tintindex": 0},
				"west": {"uv": [8, 0, 9, 1], "texture": "#line", "tintindex": 0},
				"up": {"uv": [8, 0, 9, 1], "texture": "#line", "tintindex": 0},
				"down": {"uv": [8, 1, 9, 0], "texture": "#line", "tintindex": 0}
			}
		},
		{
			"from": [8, 0, 6],
			"to": [9, 0.5, 7],
			"shade": false,
			"faces": {
				"north": {"uv": [8, 6, 9, 7], "texture": "#line", "tintindex": 0},
				"east": {"uv": [8, 6, 9, 7], "texture": "#line", "tintindex": 0},
				"south": {"uv": [8, 6, 9, 7], "texture": "#line", "tintindex": 0},
				"west": {"uv": [8, 6, 9, 7], "texture": "#line", "tintindex": 0},
				"up": {"uv": [8, 6, 9, 7], "texture": "#line", "tintindex": 0},
				"down": {"uv": [8, 6, 9, 7], "texture": "#line", "tintindex": 0}
			}
		},
		{
			"from": [7, 0, 7],
			"to": [9, 0.5, 8],
			"shade": false,
			"faces": {
				"north": {"uv": [7, 7, 9, 8], "texture": "#line", "tintindex": 0},
				"east": {"uv": [7, 7, 9, 8], "texture": "#line", "tintindex": 0},
				"south": {"uv": [7, 7, 9, 8], "texture": "#line", "tintindex": 0},
				"west": {"uv": [7, 7, 9, 8], "texture": "#line", "tintindex": 0},
				"up": {"uv": [7, 7, 9, 8], "texture": "#line", "tintindex": 0},
				"down": {"uv": [7, 7, 9, 8], "texture": "#line", "tintindex": 0}
			}
		},
		{
			"from": [8, 0, 2],
			"to": [9, 0.5, 4],
			"shade": false,
			"faces": {
				"north": {"uv": [8, 2, 9, 3], "texture": "#line", "tintindex": 0},
				"east": {"uv": [8, 2, 9, 4], "rotation": 90, "texture": "#line", "tintindex": 0},
				"south": {"uv": [8, 3, 9, 4], "texture": "#line", "tintindex": 0},
				"west": {"uv": [8, 2, 9, 4], "rotation": 270, "texture": "#line", "tintindex": 0},
				"up": {"uv": [8, 2, 9, 4], "texture": "#line", "tintindex": 0},
				"down": {"uv": [8, 2, 9, 4], "rotation": 180, "texture": "#line", "tintindex": 0}
			}
		},
		{
			"from": [7, 0, 3],
			"to": [8, 0.5, 5],
			"shade": false,
			"faces": {
				"north": {"uv": [7, 3, 8, 5], "texture": "#line", "tintindex": 0},
				"east": {"uv": [7, 3, 8, 5], "texture": "#line", "tintindex": 0},
				"south": {"uv": [7, 3, 8, 5], "texture": "#line", "tintindex": 0},
				"west": {"uv": [7, 3, 8, 5], "texture": "#line", "tintindex": 0},
				"up": {"uv": [7, 3, 8, 5], "texture": "#line", "tintindex": 0},
				"down": {"uv": [7, 3, 8, 5], "texture": "#line", "tintindex": 0}
			}
		},
		{
			"from": [9, 0, 4],
			"to": [10, 0.5, 7],
			"shade": false,
			"faces": {
				"north": {"uv": [9, 4, 10, 5], "texture": "#line", "tintindex": 0},
				"east": {"uv": [9, 4, 10, 7], "rotation": 90, "texture": "#line", "tintindex": 0},
				"south": {"uv": [9, 6, 10, 7], "texture": "#line", "tintindex": 0},
				"west": {"uv": [9, 4, 10, 7], "rotation": 270, "texture": "#line", "tintindex": 0},
				"up": {"uv": [9, 4, 10, 7], "texture": "#line", "tintindex": 0},
				"down": {"uv": [9, 4, 10, 7], "rotation": 180, "texture": "#line", "tintindex": 0}
			}
		},
		{
			"from": [9, 0, 4],
			"to": [10, 0.5, 7],
			"shade": false,
			"faces": {
				"north": {"uv": [9, 4, 10, 5], "texture": "#overlay"},
				"east": {"uv": [9, 4, 10, 7], "rotation": 90, "texture": "#overlay"},
				"south": {"uv": [9, 6, 10, 7], "texture": "#overlay"},
				"west": {"uv": [9, 4, 10, 7], "rotation": 270, "texture": "#overlay"},
				"up": {"uv": [9, 4, 10, 7], "texture": "#overlay"},
				"down": {"uv": [9, 4, 10, 7], "rotation": 180, "texture": "#overlay"}
			}
		},
		{
			"from": [7, 0, 3],
			"to": [8, 0.5, 5],
			"shade": false,
			"faces": {
				"north": {"uv": [7, 3, 8, 5], "texture": "#overlay"},
				"east": {"uv": [7, 3, 8, 5], "texture": "#overlay"},
				"south": {"uv": [7, 3, 8, 5], "texture": "#overlay"},
				"west": {"uv": [7, 3, 8, 5], "texture": "#overlay"},
				"up": {"uv": [7, 3, 8, 5], "texture": "#overlay"},
				"down": {"uv": [7, 3, 8, 5], "texture": "#overlay"}
			}
		},
		{
			"from": [8, 0, 2],
			"to": [9, 0.5, 4],
			"shade": false,
			"faces": {
				"north": {"uv": [8, 2, 9, 3], "texture": "#overlay"},
				"east": {"uv": [8, 2, 9, 4], "rotation": 90, "texture": "#overlay"},
				"south": {"uv": [8, 3, 9, 4], "texture": "#overlay"},
				"west": {"uv": [8, 2, 9, 4], "rotation": 270, "texture": "#overlay"},
				"up": {"uv": [8, 2, 9, 4], "texture": "#overlay"},
				"down": {"uv": [8, 2, 9, 4], "rotation": 180, "texture": "#overlay"}
			}
		},
		{
			"from": [7, 0, 7],
			"to": [8, 0.5, 8],
			"shade": false,
			"faces": {
				"north": {"uv": [7, 7, 8, 8], "texture": "#overlay"},
				"east": {"uv": [7, 7, 8, 8], "texture": "#overlay"},
				"south": {"uv": [7, 7, 8, 8], "texture": "#overlay"},
				"west": {"uv": [7, 7, 8, 8], "texture": "#overlay"},
				"up": {"uv": [7, 7, 8, 8], "texture": "#overlay"},
				"down": {"uv": [7, 7, 8, 8], "texture": "#overlay"}
			}
		},
		{
			"from": [8, 0, 6],
			"to": [9, 0.5, 7],
			"shade": false,
			"faces": {
				"north": {"uv": [8, 6, 9, 7], "texture": "#overlay"},
				"east": {"uv": [8, 6, 9, 7], "texture": "#overlay"},
				"south": {"uv": [8, 6, 9, 7], "texture": "#overlay"},
				"west": {"uv": [8, 6, 9, 7], "texture": "#overlay"},
				"up": {"uv": [8, 6, 9, 7], "texture": "#overlay"},
				"down": {"uv": [8, 6, 9, 7], "texture": "#overlay"}
			}
		},
		{
			"from": [8, 0, 0],
			"to": [9, 0.5, 1],
			"shade": false,
			"faces": {
				"north": {"uv": [8, 0, 9, 1], "texture": "#overlay"},
				"east": {"uv": [8, 0, 9, 1], "texture": "#overlay"},
				"south": {"uv": [8, 0, 9, 1], "texture": "#overlay"},
				"west": {"uv": [8, 0, 9, 1], "texture": "#overlay"},
				"up": {"uv": [8, 0, 9, 1], "texture": "#overlay"},
				"down": {"uv": [8, 1, 9, 0], "texture": "#overlay"}
			}
		}
	],
	"groups": [
		{
			"name": "redstone",
			"origin": [0, 0, 0],
			"color": 0,
			"children": [0, 1, 2, 3, 4, 5]
		},
		{
			"name": "overlay",
			"origin": [8, 8, 8],
			"color": 0,
			"children": [6, 7, 8, 9, 10, 11]
		}
	]
}