{
	"credit": "Made with Blockbench",
	"ambientocclusion": false,
	"textures": {
		"2": "block/ladder_lead_knot",
		"3": "block/ladder_log",
		"4": "block/ladder_planks",
		"particle": "break/ladder"
	},
	"elements": [
		{
			"name": "left part",
			"from": [12, 0, 15],
			"to": [14, 16, 16],
			"rotation": {"angle": 0, "axis": "y", "origin": [0, 0, -0.2]},
			"faces": {
				"north": {"uv": [0, 0, 2, 16], "texture": "#3"},
				"east": {"uv": [6, 0, 5, 16], "texture": "#3"},
				"south": {"uv": [5, 0, 3, 16], "texture": "#3"},
				"west": {"uv": [3, 0, 2, 16], "texture": "#3"},
				"up": {"uv": [2, 0, 4, 1], "texture": "#3"},
				"down": {"uv": [2, 15, 4, 16], "texture": "#3"}
			}
		},
		{
			"name": "right part",
			"from": [2, 0, 15],
			"to": [4, 16, 16],
			"rotation": {"angle": 0, "axis": "y", "origin": [0, 0, -0.2]},
			"faces": {
				"north": {"uv": [0, 0, 2, 16], "texture": "#3"},
				"east": {"uv": [6, 0, 5, 16], "texture": "#3"},
				"south": {"uv": [5, 0, 3, 16], "texture": "#3"},
				"west": {"uv": [3, 0, 2, 16], "texture": "#3"},
				"up": {"uv": [2, 0, 4, 1], "texture": "#3"},
				"down": {"uv": [2, 15, 4, 16], "texture": "#3"}
			}
		},
		{
			"name": "top",
			"from": [1, 13, 14],
			"to": [15, 15, 15],
			"rotation": {"angle": 0, "axis": "y", "origin": [0, 0, -0.2]},
			"faces": {
				"north": {"uv": [1, 1, 15, 3], "texture": "#4"},
				"east": {"uv": [14, 1, 15, 3], "texture": "#4"},
				"south": {"uv": [15, 1, 1, 3], "texture": "#4"},
				"west": {"uv": [1, 1, 2, 3], "texture": "#4"},
				"up": {"uv": [1, 0.5, 15, 1.5], "texture": "#4"},
				"down": {"uv": [1, 2, 15, 3], "texture": "#4"}
			}
		},
		{
			"name": "middle top",
			"from": [1, 9, 14],
			"to": [15, 11, 15],
			"rotation": {"angle": 0, "axis": "y", "origin": [16, 0, -0.2]},
			"faces": {
				"north": {"uv": [15, 9, 1, 11], "texture": "#4"},
				"east": {"uv": [2, 9, 1, 11], "texture": "#4"},
				"south": {"uv": [1, 9, 15, 11], "texture": "#4"},
				"west": {"uv": [15, 9, 14, 11], "texture": "#4"},
				"up": {"uv": [15, 8.5, 1, 9.5], "texture": "#4"},
				"down": {"uv": [15, 10, 1, 11], "texture": "#4"}
			}
		},
		{
			"name": "middle bottom",
			"from": [1, 5, 14],
			"to": [15, 7, 15],
			"rotation": {"angle": 0, "axis": "y", "origin": [0, 0, -0.2]},
			"faces": {
				"north": {"uv": [1, 1, 15, 3], "texture": "#4"},
				"east": {"uv": [14, 1, 15, 3], "texture": "#4"},
				"south": {"uv": [15, 1, 1, 3], "texture": "#4"},
				"west": {"uv": [1, 1, 2, 3], "texture": "#4"},
				"up": {"uv": [1, 0.5, 15, 1.5], "texture": "#4"},
				"down": {"uv": [1, 2, 15, 3], "texture": "#4"}
			}
		},
		{
			"name": "bottom",
			"from": [1, 1, 14],
			"to": [15, 3, 15],
			"rotation": {"angle": 0, "axis": "y", "origin": [16, 0, -0.2]},
			"faces": {
				"north": {"uv": [15, 9, 1, 11], "texture": "#4"},
				"east": {"uv": [2, 9, 1, 11], "texture": "#4"},
				"south": {"uv": [1, 9, 15, 11], "texture": "#4"},
				"west": {"uv": [15, 9, 14, 11], "texture": "#4"},
				"up": {"uv": [15, 8.5, 1, 9.5], "texture": "#4"},
				"down": {"uv": [15, 10, 1, 11], "texture": "#4"}
			}
		},
		{
			"name": "lead_knot",
			"from": [11.75, 12.75, 13.75],
			"to": [14.25, 15.25, 16.25],
			"rotation": {"angle": 0, "axis": "y", "origin": [0, 0, -0.2]},
			"faces": {
				"north": {"uv": [0, 2.5, 2.5, 5], "texture": "#2"},
				"east": {"uv": [7.5, 2.5, 10, 5], "texture": "#2"},
				"south": {"uv": [5, 2.5, 7.5, 5], "texture": "#2"},
				"west": {"uv": [2.5, 2.5, 5, 5], "texture": "#2"},
				"up": {"uv": [0, 0, 2.5, 2.5], "texture": "#2"},
				"down": {"uv": [2.5, 0, 5, 2.5], "texture": "#2"}
			}
		},
		{
			"name": "lead_knot",
			"from": [1.75, 12.75, 13.75],
			"to": [4.25, 15.25, 16.25],
			"rotation": {"angle": 0, "axis": "y", "origin": [0, 0, -0.2]},
			"faces": {
				"north": {"uv": [0, 2.5, 2.5, 5], "texture": "#2"},
				"east": {"uv": [7.5, 2.5, 10, 5], "texture": "#2"},
				"south": {"uv": [5, 2.5, 7.5, 5], "texture": "#2"},
				"west": {"uv": [2.5, 2.5, 5, 5], "texture": "#2"},
				"up": {"uv": [0, 0, 2.5, 2.5], "texture": "#2"},
				"down": {"uv": [2.5, 0, 5, 2.5], "texture": "#2"}
			}
		},
		{
			"name": "lead_knot",
			"from": [1.75, 8.75, 13.75],
			"to": [4.25, 11.25, 16.25],
			"rotation": {"angle": 0, "axis": "y", "origin": [0, 0, -0.2]},
			"faces": {
				"north": {"uv": [0, 2.5, 2.5, 5], "texture": "#2"},
				"east": {"uv": [7.5, 2.5, 10, 5], "texture": "#2"},
				"south": {"uv": [5, 2.5, 7.5, 5], "texture": "#2"},
				"west": {"uv": [2.5, 2.5, 5, 5], "texture": "#2"},
				"up": {"uv": [0, 0, 2.5, 2.5], "texture": "#2"},
				"down": {"uv": [2.5, 0, 5, 2.5], "texture": "#2"}
			}
		},
		{
			"name": "lead_knot",
			"from": [11.75, 8.75, 13.75],
			"to": [14.25, 11.25, 16.25],
			"rotation": {"angle": 0, "axis": "y", "origin": [0, 0, -0.2]},
			"faces": {
				"north": {"uv": [0, 2.5, 2.5, 5], "texture": "#2"},
				"east": {"uv": [7.5, 2.5, 10, 5], "texture": "#2"},
				"south": {"uv": [5, 2.5, 7.5, 5], "texture": "#2"},
				"west": {"uv": [2.5, 2.5, 5, 5], "texture": "#2"},
				"up": {"uv": [0, 0, 2.5, 2.5], "texture": "#2"},
				"down": {"uv": [2.5, 0, 5, 2.5], "texture": "#2"}
			}
		},
		{
			"name": "lead_knot",
			"from": [1.75, 0.75, 13.75],
			"to": [4.25, 3.25, 16.25],
			"rotation": {"angle": 0, "axis": "y", "origin": [0, 0, -0.2]},
			"faces": {
				"north": {"uv": [0, 2.5, 2.5, 5], "texture": "#2"},
				"east": {"uv": [7.5, 2.5, 10, 5], "texture": "#2"},
				"south": {"uv": [5, 2.5, 7.5, 5], "texture": "#2"},
				"west": {"uv": [2.5, 2.5, 5, 5], "texture": "#2"},
				"up": {"uv": [0, 0, 2.5, 2.5], "texture": "#2"},
				"down": {"uv": [2.5, 0, 5, 2.5], "texture": "#2"}
			}
		},
		{
			"name": "lead_knot",
			"from": [11.75, 0.75, 13.75],
			"to": [14.25, 3.25, 16.25],
			"rotation": {"angle": 0, "axis": "y", "origin": [0, 0, -0.2]},
			"faces": {
				"north": {"uv": [0, 2.5, 2.5, 5], "texture": "#2"},
				"east": {"uv": [7.5, 2.5, 10, 5], "texture": "#2"},
				"south": {"uv": [5, 2.5, 7.5, 5], "texture": "#2"},
				"west": {"uv": [2.5, 2.5, 5, 5], "texture": "#2"},
				"up": {"uv": [0, 0, 2.5, 2.5], "texture": "#2"},
				"down": {"uv": [2.5, 0, 5, 2.5], "texture": "#2"}
			}
		},
		{
			"name": "lead_knot",
			"from": [11.75, 4.75, 13.75],
			"to": [14.25, 7.25, 16.25],
			"rotation": {"angle": 0, "axis": "y", "origin": [0, 0, -0.2]},
			"faces": {
				"north": {"uv": [0, 2.5, 2.5, 5], "texture": "#2"},
				"east": {"uv": [7.5, 2.5, 10, 5], "texture": "#2"},
				"south": {"uv": [5, 2.5, 7.5, 5], "texture": "#2"},
				"west": {"uv": [2.5, 2.5, 5, 5], "texture": "#2"},
				"up": {"uv": [0, 0, 2.5, 2.5], "texture": "#2"},
				"down": {"uv": [2.5, 0, 5, 2.5], "texture": "#2"}
			}
		},
		{
			"name": "lead_knot",
			"from": [1.75, 4.75, 13.75],
			"to": [4.25, 7.25, 16.25],
			"rotation": {"angle": 0, "axis": "y", "origin": [0, 0, -0.2]},
			"faces": {
				"north": {"uv": [0, 2.5, 2.5, 5], "texture": "#2"},
				"east": {"uv": [7.5, 2.5, 10, 5], "texture": "#2"},
				"south": {"uv": [5, 2.5, 7.5, 5], "texture": "#2"},
				"west": {"uv": [2.5, 2.5, 5, 5], "texture": "#2"},
				"up": {"uv": [0, 0, 2.5, 2.5], "texture": "#2"},
				"down": {"uv": [2.5, 0, 5, 2.5], "texture": "#2"}
			}
		}
	],
	"gui_light": "front",
	"display": {
		"thirdperson_righthand": {
			"rotation": [0, -180, 0],
			"translation": [0, 3, 5],
			"scale": [0.55, 0.55, 0.55]
		},
		"thirdperson_lefthand": {
			"rotation": [0, -180, 0],
			"translation": [0, 3, 5],
			"scale": [0.55, 0.55, 0.55]
		},
		"firstperson_righthand": {
			"rotation": [0, 90, 25],
			"translation": [-0.12, 2.2, 1.13],
			"scale": [0.68, 0.68, 0.68]
		},
		"firstperson_lefthand": {
			"rotation": [0, 90, 25],
			"translation": [-0.12, 2.2, 1.13],
			"scale": [0.68, 0.68, 0.68]
		},
		"ground": {
			"rotation": [90, 0, 0],
			"translation": [0, 1.5, 0],
			"scale": [0.5, 0.5, 0.5]
		},
		"gui": {
			"rotation": [0, -180, 0]
		},
		"fixed": {
			"translation": [0, 0, -8]
		}
	}
}