{
	"credit": "Made with Blockbench",
	"parent": "minecraft:block/block",
	"textures": {
		"particle": "#0"
	},
	"elements": [
		{
			"from": [6, 0, 6],
			"to": [10, 16, 10],
			"faces": {
				"north": {"uv": [8, 0, 12, 16], "texture": "#0"},
				"east": {"uv": [4, 0, 8, 16], "texture": "#0"},
				"south": {"uv": [0, 0, 4, 16], "texture": "#0"},
				"west": {"uv": [12, 0, 16, 16], "texture": "#0"},
				"up": {"uv": [6, 6, 10, 10], "texture": "#0", "cullface": "up"}
			}
		},
		{
			"from": [6, -1, 6],
			"to": [10, 0, 10],
			"faces": {
				"north": {"uv": [0, 0, 4, 1], "texture": "#0", "cullface": "down"},
				"east": {"uv": [4, 0, 8, 1], "texture": "#0", "cullface": "down"},
				"south": {"uv": [8, 0, 12, 1], "texture": "#0", "cullface": "down"},
				"west": {"uv": [12, 0, 16, 1], "texture": "#0", "cullface": "down"},
				"down": {"uv": [6, 6, 10, 10], "texture": "#0", "cullface": "down"}
			}
		}
	]
}