{
	"credit": "Made with Blockbench",
	"textures": {
		"3": "block/sandstone",
		"4": "block/sandstone_bottom",
		"5": "block/sandstone_bottom"
	},
	"elements": [
		{
			"from": [5, 0.1, 0],
			"to": [11, 14, 8],
			"faces": {
				"north": {"uv": [5, 2, 11, 16], "texture": "#3", "cullface": "north"},
				"east": {"uv": [8, 2, 16, 16], "texture": "#3"},
				"south": {"uv": [5, 2, 11, 16], "texture": "#3"},
				"west": {"uv": [0, 2, 8, 16], "texture": "#3"},
				"up": {"uv": [5, 0, 11, 8], "texture": "#4"},
				"down": {"uv": [5, 0, 11, 8], "texture": "#5", "cullface": "down"}
			}
		}
	]
}