{
	"credit": "Made with Blockbench",
	"parent": "block/block",
	"ambientocclusion": false,
	"textures": {
		"1": "block/sandstone_bottom",
		"2": "block/sandstone_top",
		"3": "block/sandstone",
		"4": "block/sandstone_bottom"
	},
	"elements": [
		{
			"name": "Center post",
			"from": [4, 0, 4],
			"to": [12, 16, 12],
			"faces": {
				"north": {"uv": [4, 0, 12, 16], "texture": "#3"},
				"east": {"uv": [4, 0, 12, 16], "texture": "#3"},
				"south": {"uv": [4, 0, 12, 16], "texture": "#3"},
				"west": {"uv": [4, 0, 12, 16], "texture": "#3"},
				"up": {"uv": [4, 4, 12, 12], "texture": "#2"},
				"down": {"uv": [4, 4, 12, 12], "texture": "#1", "cullface": "down"}
			}
		},
		{
			"name": "Full wall",
			"from": [5, 0, 0],
			"to": [11, 13, 16],
			"faces": {
				"north": {"uv": [5, 3, 11, 16], "texture": "#3", "cullface": "north"},
				"east": {"uv": [0, 3, 16, 16], "texture": "#3"},
				"south": {"uv": [5, 3, 11, 16], "texture": "#3", "cullface": "south"},
				"west": {"uv": [0, 3, 16, 16], "texture": "#3"},
				"up": {"uv": [5, 0, 11, 16], "texture": "#4"},
				"down": {"uv": [5, 0, 11, 16], "texture": "#1", "cullface": "down"}
			}
		}
	],
	"display": {
		"gui": {
			"rotation": [30, 135, 0],
			"scale": [0.625, 0.625, 0.625]
		},
		"fixed": {
			"rotation": [0, 90, 0],
			"scale": [0.5, 0.5, 0.5]
		}
	}
}