{
	"credit": "Made with Blockbench",
	"parent": "minecraft:block/tinted_cross",
	"textures": {
		"cross": "block/sugar_cane"
	},
	"elements": [
		{
			"from": [8, -7, 0],
			"to": [8, 16, 16],
			"rotation": {"angle": 45, "axis": "y", "origin": [8, 0, 8]},
			"faces": {
				"north": {"uv": [0, 0, 0, 16], "texture": "#missing"},
				"east": {"uv": [0, 0, 16, 16], "texture": "#cross"},
				"south": {"uv": [0, 0, 0, 16], "texture": "#missing"},
				"west": {"uv": [0, 0, 16, 16], "texture": "#cross"},
				"up": {"uv": [0, 0, 16, 0], "rotation": 90, "texture": "#missing"},
				"down": {"uv": [0, 0, 16, 0], "rotation": 270, "texture": "#missing"}
			}
		},
		{
			"from": [0, -7, 8],
			"to": [16, 16, 8],
			"rotation": {"angle": 45, "axis": "y", "origin": [8, 0, 8]},
			"faces": {
				"north": {"uv": [0, 0, 16, 16], "texture": "#cross"},
				"east": {"uv": [0, 0, 0, 16], "texture": "#missing"},
				"south": {"uv": [0, 0, 16, 16], "texture": "#cross"},
				"west": {"uv": [0, 0, 0, 16], "texture": "#missing"},
				"up": {"uv": [0, 0, 16, 0], "rotation": 180, "texture": "#missing"},
				"down": {"uv": [0, 0, 16, 0], "rotation": 180, "texture": "#missing"}
			}
		}
	]
}