{
	"credit": "Made with Blockbench",
	"textures": {
		"cross": "block/brown_mushroom_d",
		"particle": "block/brown_mushroom"
	},
	"elements": [
		{
			"from": [7, 0, 7],
			"to": [9, 4, 9],
			"faces": {
				"north": {"uv": [8, 3, 10, 7], "texture": "#cross"},
				"east": {"uv": [10, 3, 12, 7], "texture": "#cross"},
				"south": {"uv": [8, 3, 10, 7], "texture": "#cross"},
				"west": {"uv": [10, 3, 12, 7], "texture": "#cross"},
				"up": {"uv": [10, 1, 12, 3], "texture": "#cross"},
				"down": {"uv": [11, 1, 13, 3], "texture": "#cross"}
			}
		},
		{
			"from": [4, 4, 4],
			"to": [12, 8, 12],
			"faces": {
				"north": {"uv": [0, 8, 8, 12], "texture": "#cross"},
				"east": {"uv": [0, 8, 8, 12], "texture": "#cross"},
				"south": {"uv": [0, 8, 8, 12], "texture": "#cross"},
				"west": {"uv": [0, 8, 8, 12], "texture": "#cross"},
				"up": {"uv": [0, 0, 8, 8], "texture": "#cross"},
				"down": {"uv": [0, 0, 8, 8], "texture": "#cross"}
			}
		}
	]
}