{
	"credit": "Made with Blockbench",
	"parent": "minecraft:block/tinted_cross",
	"textures": {
		"cross": "block/sugar_cane"
	},
	"elements": [
		{
			"from": [6, 0, 9],
			"to": [8, 16, 11],
			"faces": {
				"north": {"uv": [13, 0, 15, 16], "texture": "#cross", "tintindex": 0},
				"east": {"uv": [13, 0, 15, 16], "texture": "#cross", "tintindex": 0},
				"south": {"uv": [13, 0, 15, 16], "texture": "#cross", "tintindex": 0},
				"west": {"uv": [13, 0, 15, 16], "texture": "#cross", "tintindex": 0},
				"up": {"uv": [13, 0, 15, 2], "texture": "#cross", "tintindex": 0},
				"down": {"uv": [13, 0, 15, 2], "texture": "#cross", "tintindex": 0}
			}
		},
		{
			"from": [2, -4, 2],
			"to": [4, 12, 4],
			"faces": {
				"north": {"uv": [1, 0, 3, 16], "texture": "#cross", "tintindex": 0},
				"east": {"uv": [1, 0, 3, 16], "texture": "#cross", "tintindex": 0},
				"south": {"uv": [1, 0, 3, 16], "texture": "#cross", "tintindex": 0},
				"west": {"uv": [1, 0, 3, 16], "texture": "#cross", "tintindex": 0},
				"up": {"uv": [1, 0, 3, 2], "texture": "#cross", "tintindex": 0},
				"down": {"uv": [1, 0, 3, 2], "texture": "#cross", "tintindex": 0}
			}
		},
		{
			"from": [9, -2, 1],
			"to": [11, 14, 3],
			"faces": {
				"north": {"uv": [5, 0, 7, 16], "texture": "#cross", "tintindex": 0},
				"east": {"uv": [5, 0, 7, 16], "texture": "#cross", "tintindex": 0},
				"south": {"uv": [5, 0, 7, 16], "texture": "#cross", "tintindex": 0},
				"west": {"uv": [5, 0, 7, 16], "texture": "#cross", "tintindex": 0},
				"up": {"uv": [1, 0, 3, 2], "texture": "#cross", "tintindex": 0},
				"down": {"uv": [1, 0, 3, 2], "texture": "#cross", "tintindex": 0}
			}
		},
		{
			"from": [13, -2, 6],
			"to": [15, 14, 8],
			"faces": {
				"north": {"uv": [5, 0, 7, 16], "texture": "#cross", "tintindex": 0},
				"east": {"uv": [5, 0, 7, 16], "texture": "#cross", "tintindex": 0},
				"south": {"uv": [5, 0, 7, 16], "texture": "#cross", "tintindex": 0},
				"west": {"uv": [5, 0, 7, 16], "texture": "#cross", "tintindex": 0},
				"up": {"uv": [1, 0, 3, 2], "texture": "#cross", "tintindex": 0},
				"down": {"uv": [1, 0, 3, 2], "texture": "#cross", "tintindex": 0}
			}
		},
		{
			"from": [13, -5, 12],
			"to": [15, 11, 14],
			"faces": {
				"north": {"uv": [9, 0, 11, 16], "texture": "#cross", "tintindex": 0},
				"east": {"uv": [9, 0, 11, 16], "texture": "#cross", "tintindex": 0},
				"south": {"uv": [9, 0, 11, 16], "texture": "#cross", "tintindex": 0},
				"west": {"uv": [9, 0, 11, 16], "texture": "#cross", "tintindex": 0},
				"up": {"uv": [1, 0, 3, 2], "texture": "#cross", "tintindex": 0},
				"down": {"uv": [1, 0, 3, 2], "texture": "#cross", "tintindex": 0}
			}
		},
		{
			"from": [3, -1, 13],
			"to": [5, 15, 15],
			"faces": {
				"north": {"uv": [9, 0, 11, 16], "texture": "#cross", "tintindex": 0},
				"east": {"uv": [9, 0, 11, 16], "texture": "#cross", "tintindex": 0},
				"south": {"uv": [9, 0, 11, 16], "texture": "#cross", "tintindex": 0},
				"west": {"uv": [9, 0, 11, 16], "texture": "#cross", "tintindex": 0},
				"up": {"uv": [1, 0, 3, 2], "texture": "#cross", "tintindex": 0},
				"down": {"uv": [1, 0, 3, 2], "texture": "#cross", "tintindex": 0}
			}
		},
		{
			"from": [8, 8, 2],
			"to": [9, 10, 2],
			"rotation": {"angle": 0, "axis": "y", "origin": [10, 11, 3.5]},
			"faces": {
				"north": {"uv": [0, 8, 1, 10], "texture": "#cross"},
				"east": {"uv": [0, 0, 0, 2], "texture": "#cross"},
				"south": {"uv": [0, 8, 1, 10], "texture": "#cross"},
				"west": {"uv": [0, 0, 0, 2], "texture": "#cross"},
				"up": {"uv": [0, 0, 0, 1], "rotation": 90, "texture": "#cross"},
				"down": {"uv": [0, 0, 0, 1], "rotation": 270, "texture": "#cross"}
			}
		},
		{
			"from": [10, 2, 0],
			"to": [10, 4, 1],
			"faces": {
				"north": {"uv": [0, 0, 0, 2], "texture": "#cross"},
				"east": {"uv": [0, 8, 1, 10], "texture": "#cross"},
				"south": {"uv": [0, 0, 0, 2], "texture": "#cross"},
				"west": {"uv": [0, 8, 1, 10], "texture": "#cross"},
				"up": {"uv": [0, 0, 0, 1], "texture": "#cross"},
				"down": {"uv": [0, 0, 0, 1], "texture": "#cross"}
			}
		},
		{
			"from": [14, 4, 14],
			"to": [14, 6, 15],
			"rotation": {"angle": 0, "axis": "y", "origin": [13.25, 5, 12.25]},
			"faces": {
				"north": {"uv": [0, 0, 0, 2], "texture": "#cross"},
				"east": {"uv": [0, 8, 1, 10], "texture": "#cross"},
				"south": {"uv": [0, 0, 0, 2], "texture": "#cross"},
				"west": {"uv": [0, 8, 1, 10], "texture": "#cross"},
				"up": {"uv": [0, 0, 0, 1], "texture": "#cross"},
				"down": {"uv": [0, 0, 0, 1], "texture": "#cross"}
			}
		},
		{
			"from": [12.25, -4, 13],
			"to": [13.25, -2, 13],
			"rotation": {"angle": 0, "axis": "y", "origin": [13.25, 5, 12.25]},
			"faces": {
				"north": {"uv": [0, 8, 1, 10], "texture": "#cross"},
				"east": {"uv": [0, 0, 0, 2], "texture": "#cross"},
				"south": {"uv": [0, 8, 1, 10], "texture": "#cross"},
				"west": {"uv": [0, 0, 0, 2], "texture": "#cross"},
				"up": {"uv": [0, 0, 0, 1], "rotation": 270, "texture": "#cross"},
				"down": {"uv": [0, 0, 0, 1], "rotation": 90, "texture": "#cross"}
			}
		},
		{
			"from": [3, 10, 4],
			"to": [3, 12, 5],
			"rotation": {"angle": 0, "axis": "y", "origin": [13.25, 5, 12.25]},
			"faces": {
				"north": {"uv": [0, 0, 0, 2], "texture": "#cross"},
				"east": {"uv": [0, 8, 1, 10], "texture": "#cross"},
				"south": {"uv": [0, 0, 0, 2], "texture": "#cross"},
				"west": {"uv": [0, 8, 1, 10], "texture": "#cross"},
				"up": {"uv": [0, 0, 0, 1], "texture": "#cross"},
				"down": {"uv": [0, 0, 0, 1], "texture": "#cross"}
			}
		},
		{
			"from": [1.25, 2, 3],
			"to": [2.25, 4, 3],
			"rotation": {"angle": 0, "axis": "y", "origin": [13.25, 5, 12.25]},
			"faces": {
				"north": {"uv": [0, 8, 1, 10], "texture": "#cross"},
				"east": {"uv": [0, 0, 0, 2], "texture": "#cross"},
				"south": {"uv": [0, 8, 1, 10], "texture": "#cross"},
				"west": {"uv": [0, 0, 0, 2], "texture": "#cross"},
				"up": {"uv": [0, 0, 0, 1], "rotation": 270, "texture": "#cross"},
				"down": {"uv": [0, 0, 0, 1], "rotation": 90, "texture": "#cross"}
			}
		},
		{
			"from": [5.125, 14, 9.875],
			"to": [6.125, 15, 9.875],
			"rotation": {"angle": 0, "axis": "y", "origin": [2.375, 11, 6.75]},
			"faces": {
				"north": {"uv": [0, 8, 1, 9], "texture": "#cross"},
				"east": {"uv": [0, 0, 0, 2], "texture": "#cross"},
				"south": {"uv": [0, 8, 1, 9], "texture": "#cross"},
				"west": {"uv": [0, 0, 0, 2], "texture": "#cross"},
				"up": {"uv": [0, 0, 0, 1], "rotation": 90, "texture": "#cross"},
				"down": {"uv": [0, 0, 0, 1], "rotation": 270, "texture": "#cross"}
			}
		},
		{
			"from": [7.625, 5, 9.875],
			"to": [8.625, 7, 9.875],
			"rotation": {"angle": 0, "axis": "y", "origin": [8.125, 6, 8.625]},
			"faces": {
				"north": {"uv": [0, 8, 1, 10], "texture": "#cross"},
				"east": {"uv": [0, 0, 0, 2], "texture": "#cross"},
				"south": {"uv": [0, 8, 1, 10], "texture": "#cross"},
				"west": {"uv": [0, 0, 0, 2], "texture": "#cross"},
				"up": {"uv": [0, 0, 0, 1], "rotation": 90, "texture": "#cross"},
				"down": {"uv": [0, 0, 0, 1], "rotation": 270, "texture": "#cross"}
			}
		},
		{
			"from": [4, 9, 15],
			"to": [4, 10, 16],
			"rotation": {"angle": 0, "axis": "y", "origin": [13.25, 5, 12.25]},
			"faces": {
				"north": {"uv": [0, 0, 0, 2], "texture": "#cross"},
				"east": {"uv": [0, 8, 1, 9], "texture": "#cross"},
				"south": {"uv": [0, 0, 0, 2], "texture": "#cross"},
				"west": {"uv": [0, 8, 1, 9], "texture": "#cross"},
				"up": {"uv": [0, 0, 0, 1], "texture": "#cross"},
				"down": {"uv": [0, 0, 0, 1], "texture": "#cross"}
			}
		}
	],
	"groups": [
		{
			"name": "canes",
			"origin": [0, 0, 0],
			"color": 0,
			"children": [0, 1, 2, 3, 4, 5]
		},
		{
			"name": "leafs",
			"origin": [8, 8, 8],
			"color": 0,
			"children": [
				{
					"name": "group",
					"origin": [0, 0, 0],
					"color": 0,
					"children": [6, 7]
				},
				{
					"name": "group",
					"origin": [0, 0, 0],
					"color": 0,
					"children": [8, 9]
				},
				{
					"name": "group",
					"origin": [0, 0, 0],
					"color": 0,
					"children": [10, 11]
				},
				{
					"name": "group",
					"origin": [0, 0, 0],
					"color": 0,
					"children": [12, 13]
				},
				{
					"name": "group",
					"origin": [0, 0, 0],
					"color": 0,
					"children": [14]
				}
			]
		}
	]
}