{
	"credit": "Made with Blockbench",
	"textures": {
		"cross": "block/warped_fungus_d",
		"particle": "block/warped_fungus"
	},
	"elements": [
		{
			"from": [7, 0, 7],
			"to": [9, 5, 9],
			"faces": {
				"north": {"uv": [14, 11, 16, 16], "texture": "#cross"},
				"east": {"uv": [14, 12, 16, 16], "texture": "#cross"},
				"south": {"uv": [14, 11, 16, 16], "texture": "#cross"},
				"west": {"uv": [14, 11, 16, 16], "texture": "#cross"},
				"up": {"uv": [14, 11, 16, 13], "texture": "#cross"},
				"down": {"uv": [14, 11, 16, 13], "texture": "#cross"}
			}
		},
		{
			"from": [3, 5, 3],
			"to": [13, 9, 13],
			"faces": {
				"north": {"uv": [0, 10, 10, 14], "texture": "#cross"},
				"east": {"uv": [0, 10, 10, 14], "texture": "#cross"},
				"south": {"uv": [0, 10, 10, 14], "texture": "#cross"},
				"west": {"uv": [0, 10, 10, 14], "texture": "#cross"},
				"up": {"uv": [0, 0, 10, 10], "texture": "#cross"},
				"down": {"uv": [0, 0, 10, 10], "texture": "#cross"}
			}
		}
	]
}