{
	"textures": {
		"0": "blockbench/cauldron3/texture_0",
		"1": "blockbench/cauldron3/texture_2",
		"2": "blockbench/cauldron3/texture_1",
		"3": "blockbench/cauldron3/texture_5",
		"6": "blockbench/cauldron3/texture_4",
		"particle": "blockbench/cauldron3/texture_0"
	},
	"elements": [
		{
			"name": "base",
			"from": [2.5, 2, 13.5],
			"to": [13.5, 13, 15.5],
			"faces": {
				"north": {"uv": [3, 3, 13, 14], "texture": "#0"},
				"east": {"uv": [0, 0, 3, 14], "texture": "#missing"},
				"south": {"uv": [3, 3, 13, 14], "texture": "#0"},
				"west": {"uv": [0, 0, 3, 14], "texture": "#missing"},
				"up": {"uv": [5, 0, 14, 3], "rotation": 180, "texture": "#1"},
				"down": {"uv": [0, 0, 10, 3], "texture": "#1"}
			}
		},
		{
			"name": "base",
			"from": [0.5, 2, 0.5],
			"to": [2.5, 13, 15.5],
			"faces": {
				"north": {"uv": [13, 3, 16, 14], "texture": "#0"},
				"east": {"uv": [1, 3, 16, 14], "texture": "#0"},
				"south": {"uv": [0, 3, 3, 14], "texture": "#0"},
				"west": {"uv": [0, 3, 16, 14], "texture": "#0"},
				"up": {"uv": [13, 0, 16, 16], "rotation": 180, "texture": "#1"},
				"down": {"uv": [0, 0, 3, 16], "texture": "#1"}
			}
		},
		{
			"name": "base",
			"from": [13.5, 2, 0.5],
			"to": [15.5, 13, 15.5],
			"faces": {
				"north": {"uv": [0, 3, 3, 14], "texture": "#0"},
				"east": {"uv": [0, 3, 16, 14], "texture": "#0"},
				"south": {"uv": [13, 3, 16, 14], "texture": "#0"},
				"west": {"uv": [1, 3, 16, 14], "texture": "#0"},
				"up": {"uv": [0, 0, 3, 16], "rotation": 180, "texture": "#1"},
				"down": {"uv": [0, 0, 3, 16], "texture": "#1"}
			}
		},
		{
			"name": "base",
			"from": [2.5, 2, 0.5],
			"to": [13.5, 13, 2.5],
			"faces": {
				"north": {"uv": [3, 3, 13, 14], "texture": "#0"},
				"east": {"uv": [0, 0, 3, 14], "texture": "#missing"},
				"south": {"uv": [3, 3, 13, 14], "texture": "#0"},
				"west": {"uv": [0, 0, 3, 14], "texture": "#missing"},
				"up": {"uv": [3, 13, 13, 16], "rotation": 180, "texture": "#1"},
				"down": {"uv": [0, 0, 10, 3], "texture": "#1"}
			}
		},
		{
			"name": "inner",
			"from": [3, 3, 3],
			"to": [13, 4, 13],
			"faces": {
				"north": {"uv": [0, 0, 10, 1], "texture": "#3"},
				"east": {"uv": [0, 0, 10, 1], "texture": "#3"},
				"south": {"uv": [0, 0, 10, 1], "texture": "#3"},
				"west": {"uv": [0, 0, 10, 1], "texture": "#3"},
				"up": {"uv": [0, 0, 16, 16], "texture": "#3"},
				"down": {"uv": [4, 3, 14, 13], "texture": "#0"}
			}
		},
		{
			"name": "foot",
			"from": [0, 0, 0],
			"to": [5, 2, 5],
			"faces": {
				"north": {"uv": [11, 14, 16, 16], "texture": "#0"},
				"east": {"uv": [11, 14, 16, 16], "texture": "#0"},
				"south": {"uv": [0, 14, 5, 16], "texture": "#0"},
				"west": {"uv": [0, 14, 5, 16], "texture": "#0"},
				"up": {"uv": [0, 0, 5, 5], "texture": "#0"},
				"down": {"uv": [0, 11, 5, 16], "texture": "#2"}
			}
		},
		{
			"name": "foot",
			"from": [11, 0, 0],
			"to": [16, 2, 5],
			"faces": {
				"north": {"uv": [0, 14, 5, 16], "texture": "#0"},
				"east": {"uv": [11, 14, 16, 16], "texture": "#0"},
				"south": {"uv": [11, 14, 16, 16], "texture": "#0"},
				"west": {"uv": [0, 14, 5, 16], "texture": "#0"},
				"up": {"uv": [0, 0, 5, 5], "texture": "#0"},
				"down": {"uv": [11, 11, 16, 16], "texture": "#2"}
			}
		},
		{
			"name": "foot",
			"from": [0, 0, 11],
			"to": [5, 2, 16],
			"faces": {
				"north": {"uv": [11, 14, 16, 16], "texture": "#0"},
				"east": {"uv": [0, 0, 5, 2], "texture": "#0"},
				"south": {"uv": [0, 14, 5, 16], "texture": "#0"},
				"west": {"uv": [11, 14, 16, 16], "texture": "#0"},
				"up": {"uv": [0, 0, 5, 5], "texture": "#0"},
				"down": {"uv": [0, 0, 5, 5], "texture": "#2"}
			}
		},
		{
			"name": "foot",
			"from": [11, 0, 11],
			"to": [16, 2, 16],
			"faces": {
				"north": {"uv": [0, 14, 5, 16], "texture": "#0"},
				"east": {"uv": [0, 14, 5, 16], "texture": "#0"},
				"south": {"uv": [11, 14, 16, 16], "texture": "#0"},
				"west": {"uv": [0, 0, 5, 2], "texture": "#0"},
				"up": {"uv": [0, 0, 5, 5], "texture": "#0"},
				"down": {"uv": [11, 0, 16, 5], "texture": "#2"}
			}
		},
		{
			"from": [0, 13, 0],
			"to": [3, 16, 13],
			"faces": {
				"north": {"uv": [0, 0, 3, 3], "texture": "#0"},
				"east": {"uv": [0, 0, 13, 3], "texture": "#0"},
				"south": {"uv": [0, 0, 3, 3], "texture": "#0"},
				"west": {"uv": [0, 0, 13, 3], "texture": "#0"},
				"up": {"uv": [0, 0, 3, 13], "texture": "#1"},
				"down": {"uv": [0, 3, 3, 16], "texture": "#1"}
			}
		},
		{
			"from": [13, 13, 3],
			"to": [16, 16, 16],
			"faces": {
				"north": {"uv": [0, 0, 3, 3], "texture": "#0"},
				"east": {"uv": [0, 0, 13, 3], "texture": "#0"},
				"south": {"uv": [0, 0, 3, 3], "texture": "#0"},
				"west": {"uv": [0, 0, 13, 3], "texture": "#0"},
				"up": {"uv": [13, 3, 16, 16], "texture": "#1"},
				"down": {"uv": [13, 0, 16, 13], "texture": "#1"}
			}
		},
		{
			"from": [3, 13, 0],
			"to": [16, 16, 3],
			"rotation": {"angle": 0, "axis": "y", "origin": [-0.5, 15, 8]},
			"faces": {
				"north": {"uv": [0, 0, 13, 3], "texture": "#0"},
				"east": {"uv": [0, 0, 3, 3], "texture": "#0"},
				"south": {"uv": [0, 0, 13, 3], "texture": "#0"},
				"west": {"uv": [0, 0, 3, 3], "texture": "#0"},
				"up": {"uv": [13, 3, 16, 16], "rotation": 270, "texture": "#1"},
				"down": {"uv": [13, 0, 16, 13], "rotation": 90, "texture": "#1"}
			}
		},
		{
			"from": [0, 13, 13],
			"to": [13, 16, 16],
			"rotation": {"angle": 0, "axis": "y", "origin": [-0.5, 15, 8]},
			"faces": {
				"north": {"uv": [0, 0, 13, 3], "texture": "#0"},
				"east": {"uv": [0, 0, 3, 3], "texture": "#0"},
				"south": {"uv": [0, 0, 13, 3], "texture": "#0"},
				"west": {"uv": [0, 0, 3, 3], "texture": "#0"},
				"up": {"uv": [0, 0, 3, 13], "rotation": 270, "texture": "#1"},
				"down": {"uv": [0, 3, 3, 16], "rotation": 90, "texture": "#1"}
			}
		},
		{
			"from": [2, 4, 2],
			"to": [14, 9, 14],
			"faces": {
				"up": {"uv": [0, 0, 16, 16], "texture": "#6", "cullface": "up"}
			}
		}
	],
	"display": {
		"thirdperson_righthand": {
			"rotation": [75, 45, 0],
			"translation": [0, 2.5, 0],
			"scale": [0.375, 0.375, 0.375]
		},
		"thirdperson_lefthand": {
			"rotation": [75, 45, 0],
			"translation": [0, 2.5, 0],
			"scale": [0.375, 0.375, 0.375]
		},
		"firstperson_righthand": {
			"rotation": [0, 45, 0],
			"translation": [0.4, 0.4, 0.4],
			"scale": [0.4, 0.4, 0.4]
		},
		"firstperson_lefthand": {
			"rotation": [0, -135, 0],
			"translation": [0.4, 0.4, 0.4],
			"scale": [0.5, 0.5, 0.5]
		},
		"ground": {
			"rotation": [0, 3, 0],
			"translation": [0.25, 0.25, 0.25],
			"scale": [0.25, 0.25, 0.25]
		},
		"gui": {
			"rotation": [30, -135, 0],
			"scale": [0.625, 0.625, 0.625]
		},
		"fixed": {
			"scale": [0.5, 0.5, 0.5]
		}
	}
}
