{
	"credit": "Made with Blockbench",
	"textures": {
		"3": "block/cake_bottom",
		"4": "block/cake_side",
		"5": "block/cake_inner",
		"top": "block/cake_top",
		"particle": "block/cake_bottom"
	},
	"elements": [
		{
			"from": [5, 0, 2],
			"to": [14, 4, 11],
			"faces": {
				"north": {"uv": [2, 9, 11, 13], "texture": "#5"},
				"east": {"uv": [2, 9, 11, 13], "texture": "#5"},
				"south": {"uv": [5, 9, 14, 13], "texture": "#5"},
				"west": {"uv": [3, 9, 12, 13], "texture": "#5"},
				"up": {"uv": [0, 0, 14, 14], "texture": "#missing"},
				"down": {"uv": [2, 2, 14, 14], "texture": "#3"}
			}
		},
		{
			"from": [5, 4, 2],
			"to": [14, 5, 11],
			"faces": {
				"north": {"uv": [2, 10, 14, 11], "texture": "#4"},
				"east": {"uv": [2, 10, 12, 11], "texture": "#4"},
				"south": {"uv": [5, 10, 14, 11], "texture": "#4"},
				"west": {"uv": [2, 10, 11, 11], "texture": "#4"},
				"up": {"uv": [4, 3, 13, 12], "texture": "#top"},
				"down": {"uv": [0, 0, 12, 12], "texture": "#missing"}
			}
		}
	]
}