{
	"credit": "Made with Blockbench",
	"textures": {
		"3": "block/cake_bottom",
		"4": "block/cake_side",
		"top": "block/cake_top"
	},
	"elements": [
		{
			"from": [2, 0, 2],
			"to": [14, 4, 14],
			"faces": {
				"north": {"uv": [2, 12, 14, 16], "texture": "#4"},
				"east": {"uv": [2, 12, 14, 16], "texture": "#4"},
				"south": {"uv": [2, 12, 14, 16], "texture": "#4"},
				"west": {"uv": [2, 12, 14, 16], "texture": "#4"},
				"up": {"uv": [0, 0, 14, 14], "texture": "#missing"},
				"down": {"uv": [2, 2, 14, 14], "texture": "#3"}
			}
		},
		{
			"from": [3, 5, 3],
			"to": [13, 9, 13],
			"faces": {
				"north": {"uv": [3, 12, 13, 16], "texture": "#4"},
				"east": {"uv": [3, 12, 13, 16], "texture": "#4"},
				"south": {"uv": [3, 12, 13, 16], "texture": "#4"},
				"west": {"uv": [3, 12, 13, 16], "texture": "#4"},
				"up": {"uv": [0, 0, 14, 14], "texture": "#missing"},
				"down": {"uv": [2, 2, 14, 14], "texture": "#3"}
			}
		},
		{
			"from": [3, 0, 1],
			"to": [13, 4, 2],
			"faces": {
				"north": {"uv": [3, 12, 13, 16], "texture": "#4"},
				"east": {"uv": [2, 12, 3, 16], "texture": "#4"},
				"south": {"uv": [0, 0, 10, 4], "texture": "#missing"},
				"west": {"uv": [13, 12, 14, 16], "texture": "#4"},
				"up": {"uv": [0, 0, 10, 1], "texture": "#missing"},
				"down": {"uv": [3, 1, 13, 2], "texture": "#3"}
			}
		},
		{
			"from": [3, 0, 14],
			"to": [13, 4, 15],
			"faces": {
				"north": {"uv": [3, 12, 13, 16], "texture": "#4"},
				"east": {"uv": [2, 12, 3, 16], "texture": "#4"},
				"south": {"uv": [3, 12, 13, 16], "texture": "#4"},
				"west": {"uv": [13, 12, 14, 16], "texture": "#4"},
				"up": {"uv": [0, 0, 10, 1], "texture": "#missing"},
				"down": {"uv": [3, 1, 13, 2], "texture": "#3"}
			}
		},
		{
			"from": [1, 0, 3],
			"to": [2, 4, 13],
			"faces": {
				"north": {"uv": [2, 12, 3, 16], "texture": "#4"},
				"east": {"uv": [0, 0, 10, 4], "texture": "#missing"},
				"south": {"uv": [13, 12, 14, 16], "texture": "#4"},
				"west": {"uv": [3, 12, 13, 16], "texture": "#4"},
				"up": {"uv": [0, 0, 1, 10], "texture": "#missing"},
				"down": {"uv": [14, 3, 15, 13], "texture": "#3"}
			}
		},
		{
			"from": [14, 0, 3],
			"to": [15, 4, 13],
			"faces": {
				"north": {"uv": [2, 12, 3, 16], "texture": "#4"},
				"east": {"uv": [3, 12, 13, 16], "texture": "#4"},
				"south": {"uv": [13, 12, 14, 16], "texture": "#4"},
				"west": {"uv": [3, 12, 13, 16], "texture": "#4"},
				"up": {"uv": [0, 0, 1, 10], "texture": "#missing"},
				"down": {"uv": [1, 3, 2, 13], "texture": "#3"}
			}
		},
		{
			"from": [2, 4, 2],
			"to": [14, 5, 14],
			"faces": {
				"north": {"uv": [2, 10, 14, 11], "texture": "#4"},
				"east": {"uv": [2, 10, 14, 11], "texture": "#4"},
				"south": {"uv": [2, 10, 14, 11], "texture": "#4"},
				"west": {"uv": [2, 10, 14, 11], "texture": "#4"},
				"up": {"uv": [2, 2, 14, 14], "texture": "#top"},
				"down": {"uv": [0, 0, 12, 12], "texture": "#missing"}
			}
		},
		{
			"from": [2, 9, 2],
			"to": [14, 10, 14],
			"faces": {
				"north": {"uv": [2, 10, 14, 11], "texture": "#4"},
				"east": {"uv": [2, 10, 14, 11], "texture": "#4"},
				"south": {"uv": [2, 10, 14, 11], "texture": "#4"},
				"west": {"uv": [2, 10, 14, 11], "texture": "#4"},
				"up": {"uv": [2, 2, 14, 14], "texture": "#top"},
				"down": {"uv": [2, 2, 14, 14], "texture": "#3"}
			}
		},
		{
			"from": [0, 3, 3],
			"to": [1, 4, 4],
			"faces": {
				"north": {"uv": [6, 11, 6.5, 12], "texture": "#4"},
				"east": {"uv": [2, 11, 3, 12], "texture": "#4"},
				"south": {"uv": [14, 11, 14.5, 12], "texture": "#4"},
				"west": {"uv": [5, 11, 6, 12], "texture": "#4"},
				"up": {"uv": [14, 11, 14.5, 12], "texture": "#4"},
				"down": {"uv": [14, 10, 14.5, 11], "texture": "#4"}
			}
		},
		{
			"from": [0, 3, 6],
			"to": [1, 4, 7],
			"faces": {
				"north": {"uv": [6, 11, 6.5, 12], "texture": "#4"},
				"east": {"uv": [2, 11, 3, 12], "texture": "#4"},
				"south": {"uv": [14, 11, 14.5, 12], "texture": "#4"},
				"west": {"uv": [5, 11, 6, 12], "texture": "#4"},
				"up": {"uv": [14, 11, 14.5, 12], "texture": "#4"},
				"down": {"uv": [14, 10, 14.5, 11], "texture": "#4"}
			}
		},
		{
			"from": [0, 3, 7],
			"to": [1, 4, 8],
			"faces": {
				"north": {"uv": [6, 11, 6.5, 12], "texture": "#4"},
				"east": {"uv": [2, 11, 3, 12], "texture": "#4"},
				"south": {"uv": [14, 11, 14.5, 12], "texture": "#4"},
				"west": {"uv": [5, 11, 6, 12], "texture": "#4"},
				"up": {"uv": [14, 11, 14.5, 12], "texture": "#4"},
				"down": {"uv": [14, 10, 14.5, 11], "texture": "#4"}
			}
		},
		{
			"from": [0, 3, 8],
			"to": [1, 4, 9],
			"faces": {
				"north": {"uv": [6, 11, 6.5, 12], "texture": "#4"},
				"east": {"uv": [2, 11, 3, 12], "texture": "#4"},
				"south": {"uv": [14, 11, 14.5, 12], "texture": "#4"},
				"west": {"uv": [5, 11, 6, 12], "texture": "#4"},
				"up": {"uv": [14, 11, 14.5, 12], "texture": "#4"},
				"down": {"uv": [14, 10, 14.5, 11], "texture": "#4"}
			}
		},
		{
			"from": [0, 3, 10],
			"to": [1, 4, 11],
			"faces": {
				"north": {"uv": [6, 11, 6.5, 12], "texture": "#4"},
				"east": {"uv": [2, 11, 3, 12], "texture": "#4"},
				"south": {"uv": [14, 11, 14.5, 12], "texture": "#4"},
				"west": {"uv": [5, 11, 6, 12], "texture": "#4"},
				"up": {"uv": [14, 11, 14.5, 12], "texture": "#4"},
				"down": {"uv": [14, 10, 14.5, 11], "texture": "#4"}
			}
		},
		{
			"from": [0, 3, 12],
			"to": [1, 4, 13],
			"faces": {
				"north": {"uv": [6, 11, 6.5, 12], "texture": "#4"},
				"east": {"uv": [2, 11, 3, 12], "texture": "#4"},
				"south": {"uv": [14, 11, 14.5, 12], "texture": "#4"},
				"west": {"uv": [5, 11, 6, 12], "texture": "#4"},
				"up": {"uv": [14, 11, 14.5, 12], "texture": "#4"},
				"down": {"uv": [14, 10, 14.5, 11], "texture": "#4"}
			}
		},
		{
			"from": [15, 3, 12],
			"to": [16, 4, 13],
			"faces": {
				"north": {"uv": [6, 11, 6.5, 12], "texture": "#4"},
				"east": {"uv": [2, 11, 3, 12], "texture": "#4"},
				"south": {"uv": [14, 11, 14.5, 12], "texture": "#4"},
				"west": {"uv": [5, 11, 6, 12], "texture": "#4"},
				"up": {"uv": [14, 11, 14.5, 12], "texture": "#4"},
				"down": {"uv": [14, 10, 14.5, 11], "texture": "#4"}
			}
		},
		{
			"from": [15, 3, 10],
			"to": [16, 4, 11],
			"faces": {
				"north": {"uv": [6, 11, 6.5, 12], "texture": "#4"},
				"east": {"uv": [2, 11, 3, 12], "texture": "#4"},
				"south": {"uv": [14, 11, 14.5, 12], "texture": "#4"},
				"west": {"uv": [5, 11, 6, 12], "texture": "#4"},
				"up": {"uv": [14, 11, 14.5, 12], "texture": "#4"},
				"down": {"uv": [14, 10, 14.5, 11], "texture": "#4"}
			}
		},
		{
			"from": [15, 3, 7],
			"to": [16, 4, 8],
			"faces": {
				"north": {"uv": [6, 11, 6.5, 12], "texture": "#4"},
				"east": {"uv": [2, 11, 3, 12], "texture": "#4"},
				"south": {"uv": [14, 11, 14.5, 12], "texture": "#4"},
				"west": {"uv": [5, 11, 6, 12], "texture": "#4"},
				"up": {"uv": [14, 11, 14.5, 12], "texture": "#4"},
				"down": {"uv": [14, 10, 14.5, 11], "texture": "#4"}
			}
		},
		{
			"from": [15, 3, 8],
			"to": [16, 4, 9],
			"faces": {
				"north": {"uv": [6, 11, 6.5, 12], "texture": "#4"},
				"east": {"uv": [2, 11, 3, 12], "texture": "#4"},
				"south": {"uv": [14, 11, 14.5, 12], "texture": "#4"},
				"west": {"uv": [5, 11, 6, 12], "texture": "#4"},
				"up": {"uv": [14, 11, 14.5, 12], "texture": "#4"},
				"down": {"uv": [14, 10, 14.5, 11], "texture": "#4"}
			}
		},
		{
			"from": [15, 3, 6],
			"to": [16, 4, 7],
			"faces": {
				"north": {"uv": [6, 11, 6.5, 12], "texture": "#4"},
				"east": {"uv": [2, 11, 3, 12], "texture": "#4"},
				"south": {"uv": [14, 11, 14.5, 12], "texture": "#4"},
				"west": {"uv": [5, 11, 6, 12], "texture": "#4"},
				"up": {"uv": [14, 11, 14.5, 12], "texture": "#4"},
				"down": {"uv": [14, 10, 14.5, 11], "texture": "#4"}
			}
		},
		{
			"from": [15, 3, 3],
			"to": [16, 4, 4],
			"faces": {
				"north": {"uv": [6, 11, 6.5, 12], "texture": "#4"},
				"east": {"uv": [2, 11, 3, 12], "texture": "#4"},
				"south": {"uv": [14, 11, 14.5, 12], "texture": "#4"},
				"west": {"uv": [5, 11, 6, 12], "texture": "#4"},
				"up": {"uv": [14, 11, 14.5, 12], "texture": "#4"},
				"down": {"uv": [14, 10, 14.5, 11], "texture": "#4"}
			}
		},
		{
			"from": [15, 3, 4],
			"to": [16, 4, 5],
			"faces": {
				"north": {"uv": [6, 11, 6.5, 12], "texture": "#4"},
				"east": {"uv": [2, 11, 3, 12], "texture": "#4"},
				"south": {"uv": [14, 11, 14.5, 12], "texture": "#4"},
				"west": {"uv": [5, 11, 6, 12], "texture": "#4"},
				"up": {"uv": [14, 11, 14.5, 12], "texture": "#4"},
				"down": {"uv": [14, 10, 14.5, 11], "texture": "#4"}
			}
		},
		{
			"from": [4, 3, 15],
			"to": [5, 4, 16],
			"faces": {
				"north": {"uv": [13, 9, 14, 10], "texture": "#4"},
				"east": {"uv": [10, 11, 10.5, 12], "texture": "#4"},
				"south": {"uv": [6, 11, 7, 12], "texture": "#4"},
				"west": {"uv": [14, 10, 14.5, 11], "texture": "#4"},
				"up": {"uv": [2, 10, 3, 10.5], "texture": "#4"},
				"down": {"uv": [13, 9, 14, 9.5], "texture": "#4"}
			}
		},
		{
			"from": [5, 3, 15],
			"to": [6, 4, 16],
			"faces": {
				"north": {"uv": [13, 9, 14, 10], "texture": "#4"},
				"east": {"uv": [10, 11, 10.5, 12], "texture": "#4"},
				"south": {"uv": [6, 11, 7, 12], "texture": "#4"},
				"west": {"uv": [14, 10, 14.5, 11], "texture": "#4"},
				"up": {"uv": [2, 10, 3, 10.5], "texture": "#4"},
				"down": {"uv": [13, 9, 14, 9.5], "texture": "#4"}
			}
		},
		{
			"from": [8, 3, 15],
			"to": [9, 4, 16],
			"faces": {
				"north": {"uv": [13, 9, 14, 10], "texture": "#4"},
				"east": {"uv": [10, 11, 10.5, 12], "texture": "#4"},
				"south": {"uv": [6, 11, 7, 12], "texture": "#4"},
				"west": {"uv": [14, 10, 14.5, 11], "texture": "#4"},
				"up": {"uv": [2, 10, 3, 10.5], "texture": "#4"},
				"down": {"uv": [13, 9, 14, 9.5], "texture": "#4"}
			}
		},
		{
			"from": [9, 3, 15],
			"to": [10, 4, 16],
			"faces": {
				"north": {"uv": [13, 9, 14, 10], "texture": "#4"},
				"east": {"uv": [10, 11, 10.5, 12], "texture": "#4"},
				"south": {"uv": [6, 11, 7, 12], "texture": "#4"},
				"west": {"uv": [14, 10, 14.5, 11], "texture": "#4"},
				"up": {"uv": [2, 10, 3, 10.5], "texture": "#4"},
				"down": {"uv": [13, 9, 14, 9.5], "texture": "#4"}
			}
		},
		{
			"from": [10, 3, 15],
			"to": [11, 4, 16],
			"faces": {
				"north": {"uv": [13, 9, 14, 10], "texture": "#4"},
				"east": {"uv": [10, 11, 10.5, 12], "texture": "#4"},
				"south": {"uv": [6, 11, 7, 12], "texture": "#4"},
				"west": {"uv": [14, 10, 14.5, 11], "texture": "#4"},
				"up": {"uv": [2, 10, 3, 10.5], "texture": "#4"},
				"down": {"uv": [13, 9, 14, 9.5], "texture": "#4"}
			}
		},
		{
			"from": [10, 3, 0],
			"to": [11, 4, 1],
			"faces": {
				"north": {"uv": [13, 9, 14, 10], "texture": "#4"},
				"east": {"uv": [10, 11, 10.5, 12], "texture": "#4"},
				"south": {"uv": [6, 11, 7, 12], "texture": "#4"},
				"west": {"uv": [14, 10, 14.5, 11], "texture": "#4"},
				"up": {"uv": [2, 10, 3, 10.5], "texture": "#4"},
				"down": {"uv": [13, 9, 14, 9.5], "texture": "#4"}
			}
		},
		{
			"from": [9, 3, 0],
			"to": [10, 4, 1],
			"faces": {
				"north": {"uv": [13, 9, 14, 10], "texture": "#4"},
				"east": {"uv": [10, 11, 10.5, 12], "texture": "#4"},
				"south": {"uv": [6, 11, 7, 12], "texture": "#4"},
				"west": {"uv": [14, 10, 14.5, 11], "texture": "#4"},
				"up": {"uv": [2, 10, 3, 10.5], "texture": "#4"},
				"down": {"uv": [13, 9, 14, 9.5], "texture": "#4"}
			}
		},
		{
			"from": [6, 3, 0],
			"to": [7, 4, 1],
			"faces": {
				"north": {"uv": [13, 9, 14, 10], "texture": "#4"},
				"east": {"uv": [10, 11, 10.5, 12], "texture": "#4"},
				"south": {"uv": [6, 11, 7, 12], "texture": "#4"},
				"west": {"uv": [14, 10, 14.5, 11], "texture": "#4"},
				"up": {"uv": [2, 10, 3, 10.5], "texture": "#4"},
				"down": {"uv": [13, 9, 14, 9.5], "texture": "#4"}
			}
		},
		{
			"from": [5, 3, 0],
			"to": [6, 4, 1],
			"faces": {
				"north": {"uv": [13, 9, 14, 10], "texture": "#4"},
				"east": {"uv": [10, 11, 10.5, 12], "texture": "#4"},
				"south": {"uv": [6, 11, 7, 12], "texture": "#4"},
				"west": {"uv": [14, 10, 14.5, 11], "texture": "#4"},
				"up": {"uv": [2, 10, 3, 10.5], "texture": "#4"},
				"down": {"uv": [13, 9, 14, 9.5], "texture": "#4"}
			}
		},
		{
			"from": [9, 2, 15],
			"to": [10, 3, 16],
			"faces": {
				"north": {"uv": [13, 9, 14, 10], "texture": "#4"},
				"east": {"uv": [10, 11, 10.5, 12], "texture": "#4"},
				"south": {"uv": [6, 11, 7, 12], "texture": "#4"},
				"west": {"uv": [14, 10, 14.5, 11], "texture": "#4"},
				"up": {"uv": [2, 10, 3, 10.5], "texture": "#4"},
				"down": {"uv": [13, 9, 14, 9.5], "texture": "#4"}
			}
		},
		{
			"from": [2, 4, 0],
			"to": [14, 5, 2],
			"faces": {
				"north": {"uv": [2, 10, 14, 11], "texture": "#4"},
				"east": {"uv": [2, 9, 3, 10], "texture": "#4"},
				"south": {"uv": [0, 0, 12, 1], "texture": "#missing"},
				"west": {"uv": [8, 10, 9, 11], "texture": "#4"},
				"up": {"uv": [2, 9, 14, 11], "texture": "#4"},
				"down": {"uv": [2, 10, 14, 11], "texture": "#4"}
			}
		},
		{
			"from": [2, 4, 14],
			"to": [14, 5, 16],
			"faces": {
				"north": {"uv": [2, 10, 14, 11], "texture": "#4"},
				"east": {"uv": [2, 9, 3, 10], "texture": "#4"},
				"south": {"uv": [2, 10, 14, 11], "texture": "#4"},
				"west": {"uv": [8, 10, 9, 11], "texture": "#4"},
				"up": {"uv": [2, 9, 14, 11], "texture": "#4"},
				"down": {"uv": [1, 9, 13, 10], "texture": "#4"}
			}
		},
		{
			"from": [0, 4, 2],
			"to": [2, 5, 14],
			"faces": {
				"north": {"uv": [1, 9, 2, 10], "texture": "#4"},
				"east": {"uv": [0, 0, 12, 1], "texture": "#missing"},
				"south": {"uv": [14, 11, 15, 12], "texture": "#4"},
				"west": {"uv": [1, 10, 13, 11], "texture": "#4"},
				"up": {"uv": [1, 9, 15, 11], "rotation": 90, "texture": "#4"},
				"down": {"uv": [1, 2, 2, 14], "texture": "#top"}
			}
		},
		{
			"from": [14, 4, 2],
			"to": [16, 5, 14],
			"faces": {
				"north": {"uv": [1, 9, 2, 10], "texture": "#4"},
				"east": {"uv": [2, 10, 14, 11], "texture": "#4"},
				"south": {"uv": [14, 11, 15, 12], "texture": "#4"},
				"west": {"uv": [1, 10, 13, 11], "texture": "#4"},
				"up": {"uv": [1, 9, 15, 11], "rotation": 90, "texture": "#4"},
				"down": {"uv": [1, 2, 2, 14], "texture": "#top"}
			}
		},
		{
			"from": [2, 8, 2],
			"to": [3, 9, 3],
			"faces": {
				"north": {"uv": [1, 2, 2, 3], "texture": "#top"},
				"east": {"uv": [1, 1, 2, 2], "texture": "#top"},
				"south": {"uv": [3, 3, 4, 4], "texture": "#top"},
				"west": {"uv": [2, 2, 3, 3], "texture": "#top"},
				"up": {"uv": [3, 2, 4, 3], "texture": "#top"},
				"down": {"uv": [2, 4, 3, 5], "texture": "#top"}
			}
		},
		{
			"from": [3, 8, 2],
			"to": [4, 9, 3],
			"faces": {
				"north": {"uv": [1, 2, 2, 3], "texture": "#top"},
				"east": {"uv": [1, 1, 2, 2], "texture": "#top"},
				"south": {"uv": [3, 3, 4, 4], "texture": "#top"},
				"west": {"uv": [2, 2, 3, 3], "texture": "#top"},
				"up": {"uv": [3, 2, 4, 3], "texture": "#top"},
				"down": {"uv": [2, 4, 3, 5], "texture": "#top"}
			}
		},
		{
			"from": [6, 8, 2],
			"to": [7, 9, 3],
			"faces": {
				"north": {"uv": [1, 2, 2, 3], "texture": "#top"},
				"east": {"uv": [1, 1, 2, 2], "texture": "#top"},
				"south": {"uv": [3, 3, 4, 4], "texture": "#top"},
				"west": {"uv": [2, 2, 3, 3], "texture": "#top"},
				"up": {"uv": [3, 2, 4, 3], "texture": "#top"},
				"down": {"uv": [2, 4, 3, 5], "texture": "#top"}
			}
		},
		{
			"from": [7, 8, 2],
			"to": [8, 9, 3],
			"faces": {
				"north": {"uv": [1, 2, 2, 3], "texture": "#top"},
				"east": {"uv": [1, 1, 2, 2], "texture": "#top"},
				"south": {"uv": [3, 3, 4, 4], "texture": "#top"},
				"west": {"uv": [2, 2, 3, 3], "texture": "#top"},
				"up": {"uv": [3, 2, 4, 3], "texture": "#top"},
				"down": {"uv": [2, 4, 3, 5], "texture": "#top"}
			}
		},
		{
			"from": [8, 8, 2],
			"to": [9, 9, 3],
			"faces": {
				"north": {"uv": [1, 2, 2, 3], "texture": "#top"},
				"east": {"uv": [1, 1, 2, 2], "texture": "#top"},
				"south": {"uv": [3, 3, 4, 4], "texture": "#top"},
				"west": {"uv": [2, 2, 3, 3], "texture": "#top"},
				"up": {"uv": [3, 2, 4, 3], "texture": "#top"},
				"down": {"uv": [2, 4, 3, 5], "texture": "#top"}
			}
		},
		{
			"from": [8, 7, 2],
			"to": [9, 8, 3],
			"faces": {
				"north": {"uv": [1, 2, 2, 3], "texture": "#top"},
				"east": {"uv": [1, 1, 2, 2], "texture": "#top"},
				"south": {"uv": [3, 3, 4, 4], "texture": "#top"},
				"west": {"uv": [2, 2, 3, 3], "texture": "#top"},
				"up": {"uv": [3, 2, 4, 3], "texture": "#top"},
				"down": {"uv": [2, 4, 3, 5], "texture": "#top"}
			}
		},
		{
			"from": [9, 8, 2],
			"to": [10, 9, 3],
			"faces": {
				"north": {"uv": [1, 2, 2, 3], "texture": "#top"},
				"east": {"uv": [1, 1, 2, 2], "texture": "#top"},
				"south": {"uv": [3, 3, 4, 4], "texture": "#top"},
				"west": {"uv": [2, 2, 3, 3], "texture": "#top"},
				"up": {"uv": [3, 2, 4, 3], "texture": "#top"},
				"down": {"uv": [2, 4, 3, 5], "texture": "#top"}
			}
		},
		{
			"from": [12, 8, 2],
			"to": [13, 9, 3],
			"faces": {
				"north": {"uv": [1, 2, 2, 3], "texture": "#top"},
				"east": {"uv": [1, 1, 2, 2], "texture": "#top"},
				"south": {"uv": [3, 3, 4, 4], "texture": "#top"},
				"west": {"uv": [2, 2, 3, 3], "texture": "#top"},
				"up": {"uv": [3, 2, 4, 3], "texture": "#top"},
				"down": {"uv": [2, 4, 3, 5], "texture": "#top"}
			}
		},
		{
			"from": [2, 8, 3],
			"to": [3, 9, 4],
			"faces": {
				"north": {"uv": [1, 2, 2, 3], "texture": "#top"},
				"east": {"uv": [1, 1, 2, 2], "texture": "#top"},
				"south": {"uv": [3, 3, 4, 4], "texture": "#top"},
				"west": {"uv": [2, 2, 3, 3], "texture": "#top"},
				"up": {"uv": [3, 2, 4, 3], "texture": "#top"},
				"down": {"uv": [2, 4, 3, 5], "texture": "#top"}
			}
		},
		{
			"from": [2, 8, 6],
			"to": [3, 9, 7],
			"faces": {
				"north": {"uv": [1, 2, 2, 3], "texture": "#top"},
				"east": {"uv": [1, 1, 2, 2], "texture": "#top"},
				"south": {"uv": [3, 3, 4, 4], "texture": "#top"},
				"west": {"uv": [2, 2, 3, 3], "texture": "#top"},
				"up": {"uv": [3, 2, 4, 3], "texture": "#top"},
				"down": {"uv": [2, 4, 3, 5], "texture": "#top"}
			}
		},
		{
			"from": [2, 8, 7],
			"to": [3, 9, 8],
			"faces": {
				"north": {"uv": [1, 2, 2, 3], "texture": "#top"},
				"east": {"uv": [1, 1, 2, 2], "texture": "#top"},
				"south": {"uv": [3, 3, 4, 4], "texture": "#top"},
				"west": {"uv": [2, 2, 3, 3], "texture": "#top"},
				"up": {"uv": [3, 2, 4, 3], "texture": "#top"},
				"down": {"uv": [2, 4, 3, 5], "texture": "#top"}
			}
		},
		{
			"from": [2, 7, 7],
			"to": [3, 8, 8],
			"faces": {
				"north": {"uv": [1, 2, 2, 3], "texture": "#top"},
				"east": {"uv": [1, 1, 2, 2], "texture": "#top"},
				"south": {"uv": [3, 3, 4, 4], "texture": "#top"},
				"west": {"uv": [2, 2, 3, 3], "texture": "#top"},
				"up": {"uv": [3, 2, 4, 3], "texture": "#top"},
				"down": {"uv": [2, 4, 3, 5], "texture": "#top"}
			}
		},
		{
			"from": [2, 8, 8],
			"to": [3, 9, 9],
			"faces": {
				"north": {"uv": [1, 2, 2, 3], "texture": "#top"},
				"east": {"uv": [1, 1, 2, 2], "texture": "#top"},
				"south": {"uv": [3, 3, 4, 4], "texture": "#top"},
				"west": {"uv": [2, 2, 3, 3], "texture": "#top"},
				"up": {"uv": [3, 2, 4, 3], "texture": "#top"},
				"down": {"uv": [2, 4, 3, 5], "texture": "#top"}
			}
		},
		{
			"from": [2, 8, 10],
			"to": [3, 9, 11],
			"faces": {
				"north": {"uv": [1, 2, 2, 3], "texture": "#top"},
				"east": {"uv": [1, 1, 2, 2], "texture": "#top"},
				"south": {"uv": [3, 3, 4, 4], "texture": "#top"},
				"west": {"uv": [2, 2, 3, 3], "texture": "#top"},
				"up": {"uv": [3, 2, 4, 3], "texture": "#top"},
				"down": {"uv": [2, 4, 3, 5], "texture": "#top"}
			}
		},
		{
			"from": [2, 8, 13],
			"to": [3, 9, 14],
			"faces": {
				"north": {"uv": [1, 2, 2, 3], "texture": "#top"},
				"east": {"uv": [1, 1, 2, 2], "texture": "#top"},
				"south": {"uv": [3, 3, 4, 4], "texture": "#top"},
				"west": {"uv": [2, 2, 3, 3], "texture": "#top"},
				"up": {"uv": [3, 2, 4, 3], "texture": "#top"},
				"down": {"uv": [2, 4, 3, 5], "texture": "#top"}
			}
		},
		{
			"from": [2, 8, 12],
			"to": [3, 9, 13],
			"faces": {
				"north": {"uv": [1, 2, 2, 3], "texture": "#top"},
				"east": {"uv": [1, 1, 2, 2], "texture": "#top"},
				"south": {"uv": [3, 3, 4, 4], "texture": "#top"},
				"west": {"uv": [2, 2, 3, 3], "texture": "#top"},
				"up": {"uv": [3, 2, 4, 3], "texture": "#top"},
				"down": {"uv": [2, 4, 3, 5], "texture": "#top"}
			}
		},
		{
			"from": [3, 8, 13],
			"to": [4, 9, 14],
			"faces": {
				"north": {"uv": [1, 2, 2, 3], "texture": "#top"},
				"east": {"uv": [1, 1, 2, 2], "texture": "#top"},
				"south": {"uv": [3, 3, 4, 4], "texture": "#top"},
				"west": {"uv": [2, 2, 3, 3], "texture": "#top"},
				"up": {"uv": [3, 2, 4, 3], "texture": "#top"},
				"down": {"uv": [2, 4, 3, 5], "texture": "#top"}
			}
		},
		{
			"from": [13, 8, 13],
			"to": [14, 9, 14],
			"faces": {
				"north": {"uv": [1, 2, 2, 3], "texture": "#top"},
				"east": {"uv": [1, 1, 2, 2], "texture": "#top"},
				"south": {"uv": [3, 3, 4, 4], "texture": "#top"},
				"west": {"uv": [2, 2, 3, 3], "texture": "#top"},
				"up": {"uv": [3, 2, 4, 3], "texture": "#top"},
				"down": {"uv": [2, 4, 3, 5], "texture": "#top"}
			}
		},
		{
			"from": [13, 8, 12],
			"to": [14, 9, 13],
			"faces": {
				"north": {"uv": [1, 2, 2, 3], "texture": "#top"},
				"east": {"uv": [1, 1, 2, 2], "texture": "#top"},
				"south": {"uv": [3, 3, 4, 4], "texture": "#top"},
				"west": {"uv": [2, 2, 3, 3], "texture": "#top"},
				"up": {"uv": [3, 2, 4, 3], "texture": "#top"},
				"down": {"uv": [2, 4, 3, 5], "texture": "#top"}
			}
		},
		{
			"from": [13, 8, 2],
			"to": [14, 9, 3],
			"faces": {
				"north": {"uv": [1, 2, 2, 3], "texture": "#top"},
				"east": {"uv": [1, 1, 2, 2], "texture": "#top"},
				"south": {"uv": [3, 3, 4, 4], "texture": "#top"},
				"west": {"uv": [2, 2, 3, 3], "texture": "#top"},
				"up": {"uv": [3, 2, 4, 3], "texture": "#top"},
				"down": {"uv": [2, 4, 3, 5], "texture": "#top"}
			}
		},
		{
			"from": [13, 8, 3],
			"to": [14, 9, 4],
			"faces": {
				"north": {"uv": [1, 2, 2, 3], "texture": "#top"},
				"east": {"uv": [1, 1, 2, 2], "texture": "#top"},
				"south": {"uv": [3, 3, 4, 4], "texture": "#top"},
				"west": {"uv": [2, 2, 3, 3], "texture": "#top"},
				"up": {"uv": [3, 2, 4, 3], "texture": "#top"},
				"down": {"uv": [2, 4, 3, 5], "texture": "#top"}
			}
		},
		{
			"from": [13, 8, 5],
			"to": [14, 9, 6],
			"faces": {
				"north": {"uv": [1, 2, 2, 3], "texture": "#top"},
				"east": {"uv": [1, 1, 2, 2], "texture": "#top"},
				"south": {"uv": [3, 3, 4, 4], "texture": "#top"},
				"west": {"uv": [2, 2, 3, 3], "texture": "#top"},
				"up": {"uv": [3, 2, 4, 3], "texture": "#top"},
				"down": {"uv": [2, 4, 3, 5], "texture": "#top"}
			}
		},
		{
			"from": [13, 8, 7],
			"to": [14, 9, 8],
			"faces": {
				"north": {"uv": [1, 2, 2, 3], "texture": "#top"},
				"east": {"uv": [1, 1, 2, 2], "texture": "#top"},
				"south": {"uv": [3, 3, 4, 4], "texture": "#top"},
				"west": {"uv": [2, 2, 3, 3], "texture": "#top"},
				"up": {"uv": [3, 2, 4, 3], "texture": "#top"},
				"down": {"uv": [2, 4, 3, 5], "texture": "#top"}
			}
		},
		{
			"from": [13, 8, 8],
			"to": [14, 9, 9],
			"faces": {
				"north": {"uv": [1, 2, 2, 3], "texture": "#top"},
				"east": {"uv": [1, 1, 2, 2], "texture": "#top"},
				"south": {"uv": [3, 3, 4, 4], "texture": "#top"},
				"west": {"uv": [2, 2, 3, 3], "texture": "#top"},
				"up": {"uv": [3, 2, 4, 3], "texture": "#top"},
				"down": {"uv": [2, 4, 3, 5], "texture": "#top"}
			}
		},
		{
			"from": [13, 7, 8],
			"to": [14, 8, 9],
			"faces": {
				"north": {"uv": [1, 2, 2, 3], "texture": "#top"},
				"east": {"uv": [1, 1, 2, 2], "texture": "#top"},
				"south": {"uv": [3, 3, 4, 4], "texture": "#top"},
				"west": {"uv": [2, 2, 3, 3], "texture": "#top"},
				"up": {"uv": [3, 2, 4, 3], "texture": "#top"},
				"down": {"uv": [2, 4, 3, 5], "texture": "#top"}
			}
		},
		{
			"from": [13, 8, 9],
			"to": [14, 9, 10],
			"faces": {
				"north": {"uv": [1, 2, 2, 3], "texture": "#top"},
				"east": {"uv": [1, 1, 2, 2], "texture": "#top"},
				"south": {"uv": [3, 3, 4, 4], "texture": "#top"},
				"west": {"uv": [2, 2, 3, 3], "texture": "#top"},
				"up": {"uv": [3, 2, 4, 3], "texture": "#top"},
				"down": {"uv": [2, 4, 3, 5], "texture": "#top"}
			}
		},
		{
			"from": [12, 8, 13],
			"to": [13, 9, 14],
			"faces": {
				"north": {"uv": [1, 2, 2, 3], "texture": "#top"},
				"east": {"uv": [1, 1, 2, 2], "texture": "#top"},
				"south": {"uv": [3, 3, 4, 4], "texture": "#top"},
				"west": {"uv": [2, 2, 3, 3], "texture": "#top"},
				"up": {"uv": [3, 2, 4, 3], "texture": "#top"},
				"down": {"uv": [2, 4, 3, 5], "texture": "#top"}
			}
		},
		{
			"from": [9, 8, 13],
			"to": [10, 9, 14],
			"faces": {
				"north": {"uv": [1, 2, 2, 3], "texture": "#top"},
				"east": {"uv": [1, 1, 2, 2], "texture": "#top"},
				"south": {"uv": [3, 3, 4, 4], "texture": "#top"},
				"west": {"uv": [2, 2, 3, 3], "texture": "#top"},
				"up": {"uv": [3, 2, 4, 3], "texture": "#top"},
				"down": {"uv": [2, 4, 3, 5], "texture": "#top"}
			}
		},
		{
			"from": [7, 8, 13],
			"to": [8, 9, 14],
			"faces": {
				"north": {"uv": [1, 2, 2, 3], "texture": "#top"},
				"east": {"uv": [1, 1, 2, 2], "texture": "#top"},
				"south": {"uv": [3, 3, 4, 4], "texture": "#top"},
				"west": {"uv": [2, 2, 3, 3], "texture": "#top"},
				"up": {"uv": [3, 2, 4, 3], "texture": "#top"},
				"down": {"uv": [2, 4, 3, 5], "texture": "#top"}
			}
		},
		{
			"from": [6, 8, 13],
			"to": [7, 9, 14],
			"faces": {
				"north": {"uv": [1, 2, 2, 3], "texture": "#top"},
				"east": {"uv": [1, 1, 2, 2], "texture": "#top"},
				"south": {"uv": [3, 3, 4, 4], "texture": "#top"},
				"west": {"uv": [2, 2, 3, 3], "texture": "#top"},
				"up": {"uv": [3, 2, 4, 3], "texture": "#top"},
				"down": {"uv": [2, 4, 3, 5], "texture": "#top"}
			}
		},
		{
			"from": [7, 10, 7],
			"to": [9, 11, 9],
			"faces": {
				"north": {"uv": [7, 8, 9, 9], "texture": "#top"},
				"east": {"uv": [7, 9, 9, 10], "texture": "#top"},
				"south": {"uv": [7, 8, 9, 9], "texture": "#top"},
				"west": {"uv": [7, 8, 9, 9], "texture": "#top"},
				"up": {"uv": [7, 7, 9, 9], "texture": "#top"},
				"down": {"uv": [0, 0, 2, 2], "texture": "#missing"}
			}
		},
		{
			"from": [11, 10, 7],
			"to": [13, 11, 9],
			"faces": {
				"north": {"uv": [7, 8, 9, 9], "texture": "#top"},
				"east": {"uv": [7, 9, 9, 10], "texture": "#top"},
				"south": {"uv": [7, 8, 9, 9], "texture": "#top"},
				"west": {"uv": [7, 8, 9, 9], "texture": "#top"},
				"up": {"uv": [7, 7, 9, 9], "texture": "#top"},
				"down": {"uv": [0, 0, 2, 2], "texture": "#missing"}
			}
		},
		{
			"from": [3, 10, 11],
			"to": [5, 11, 13],
			"faces": {
				"north": {"uv": [7, 8, 9, 9], "texture": "#top"},
				"east": {"uv": [7, 9, 9, 10], "texture": "#top"},
				"south": {"uv": [7, 8, 9, 9], "texture": "#top"},
				"west": {"uv": [7, 8, 9, 9], "texture": "#top"},
				"up": {"uv": [7, 7, 9, 9], "texture": "#top"},
				"down": {"uv": [0, 0, 2, 2], "texture": "#missing"}
			}
		},
		{
			"from": [4, 10, 3],
			"to": [6, 11, 5],
			"faces": {
				"north": {"uv": [7, 8, 9, 9], "texture": "#top"},
				"east": {"uv": [7, 9, 9, 10], "texture": "#top"},
				"south": {"uv": [7, 8, 9, 9], "texture": "#top"},
				"west": {"uv": [7, 8, 9, 9], "texture": "#top"},
				"up": {"uv": [7, 7, 9, 9], "texture": "#top"},
				"down": {"uv": [0, 0, 2, 2], "texture": "#missing"}
			}
		},
		{
			"from": [7, 5, 1],
			"to": [9, 6, 3],
			"faces": {
				"north": {"uv": [7, 8, 9, 9], "texture": "#top"},
				"east": {"uv": [7, 9, 9, 10], "texture": "#top"},
				"south": {"uv": [7, 8, 9, 9], "texture": "#top"},
				"west": {"uv": [7, 8, 9, 9], "texture": "#top"},
				"up": {"uv": [7, 7, 9, 9], "texture": "#top"},
				"down": {"uv": [0, 0, 2, 2], "texture": "#missing"}
			}
		},
		{
			"from": [5, 5, 13],
			"to": [7, 6, 15],
			"faces": {
				"north": {"uv": [7, 8, 9, 9], "texture": "#top"},
				"east": {"uv": [7, 9, 9, 10], "texture": "#top"},
				"south": {"uv": [7, 8, 9, 9], "texture": "#top"},
				"west": {"uv": [7, 8, 9, 9], "texture": "#top"},
				"up": {"uv": [7, 7, 9, 9], "texture": "#top"},
				"down": {"uv": [0, 0, 2, 2], "texture": "#missing"}
			}
		}
	]
}