{
	"credit": "Made by Ensis",
	"ambientocclusion": false,
	"textures": {
		"1": "block/oxeye_daisy_leafs",
		"2": "block/oxeye_daisy_stem",
		"3": "block/oxeye_daisy_flowers",
		"particle": "block/oxeye_daisy_flowers"
	},
	"elements": [
		{
			"from": [7, 12.9769, 7],
			"to": [9, 13.4769, 9],
			"rotation": {"angle": 0, "axis": "z", "origin": [8, 13, 8]},
			"faces": {
				"north": {"uv": [0, 0, 3, 2], "texture": "#missing"},
				"east": {"uv": [0, 0, 3, 2], "texture": "#missing"},
				"south": {"uv": [0, 0, 3, 3], "texture": "#missing"},
				"west": {"uv": [0, 0, 3, 2], "texture": "#missing"},
				"up": {"uv": [11, 11, 13, 13], "texture": "#3"},
				"down": {"uv": [11, 3, 13, 5], "texture": "#missing"}
			}
		},
		{
			"from": [7, 12.4769, 7],
			"to": [9, 12.9769, 9],
			"rotation": {"angle": 0, "axis": "z", "origin": [8, 13, 8]},
			"faces": {
				"north": {"uv": [11, 3, 13, 5], "texture": "#missing"},
				"east": {"uv": [11, 3, 13, 5], "texture": "#missing"},
				"south": {"uv": [11, 3, 13, 5], "texture": "#missing"},
				"west": {"uv": [11, 3, 13, 5], "texture": "#missing"},
				"up": {"uv": [11, 3, 13, 5], "texture": "#missing"},
				"down": {"uv": [11, 3, 13, 5], "texture": "#2"}
			}
		},
		{
			"from": [7, 12.9769, 9],
			"to": [9, 13.4769, 9.5],
			"rotation": {"angle": 0, "axis": "z", "origin": [8, 13, 8]},
			"faces": {
				"north": {"uv": [0, 0, 3, 2], "texture": "#missing"},
				"east": {"uv": [12.5, 13, 13, 13.5], "texture": "#3"},
				"south": {"uv": [11, 13, 13, 13.5], "texture": "#3"},
				"west": {"uv": [11, 13, 11.5, 13.5], "texture": "#3"},
				"up": {"uv": [11, 13, 13, 13.5], "texture": "#3"},
				"down": {"uv": [11, 5, 13, 5.5], "texture": "#missing"}
			}
		},
		{
			"from": [7, 12.4769, 9],
			"to": [9, 12.9769, 9.5],
			"rotation": {"angle": 0, "axis": "z", "origin": [8, 13, 8]},
			"faces": {
				"north": {"uv": [11, 5, 13, 5.5], "texture": "#missing"},
				"east": {"uv": [12.5, 5, 13, 5.5], "texture": "#2"},
				"south": {"uv": [11, 5, 13, 5.5], "texture": "#2"},
				"west": {"uv": [11, 5, 11.5, 5.5], "texture": "#2"},
				"up": {"uv": [11, 5, 13, 5.5], "texture": "#missing"},
				"down": {"uv": [11, 5, 13, 5.5], "texture": "#2"}
			}
		},
		{
			"from": [7, 12.9769, 6.5],
			"to": [9, 13.4769, 7],
			"rotation": {"angle": 0, "axis": "z", "origin": [8, 13, 8]},
			"faces": {
				"north": {"uv": [11, 10.5, 13, 11], "texture": "#3"},
				"east": {"uv": [12.5, 10.5, 13, 11], "texture": "#3"},
				"south": {"uv": [0, 0, 3, 3], "texture": "#missing"},
				"west": {"uv": [11, 10.5, 11.5, 11], "texture": "#3"},
				"up": {"uv": [11, 10.5, 13, 11], "texture": "#3"},
				"down": {"uv": [11, 2.5, 13, 3], "texture": "#missing"}
			}
		},
		{
			"from": [9, 12.4769, 7],
			"to": [9.5, 12.9769, 9],
			"rotation": {"angle": 0, "axis": "z", "origin": [8, 13, 8]},
			"faces": {
				"north": {"uv": [13, 3, 13.5, 3.5], "texture": "#2"},
				"east": {"uv": [13, 3, 13.5, 5], "rotation": 90, "texture": "#2"},
				"south": {"uv": [13, 4.5, 13.5, 5], "texture": "#2"},
				"west": {"uv": [13, 3, 13.5, 5], "texture": "#missing"},
				"up": {"uv": [13, 3, 13.5, 5], "texture": "#missing"},
				"down": {"uv": [13, 3, 13.5, 5], "texture": "#2"}
			}
		},
		{
			"from": [6.5, 12.9769, 7],
			"to": [7, 13.4769, 9],
			"rotation": {"angle": 0, "axis": "z", "origin": [8, 13, 8]},
			"faces": {
				"north": {"uv": [10.5, 11, 11, 11.5], "texture": "#3"},
				"east": {"uv": [0, 0, 3, 2], "texture": "#missing"},
				"south": {"uv": [10.5, 12.5, 11, 13], "texture": "#3"},
				"west": {"uv": [10.5, 11, 11, 13], "rotation": 90, "texture": "#3"},
				"up": {"uv": [10.5, 11, 11, 13], "texture": "#3"},
				"down": {"uv": [10.5, 3, 11, 5], "texture": "#missing"}
			}
		},
		{
			"from": [7, 12.4769, 6.5],
			"to": [9, 12.9769, 7],
			"rotation": {"angle": 0, "axis": "z", "origin": [8, 13, 8]},
			"faces": {
				"north": {"uv": [11, 2.5, 13, 3], "texture": "#2"},
				"east": {"uv": [12.5, 2.5, 13, 3], "texture": "#2"},
				"south": {"uv": [11, 2.5, 13, 3], "texture": "#missing"},
				"west": {"uv": [11, 2.5, 11.5, 3], "texture": "#2"},
				"up": {"uv": [11, 2.5, 13, 3], "texture": "#missing"},
				"down": {"uv": [11, 2.5, 13, 3], "texture": "#2"}
			}
		},
		{
			"from": [9, 12.9769, 7],
			"to": [9.5, 13.4769, 9],
			"rotation": {"angle": 0, "axis": "z", "origin": [8, 13, 8]},
			"faces": {
				"north": {"uv": [13, 11, 13.5, 11.5], "texture": "#3"},
				"east": {"uv": [13, 11, 13.5, 13], "rotation": 90, "texture": "#3"},
				"south": {"uv": [13, 12.5, 13.5, 13], "texture": "#3"},
				"west": {"uv": [0, 0, 3, 2], "texture": "#missing"},
				"up": {"uv": [13, 11, 13.5, 13], "texture": "#3"},
				"down": {"uv": [13, 3, 13.5, 5], "texture": "#missing"}
			}
		},
		{
			"from": [6.5, 12.4769, 7],
			"to": [7, 12.9769, 9],
			"rotation": {"angle": 0, "axis": "z", "origin": [8, 13, 8]},
			"faces": {
				"north": {"uv": [10.5, 3, 11, 3.5], "texture": "#2"},
				"east": {"uv": [10.5, 3, 11, 5], "texture": "#missing"},
				"south": {"uv": [10.5, 4.5, 11, 5], "texture": "#2"},
				"west": {"uv": [10.5, 3, 11, 5], "rotation": 90, "texture": "#2"},
				"up": {"uv": [10.5, 3, 11, 5], "texture": "#missing"},
				"down": {"uv": [10.5, 3, 11, 5], "texture": "#2"}
			}
		},
		{
			"from": [4.5, 13.077, 4.5],
			"to": [11.5, 13.077, 11.5],
			"rotation": {"angle": 0, "axis": "z", "origin": [8, 13, 8]},
			"faces": {
				"north": {"uv": [0, 0, 7, 0], "texture": "#missing"},
				"east": {"uv": [0, 0, 7, 0], "texture": "#missing"},
				"south": {"uv": [0, 0, 7, 0], "texture": "#missing"},
				"west": {"uv": [0, 0, 7, 0], "texture": "#missing"},
				"up": {"uv": [8.5, 0.5, 15.5, 7.5], "texture": "#3"},
				"down": {"uv": [8.5, 0.5, 15.5, 7.5], "texture": "#3"}
			}
		},
		{
			"from": [4.5, 13.177, 4.5],
			"to": [11.5, 13.177, 11.5],
			"rotation": {"angle": 0, "axis": "z", "origin": [8, 13, 8]},
			"faces": {
				"north": {"uv": [0, 0, 7, 0], "texture": "#missing"},
				"east": {"uv": [0, 0, 7, 0], "texture": "#missing"},
				"south": {"uv": [0, 0, 7, 0], "texture": "#missing"},
				"west": {"uv": [0, 0, 7, 0], "texture": "#missing"},
				"up": {"uv": [0.5, 8.5, 7.5, 15.5], "texture": "#3"},
				"down": {"uv": [0.5, 8.5, 7.5, 15.5], "texture": "#3"}
			}
		},
		{
			"from": [4.5, 12.977, 4.5],
			"to": [11.5, 12.977, 11.5],
			"rotation": {"angle": 0, "axis": "z", "origin": [8, 13, 8]},
			"faces": {
				"north": {"uv": [0, 0, 7, 0], "texture": "#missing"},
				"east": {"uv": [0, 0, 7, 0], "texture": "#missing"},
				"south": {"uv": [0, 0, 7, 0], "texture": "#missing"},
				"west": {"uv": [0, 0, 7, 0], "texture": "#missing"},
				"up": {"uv": [0.5, 0.5, 7.5, 7.5], "texture": "#3"},
				"down": {"uv": [8.5, 8.5, 15.5, 15.5], "texture": "#2"}
			}
		},
		{
			"from": [7.5, 4, 7.5],
			"to": [8.5, 13, 8.5],
			"rotation": {"angle": 45, "axis": "y", "origin": [8, 8.5, 8]},
			"faces": {
				"north": {"uv": [2, 6.5, 3, 15.5], "texture": "#2"},
				"east": {"uv": [5, 6.5, 6, 15.5], "texture": "#2"},
				"south": {"uv": [0.5, 6.5, 1.5, 15.5], "texture": "#2"},
				"west": {"uv": [3.5, 6.5, 4.5, 15.5], "texture": "#2"},
				"up": {"uv": [0, 0, 1, 1], "texture": "#missing"},
				"down": {"uv": [0, 0, 1, 1], "texture": "#missing"}
			}
		},
		{
			"from": [7.5, 4.4, 9.6],
			"to": [11, 10.9, 9.6],
			"rotation": {"angle": 45, "axis": "x", "origin": [9, 6.9, 9.6]},
			"faces": {
				"north": {"uv": [0.5, 0.5, 4, 7], "texture": "#1"},
				"east": {"uv": [0, 0, 0, 5], "texture": "#missing"},
				"south": {"uv": [4, 0.5, 7.5, 7], "texture": "#1"},
				"west": {"uv": [0, 0, 0, 5], "texture": "#missing"},
				"up": {"uv": [0, 0, 3, 0], "texture": "#missing"},
				"down": {"uv": [0, 0, 3, 0], "texture": "#missing"}
			}
		},
		{
			"from": [9.6, 8.15, 6.1],
			"to": [9.6, 11.65, 8.3],
			"rotation": {"angle": -45, "axis": "z", "origin": [9.6, 10.65, 6.8]},
			"faces": {
				"north": {"uv": [0, 0, 0, 5], "texture": "#missing"},
				"east": {"uv": [4, 0.5, 7.5, 7], "texture": "#1"},
				"south": {"uv": [0, 0, 0, 5], "texture": "#missing"},
				"west": {"uv": [1.5, 10, 3.5, 13.5], "texture": "#1"},
				"up": {"uv": [0, 0, 3, 0], "rotation": 270, "texture": "#missing"},
				"down": {"uv": [0, 0, 3, 0], "rotation": 90, "texture": "#missing"}
			}
		},
		{
			"from": [5.4, 4.8, 7.35],
			"to": [8.4, 9.8, 7.35],
			"rotation": {"angle": -22.5, "axis": "x", "origin": [6.4, 7.3, 7.35]},
			"faces": {
				"north": {"uv": [12, 1.5, 15, 6.5], "texture": "#1"},
				"east": {"uv": [0, 0, 0, 5], "texture": "#missing"},
				"south": {"uv": [9, 1.5, 12, 6.5], "texture": "#1"},
				"west": {"uv": [0, 0, 0, 5], "texture": "#missing"},
				"up": {"uv": [0, 0, 3, 0], "texture": "#missing"},
				"down": {"uv": [0, 0, 3, 0], "texture": "#missing"}
			}
		}
	],
	"display": {
		"gui": {
			"rotation": [35, -45, 0]
		}
	},
	"groups": [
		{
			"name": "Цветок",
			"origin": [8, 9, 8],
			"children": [0, 1, 2, 3, 4, 5, 6, 7, 8, 9, 10, 11, 12]
		},
		{
			"name": "Стебель",
			"origin": [8, 8, 8],
			"children": [13, 14, 15, 16]
		}
	]
}