{
	"credit": "Made with Blockbench",
	"textures": {
		"particle": "modeltextures/chiseled_stone_bricks"
	},
	"elements": [
		{
			"from": [0, 0, 0],
			"to": [16, 16, 16],
			"faces": {
				"north": {"uv": [0, 0, 16, 16], "texture": "#particle"},
				"east": {"uv": [0, 0, 16, 16], "texture": "#particle"},
				"south": {"uv": [0, 0, 16, 16], "texture": "#particle"},
				"west": {"uv": [0, 0, 16, 16], "texture": "#particle"},
				"up": {"uv": [0, 0, 16, 16], "texture": "#particle"},
				"down": {"uv": [0, 0, 16, 16], "texture": "#particle"}
			}
		},
		{
			"from": [-1, 1, 0],
			"to": [0, 3, 15],
			"faces": {
				"north": {"uv": [0, 13, 1, 15], "texture": "#particle"},
				"south": {"uv": [14, 13, 15, 15], "texture": "#particle"},
				"west": {"uv": [0, 13, 15, 15], "texture": "#particle"},
				"up": {"uv": [0, 13, 15, 14], "rotation": 90, "texture": "#particle"},
				"down": {"uv": [0, 14, 15, 15], "rotation": 90, "texture": "#particle"}
			}
		},
		{
			"from": [1, 1, -1],
			"to": [16, 3, 0],
			"rotation": {"angle": 0, "axis": "y", "origin": [8.5, 8.5, -0.5]},
			"faces": {
				"north": {"uv": [0, 13, 15, 15], "texture": "#particle"},
				"east": {"uv": [0, 13, 1, 15], "texture": "#particle"},
				"west": {"uv": [14, 13, 15, 15], "texture": "#particle"},
				"up": {"uv": [0, 13, 15, 14], "rotation": 180, "texture": "#particle"},
				"down": {"uv": [0, 14, 15, 15], "texture": "#particle"}
			}
		},
		{
			"from": [0, 1, 16],
			"to": [15, 3, 17],
			"rotation": {"angle": 0, "axis": "y", "origin": [7.5, 8.5, 16.5]},
			"faces": {
				"east": {"uv": [14, 13, 15, 15], "texture": "#particle"},
				"south": {"uv": [0, 13, 15, 15], "texture": "#particle"},
				"west": {"uv": [0, 13, 1, 15], "texture": "#particle"},
				"up": {"uv": [0, 13, 15, 14], "texture": "#particle"},
				"down": {"uv": [0, 14, 15, 15], "rotation": 180, "texture": "#particle"}
			}
		},
		{
			"from": [16, 1, 1],
			"to": [17, 3, 16],
			"rotation": {"angle": 0, "axis": "y", "origin": [16.5, 8.5, 8.5]},
			"faces": {
				"north": {"uv": [14, 13, 15, 15], "texture": "#particle"},
				"east": {"uv": [0, 13, 15, 15], "texture": "#particle"},
				"south": {"uv": [0, 13, 1, 15], "texture": "#particle"},
				"up": {"uv": [0, 13, 15, 14], "rotation": 270, "texture": "#particle"},
				"down": {"uv": [0, 14, 15, 15], "rotation": 270, "texture": "#particle"}
			}
		},
		{
			"from": [13, -1, 1],
			"to": [15, 0, 16],
			"rotation": {"angle": 0, "axis": "x", "origin": [7.5, -13.5, 8.5]},
			"faces": {
				"north": {"uv": [0, 13, 1, 15], "rotation": 90, "texture": "#particle"},
				"east": {"uv": [0, 14, 15, 15], "texture": "#particle"},
				"south": {"uv": [14, 13, 15, 15], "rotation": 270, "texture": "#particle"},
				"west": {"uv": [0, 13, 15, 14], "texture": "#particle"},
				"down": {"uv": [0, 13, 15, 15], "rotation": 270, "texture": "#particle"}
			}
		},
		{
			"from": [13, 16, 0.01],
			"to": [15, 17, 15],
			"rotation": {"angle": 0, "axis": "z", "origin": [7.5, 9.5, 7.51]},
			"faces": {
				"north": {"uv": [14, 13, 15, 15], "rotation": 90, "texture": "#particle"},
				"east": {"uv": [0, 14, 15, 15], "rotation": 180, "texture": "#particle"},
				"south": {"uv": [0, 13, 1, 15], "rotation": 270, "texture": "#particle"},
				"west": {"uv": [0, 13, 15, 14], "rotation": 180, "texture": "#particle"},
				"up": {"uv": [0, 13, 15, 15], "rotation": 270, "texture": "#particle"}
			}
		},
		{
			"from": [-1, 4, 3],
			"to": [0, 7, 12],
			"faces": {
				"north": {"uv": [3, 9, 4, 12], "texture": "#particle"},
				"south": {"uv": [11, 9, 12, 12], "texture": "#particle"},
				"west": {"uv": [3, 9, 12, 12], "texture": "#particle"},
				"up": {"uv": [3, 9, 12, 10], "rotation": 90, "texture": "#particle"},
				"down": {"uv": [3, 11, 12, 12], "rotation": 90, "texture": "#particle"}
			}
		},
		{
			"from": [4, 4, -1],
			"to": [13, 7, 0],
			"rotation": {"angle": 0, "axis": "y", "origin": [8.5, 8.5, -0.5]},
			"faces": {
				"north": {"uv": [3, 9, 12, 12], "texture": "#particle"},
				"east": {"uv": [3, 9, 4, 12], "texture": "#particle"},
				"west": {"uv": [11, 9, 12, 12], "texture": "#particle"},
				"up": {"uv": [3, 9, 12, 10], "rotation": 180, "texture": "#particle"},
				"down": {"uv": [3, 11, 12, 12], "texture": "#particle"}
			}
		},
		{
			"from": [3, 4, 16],
			"to": [12, 7, 17],
			"rotation": {"angle": 0, "axis": "y", "origin": [7.5, 8.5, 16.5]},
			"faces": {
				"east": {"uv": [11, 9, 12, 12], "texture": "#particle"},
				"south": {"uv": [3, 9, 12, 12], "texture": "#particle"},
				"west": {"uv": [3, 9, 4, 12], "texture": "#particle"},
				"up": {"uv": [3, 9, 12, 10], "texture": "#particle"},
				"down": {"uv": [3, 11, 12, 12], "rotation": 180, "texture": "#particle"}
			}
		},
		{
			"from": [16, 4, 4],
			"to": [17, 7, 13],
			"rotation": {"angle": 0, "axis": "y", "origin": [16.5, 8.5, 8.5]},
			"faces": {
				"north": {"uv": [11, 9, 12, 12], "texture": "#particle"},
				"east": {"uv": [3, 9, 12, 12], "texture": "#particle"},
				"south": {"uv": [3, 9, 4, 12], "texture": "#particle"},
				"up": {"uv": [3, 9, 12, 10], "rotation": 270, "texture": "#particle"},
				"down": {"uv": [3, 11, 12, 12], "rotation": 270, "texture": "#particle"}
			}
		},
		{
			"from": [9, -1, 4],
			"to": [12, 0, 13],
			"rotation": {"angle": 0, "axis": "x", "origin": [7.5, -13.5, 8.5]},
			"faces": {
				"north": {"uv": [3, 9, 4, 12], "rotation": 90, "texture": "#particle"},
				"east": {"uv": [3, 11, 12, 12], "texture": "#particle"},
				"south": {"uv": [11, 9, 12, 12], "rotation": 270, "texture": "#particle"},
				"west": {"uv": [3, 9, 12, 10], "texture": "#particle"},
				"down": {"uv": [3, 9, 12, 12], "rotation": 270, "texture": "#particle"}
			}
		},
		{
			"from": [9, 16, 3],
			"to": [12, 17, 12],
			"rotation": {"angle": 0, "axis": "z", "origin": [7.5, 9.5, 7.5]},
			"faces": {
				"north": {"uv": [11, 9, 12, 12], "rotation": 90, "texture": "#particle"},
				"east": {"uv": [3, 11, 12, 12], "rotation": 180, "texture": "#particle"},
				"south": {"uv": [3, 9, 4, 12], "rotation": 270, "texture": "#particle"},
				"west": {"uv": [3, 9, 12, 10], "rotation": 180, "texture": "#particle"},
				"up": {"uv": [3, 9, 12, 12], "rotation": 270, "texture": "#particle"}
			}
		},
		{
			"from": [-1, 7, 9],
			"to": [0, 10, 12],
			"faces": {
				"north": {"uv": [9, 6, 10, 9], "texture": "#particle"},
				"south": {"uv": [11, 6, 12, 9], "texture": "#particle"},
				"west": {"uv": [9, 6, 12, 9], "texture": "#particle"}
			}
		},
		{
			"from": [4, 7, -1],
			"to": [7, 10, 0],
			"rotation": {"angle": 0, "axis": "y", "origin": [8.5, 8.5, -0.5]},
			"faces": {
				"north": {"uv": [9, 6, 12, 9], "texture": "#particle"},
				"east": {"uv": [9, 6, 10, 9], "texture": "#particle"},
				"west": {"uv": [11, 6, 12, 9], "texture": "#particle"}
			}
		},
		{
			"from": [9, 7, 16],
			"to": [12, 10, 17],
			"rotation": {"angle": 0, "axis": "y", "origin": [7.5, 8.5, 16.5]},
			"faces": {
				"east": {"uv": [11, 6, 12, 9], "texture": "#particle"},
				"south": {"uv": [9, 6, 12, 9], "texture": "#particle"},
				"west": {"uv": [9, 6, 10, 9], "texture": "#particle"}
			}
		},
		{
			"from": [16, 7, 4],
			"to": [17, 10, 7],
			"rotation": {"angle": 0, "axis": "y", "origin": [16.5, 8.5, 8.5]},
			"faces": {
				"north": {"uv": [11, 6, 12, 9], "texture": "#particle"},
				"east": {"uv": [9, 6, 12, 9], "texture": "#particle"},
				"south": {"uv": [9, 6, 10, 9], "texture": "#particle"}
			}
		},
		{
			"from": [6, -1, 10],
			"to": [9, 0, 13],
			"rotation": {"angle": 0, "axis": "x", "origin": [7.5, -13.5, 8.5]},
			"faces": {
				"north": {"uv": [9, 6, 10, 9], "rotation": 90, "texture": "#particle"},
				"south": {"uv": [11, 6, 12, 9], "rotation": 270, "texture": "#particle"},
				"down": {"uv": [9, 6, 12, 9], "rotation": 270, "texture": "#particle"}
			}
		},
		{
			"from": [6, 16, 3],
			"to": [9, 17, 6],
			"rotation": {"angle": 0, "axis": "z", "origin": [7.5, 9.5, 7.5]},
			"faces": {
				"north": {"uv": [11, 6, 12, 9], "rotation": 90, "texture": "#particle"},
				"south": {"uv": [9, 6, 10, 9], "rotation": 270, "texture": "#particle"},
				"up": {"uv": [9, 6, 12, 9], "rotation": 270, "texture": "#particle"}
			}
		},
		{
			"from": [-1, 7, 3],
			"to": [0, 10, 6],
			"faces": {
				"north": {"uv": [3, 6, 4, 9], "texture": "#particle"},
				"south": {"uv": [5, 6, 6, 9], "texture": "#particle"},
				"west": {"uv": [3, 6, 6, 9], "texture": "#particle"}
			}
		},
		{
			"from": [10, 7, -1],
			"to": [13, 10, 0],
			"rotation": {"angle": 0, "axis": "y", "origin": [8.5, 8.5, -0.5]},
			"faces": {
				"north": {"uv": [3, 6, 6, 9], "texture": "#particle"},
				"east": {"uv": [3, 6, 4, 9], "texture": "#particle"},
				"west": {"uv": [5, 6, 6, 9], "texture": "#particle"}
			}
		},
		{
			"from": [3, 7, 16],
			"to": [6, 10, 17],
			"rotation": {"angle": 0, "axis": "y", "origin": [7.5, 8.5, 16.5]},
			"faces": {
				"east": {"uv": [5, 6, 6, 9], "texture": "#particle"},
				"south": {"uv": [3, 6, 6, 9], "texture": "#particle"},
				"west": {"uv": [3, 6, 4, 9], "texture": "#particle"}
			}
		},
		{
			"from": [16, 7, 10],
			"to": [17, 10, 13],
			"rotation": {"angle": 0, "axis": "y", "origin": [16.5, 8.5, 8.5]},
			"faces": {
				"north": {"uv": [5, 6, 6, 9], "texture": "#particle"},
				"east": {"uv": [3, 6, 6, 9], "texture": "#particle"},
				"south": {"uv": [3, 6, 4, 9], "texture": "#particle"}
			}
		},
		{
			"from": [6, -1, 4],
			"to": [9, 0, 7],
			"rotation": {"angle": 0, "axis": "x", "origin": [7.5, -13.5, 8.5]},
			"faces": {
				"north": {"uv": [3, 6, 4, 9], "rotation": 90, "texture": "#particle"},
				"south": {"uv": [5, 6, 6, 9], "rotation": 270, "texture": "#particle"},
				"down": {"uv": [3, 6, 6, 9], "rotation": 270, "texture": "#particle"}
			}
		},
		{
			"from": [6, 16, 9],
			"to": [9, 17, 12],
			"rotation": {"angle": 0, "axis": "z", "origin": [7.5, 9.5, 7.5]},
			"faces": {
				"north": {"uv": [5, 6, 6, 9], "rotation": 90, "texture": "#particle"},
				"south": {"uv": [3, 6, 4, 9], "rotation": 270, "texture": "#particle"},
				"up": {"uv": [3, 6, 6, 9], "rotation": 270, "texture": "#particle"}
			}
		},
		{
			"from": [-1, 3, 0],
			"to": [0, 14, 2],
			"faces": {
				"north": {"uv": [0, 2, 1, 13], "texture": "#particle"},
				"south": {"uv": [1, 2, 2, 13], "texture": "#particle"},
				"west": {"uv": [0, 2, 2, 13], "texture": "#particle"}
			}
		},
		{
			"from": [14, 3, -1],
			"to": [16, 14, 0],
			"rotation": {"angle": 0, "axis": "y", "origin": [8.5, 8.5, -0.5]},
			"faces": {
				"north": {"uv": [0, 2, 2, 13], "texture": "#particle"},
				"east": {"uv": [0, 2, 1, 13], "texture": "#particle"},
				"west": {"uv": [1, 2, 2, 13], "texture": "#particle"}
			}
		},
		{
			"from": [0, 3, 16],
			"to": [2, 14, 17],
			"rotation": {"angle": 0, "axis": "y", "origin": [7.5, 8.5, 16.5]},
			"faces": {
				"east": {"uv": [1, 2, 2, 13], "texture": "#particle"},
				"south": {"uv": [0, 2, 2, 13], "texture": "#particle"},
				"west": {"uv": [0, 2, 1, 13], "texture": "#particle"}
			}
		},
		{
			"from": [16, 3, 14],
			"to": [17, 14, 16],
			"rotation": {"angle": 0, "axis": "y", "origin": [16.5, 8.5, 8.5]},
			"faces": {
				"north": {"uv": [1, 2, 2, 13], "texture": "#particle"},
				"east": {"uv": [0, 2, 2, 13], "texture": "#particle"},
				"south": {"uv": [0, 2, 1, 13], "texture": "#particle"}
			}
		},
		{
			"from": [2, -1, 1],
			"to": [13, 0, 3],
			"rotation": {"angle": 0, "axis": "x", "origin": [7.5, -13.5, 8.5]},
			"faces": {
				"north": {"uv": [0, 2, 1, 13], "rotation": 90, "texture": "#particle"},
				"south": {"uv": [1, 2, 2, 13], "rotation": 270, "texture": "#particle"},
				"down": {"uv": [0, 2, 2, 13], "rotation": 270, "texture": "#particle"}
			}
		},
		{
			"from": [2, 16, 13],
			"to": [13, 17, 15],
			"rotation": {"angle": 0, "axis": "z", "origin": [7.5, 9.5, 7.5]},
			"faces": {
				"north": {"uv": [1, 2, 2, 13], "rotation": 90, "texture": "#particle"},
				"south": {"uv": [0, 2, 1, 13], "rotation": 270, "texture": "#particle"},
				"up": {"uv": [0, 2, 2, 13], "rotation": 270, "texture": "#particle"}
			}
		},
		{
			"from": [-1, 3, 13],
			"to": [0, 14, 15],
			"faces": {
				"north": {"uv": [13, 2, 14, 13], "texture": "#particle"},
				"south": {"uv": [14, 2, 15, 13], "texture": "#particle"},
				"west": {"uv": [13, 2, 15, 13], "texture": "#particle"}
			}
		},
		{
			"from": [1, 3, -1],
			"to": [3, 14, 0],
			"rotation": {"angle": 0, "axis": "y", "origin": [8.5, 8.5, -0.5]},
			"faces": {
				"north": {"uv": [13, 2, 15, 13], "texture": "#particle"},
				"east": {"uv": [13, 2, 14, 13], "texture": "#particle"},
				"west": {"uv": [14, 2, 15, 13], "texture": "#particle"}
			}
		},
		{
			"from": [13, 3, 16],
			"to": [15, 14, 17],
			"rotation": {"angle": 0, "axis": "y", "origin": [7.5, 8.5, 16.5]},
			"faces": {
				"east": {"uv": [14, 2, 15, 13], "texture": "#particle"},
				"south": {"uv": [13, 2, 15, 13], "texture": "#particle"},
				"west": {"uv": [13, 2, 14, 13], "texture": "#particle"}
			}
		},
		{
			"from": [16, 3, 1],
			"to": [17, 14, 3],
			"rotation": {"angle": 0, "axis": "y", "origin": [16.5, 8.5, 8.5]},
			"faces": {
				"north": {"uv": [14, 2, 15, 13], "texture": "#particle"},
				"east": {"uv": [13, 2, 15, 13], "texture": "#particle"},
				"south": {"uv": [13, 2, 14, 13], "texture": "#particle"}
			}
		},
		{
			"from": [2, -1, 14],
			"to": [13, 0, 16],
			"rotation": {"angle": 0, "axis": "x", "origin": [7.5, -13.5, 8.5]},
			"faces": {
				"north": {"uv": [13, 2, 14, 13], "rotation": 90, "texture": "#particle"},
				"south": {"uv": [14, 2, 15, 13], "rotation": 270, "texture": "#particle"},
				"down": {"uv": [13, 2, 15, 13], "rotation": 270, "texture": "#particle"}
			}
		},
		{
			"from": [2, 16, 0.01],
			"to": [13, 17, 2],
			"rotation": {"angle": 0, "axis": "z", "origin": [7.5, 9.5, 7.5]},
			"faces": {
				"north": {"uv": [14, 2, 15, 13], "rotation": 90, "texture": "#particle"},
				"south": {"uv": [13, 2, 14, 13], "rotation": 270, "texture": "#particle"},
				"up": {"uv": [13, 2, 15, 13], "rotation": 270, "texture": "#particle"}
			}
		},
		{
			"from": [-1, 10, 3],
			"to": [0, 13, 12],
			"faces": {
				"north": {"uv": [3, 3, 4, 6], "texture": "#particle"},
				"south": {"uv": [11, 3, 12, 6], "texture": "#particle"},
				"west": {"uv": [3, 3, 12, 6], "texture": "#particle"},
				"up": {"uv": [3, 3, 12, 4], "rotation": 90, "texture": "#particle"},
				"down": {"uv": [3, 5, 12, 6], "rotation": 90, "texture": "#particle"}
			}
		},
		{
			"from": [4, 10, -1],
			"to": [13, 13, 0],
			"rotation": {"angle": 0, "axis": "y", "origin": [8.5, 8.5, -0.5]},
			"faces": {
				"north": {"uv": [3, 3, 12, 6], "texture": "#particle"},
				"east": {"uv": [3, 3, 4, 6], "texture": "#particle"},
				"west": {"uv": [11, 3, 12, 6], "texture": "#particle"},
				"up": {"uv": [3, 3, 12, 4], "rotation": 180, "texture": "#particle"},
				"down": {"uv": [3, 5, 12, 6], "texture": "#particle"}
			}
		},
		{
			"from": [3, 10, 16],
			"to": [12, 13, 17],
			"rotation": {"angle": 0, "axis": "y", "origin": [7.5, 8.5, 16.5]},
			"faces": {
				"east": {"uv": [11, 3, 12, 6], "texture": "#particle"},
				"south": {"uv": [3, 3, 12, 6], "texture": "#particle"},
				"west": {"uv": [3, 3, 4, 6], "texture": "#particle"},
				"up": {"uv": [3, 3, 12, 4], "texture": "#particle"},
				"down": {"uv": [3, 5, 12, 6], "rotation": 180, "texture": "#particle"}
			}
		},
		{
			"from": [16, 10, 4],
			"to": [17, 13, 13],
			"rotation": {"angle": 0, "axis": "y", "origin": [16.5, 8.5, 8.5]},
			"faces": {
				"north": {"uv": [11, 3, 12, 6], "texture": "#particle"},
				"east": {"uv": [3, 3, 12, 6], "texture": "#particle"},
				"south": {"uv": [3, 3, 4, 6], "texture": "#particle"},
				"up": {"uv": [3, 3, 12, 4], "rotation": 270, "texture": "#particle"},
				"down": {"uv": [3, 5, 12, 6], "rotation": 270, "texture": "#particle"}
			}
		},
		{
			"from": [3, -1, 4],
			"to": [6, 0, 13],
			"rotation": {"angle": 0, "axis": "x", "origin": [7.5, -13.5, 8.5]},
			"faces": {
				"north": {"uv": [3, 3, 4, 6], "rotation": 90, "texture": "#particle"},
				"east": {"uv": [3, 5, 12, 6], "texture": "#particle"},
				"south": {"uv": [11, 3, 12, 6], "rotation": 270, "texture": "#particle"},
				"west": {"uv": [3, 3, 12, 4], "texture": "#particle"},
				"down": {"uv": [3, 3, 12, 6], "rotation": 270, "texture": "#particle"}
			}
		},
		{
			"from": [3, 16, 3],
			"to": [6, 17, 12],
			"rotation": {"angle": 0, "axis": "z", "origin": [7.5, 9.5, 7.5]},
			"faces": {
				"north": {"uv": [11, 3, 12, 6], "rotation": 90, "texture": "#particle"},
				"east": {"uv": [3, 5, 12, 6], "rotation": 180, "texture": "#particle"},
				"south": {"uv": [3, 3, 4, 6], "rotation": 270, "texture": "#particle"},
				"west": {"uv": [3, 3, 12, 4], "rotation": 180, "texture": "#particle"},
				"up": {"uv": [3, 3, 12, 6], "rotation": 270, "texture": "#particle"}
			}
		},
		{
			"from": [-1, 14, 0],
			"to": [0, 15.99, 15],
			"faces": {
				"north": {"uv": [0, 0, 1, 2], "texture": "#particle"},
				"south": {"uv": [14, 0, 15, 2], "texture": "#particle"},
				"west": {"uv": [0, 0, 15, 2], "texture": "#particle"},
				"up": {"uv": [0, 0, 15, 1], "rotation": 90, "texture": "#particle"},
				"down": {"uv": [0, 1, 15, 2], "rotation": 90, "texture": "#particle"}
			}
		},
		{
			"from": [1, 14, -1],
			"to": [16, 15.99, 0],
			"rotation": {"angle": 0, "axis": "y", "origin": [8.5, 8.5, -0.5]},
			"faces": {
				"north": {"uv": [0, 0, 15, 2], "texture": "#particle"},
				"east": {"uv": [0, 0, 1, 2], "texture": "#particle"},
				"west": {"uv": [14, 0, 15, 2], "texture": "#particle"},
				"up": {"uv": [0, 0, 15, 1], "rotation": 180, "texture": "#particle"},
				"down": {"uv": [0, 1, 15, 2], "texture": "#particle"}
			}
		},
		{
			"from": [0, 14, 16],
			"to": [15, 15.99, 17],
			"rotation": {"angle": 0, "axis": "y", "origin": [7.5, 8.5, 16.5]},
			"faces": {
				"east": {"uv": [14, 0, 15, 2], "texture": "#particle"},
				"south": {"uv": [0, 0, 15, 2], "texture": "#particle"},
				"west": {"uv": [0, 0, 1, 2], "texture": "#particle"},
				"up": {"uv": [0, 0, 15, 1], "texture": "#particle"},
				"down": {"uv": [0, 1, 15, 2], "rotation": 180, "texture": "#particle"}
			}
		},
		{
			"from": [16, 14, 1],
			"to": [17, 15.99, 16],
			"rotation": {"angle": 0, "axis": "y", "origin": [16.5, 8.5, 8.5]},
			"faces": {
				"north": {"uv": [14, 0, 15, 2], "texture": "#particle"},
				"east": {"uv": [0, 0, 15, 2], "texture": "#particle"},
				"south": {"uv": [0, 0, 1, 2], "texture": "#particle"},
				"up": {"uv": [0, 0, 15, 1], "rotation": 270, "texture": "#particle"},
				"down": {"uv": [0, 1, 15, 2], "rotation": 270, "texture": "#particle"}
			}
		},
		{
			"from": [0, -1, 1],
			"to": [2, 0, 16],
			"rotation": {"angle": 0, "axis": "x", "origin": [7.5, -13.5, 8.5]},
			"faces": {
				"north": {"uv": [0, 0, 1, 2], "rotation": 90, "texture": "#particle"},
				"east": {"uv": [0, 1, 15, 2], "texture": "#particle"},
				"south": {"uv": [14, 0, 15, 2], "rotation": 270, "texture": "#particle"},
				"west": {"uv": [0, 0, 15, 1], "texture": "#particle"},
				"down": {"uv": [0, 0, 15, 2], "rotation": 270, "texture": "#particle"}
			}
		},
		{
			"from": [0.01, 16, 0.01],
			"to": [2, 17, 15],
			"rotation": {"angle": 0, "axis": "z", "origin": [7.51, 9.5, 7.51]},
			"faces": {
				"north": {"uv": [14, 0, 15, 2], "rotation": 90, "texture": "#particle"},
				"east": {"uv": [0, 1, 15, 2], "rotation": 180, "texture": "#particle"},
				"south": {"uv": [0, 0, 1, 2], "rotation": 270, "texture": "#particle"},
				"west": {"uv": [0, 0, 15, 1], "rotation": 180, "texture": "#particle"},
				"up": {"uv": [0, 0, 15, 2], "rotation": 270, "texture": "#particle"}
			}
		}
	],
	"display": {
		"thirdperson_righthand": {
			"rotation": [75, 45, 0],
			"translation": [0, 2.5, 0],
			"scale": [0.375, 0.375, 0.375]
		},
		"thirdperson_lefthand": {
			"rotation": [75, 45, 0],
			"translation": [0, 2.5, 0],
			"scale": [0.375, 0.375, 0.375]
		},
		"firstperson_righthand": {
			"rotation": [0, 45, 0],
			"scale": [0.4, 0.4, 0.4]
		},
		"firstperson_lefthand": {
			"rotation": [0, 225, 0],
			"scale": [0.4, 0.4, 0.4]
		},
		"ground": {
			"translation": [0, 3, 0],
			"scale": [0.25, 0.25, 0.25]
		},
		"gui": {
			"rotation": [30, 225, 0],
			"scale": [0.625, 0.625, 0.625]
		},
		"fixed": {
			"scale": [0.5, 0.5, 0.5]
		}
	}
}