{
	"credit": "Made with Blockbench",
	"textures": {
		"0": "modeltextures/end_stone_bricks",
		"particle": "modeltextures/end_stone_bricks"
	},
	"elements": [
		{
			"from": [0, 0, 0],
			"to": [16, 16, 16],
			"faces": {
				"north": {"uv": [0, 0, 16, 16], "texture": "#0"},
				"east": {"uv": [0, 0, 16, 16], "texture": "#0"},
				"south": {"uv": [0, 0, 16, 16], "texture": "#0"},
				"west": {"uv": [0, 0, 16, 16], "texture": "#0"},
				"up": {"uv": [0, 0, 16, 16], "texture": "#0"},
				"down": {"uv": [0, 0, 16, 16], "texture": "#0"}
			}
		},
		{
			"from": [0, 1, -1],
			"to": [7, 8, 0],
			"rotation": {"angle": 0, "axis": "y", "origin": [7.75, 4.5, 8]},
			"faces": {
				"north": {"uv": [9, 8, 16, 15], "texture": "#0"},
				"east": {"uv": [9, 8, 10, 15], "texture": "#0"},
				"west": {"uv": [15, 8, 16, 15], "texture": "#0"},
				"up": {"uv": [9, 8, 16, 9], "texture": "#0"},
				"down": {"uv": [9, 14, 16, 15], "texture": "#0"}
			}
		},
		{
			"from": [0, 9, -1],
			"to": [16, 16.05, 0],
			"rotation": {"angle": 0, "axis": "y", "origin": [7.75, 12.5, 8]},
			"faces": {
				"north": {"uv": [0, 0, 16, 7], "texture": "#0"},
				"east": {"uv": [0, 0, 1, 7], "texture": "#0"},
				"south": {"uv": [0, 0, 16, 7], "texture": "#0"},
				"west": {"uv": [15, 0, 16, 7], "texture": "#0"},
				"up": {"uv": [0, 0, 16, 1], "texture": "#0"},
				"down": {"uv": [0, 6, 16, 7], "texture": "#0"}
			}
		},
		{
			"from": [0, 9, 16],
			"to": [16, 15.95, 17],
			"rotation": {"angle": 0, "axis": "y", "origin": [7.75, 12.5, 25]},
			"faces": {
				"east": {"uv": [0, 0, 1, 7], "texture": "#0"},
				"south": {"uv": [0, 0, 16, 7], "texture": "#0"},
				"west": {"uv": [15, 0, 16, 7], "texture": "#0"},
				"up": {"uv": [0, 0, 16, 1], "texture": "#0"},
				"down": {"uv": [0, 6, 16, 7], "texture": "#0"}
			}
		},
		{
			"from": [0.05, 16, 0.05],
			"to": [15.95, 17, 7],
			"rotation": {"angle": 0, "axis": "x", "origin": [8.25, 8, 3.5]},
			"faces": {
				"north": {"uv": [0, 0, 16, 1], "texture": "#0"},
				"east": {"uv": [15, 0, 16, 7], "rotation": 90, "texture": "#0"},
				"south": {"uv": [0, 6, 16, 7], "rotation": 180, "texture": "#0"},
				"west": {"uv": [0, 0, 1, 7], "rotation": 270, "texture": "#0"},
				"up": {"uv": [0, 0, 16, 7], "texture": "#0"}
			}
		},
		{
			"from": [-0.05, -1, 9],
			"to": [16, 0, 16.05],
			"rotation": {"angle": 0, "axis": "x", "origin": [8.25, -9, 12.5]},
			"faces": {
				"north": {"uv": [0, 0, 16, 1], "texture": "#0"},
				"east": {"uv": [15, 0, 16, 7], "rotation": 90, "texture": "#0"},
				"south": {"uv": [0, 6, 16, 7], "rotation": 180, "texture": "#0"},
				"west": {"uv": [0, 0, 1, 7], "rotation": 270, "texture": "#0"},
				"up": {"uv": [0, 0, 16, 7], "texture": "#0"},
				"down": {"uv": [0, 0, 16, 7], "rotation": 180, "texture": "#0"}
			}
		},
		{
			"from": [-1, 9, 0],
			"to": [0, 15.95, 16],
			"rotation": {"angle": 0, "axis": "y", "origin": [8, 12.5, 8.25]},
			"faces": {
				"north": {"uv": [0, 0, 1, 7], "texture": "#0"},
				"south": {"uv": [15, 0, 16, 7], "texture": "#0"},
				"west": {"uv": [0, 0, 16, 7], "texture": "#0"},
				"up": {"uv": [0, 0, 16, 1], "rotation": 270, "texture": "#0"},
				"down": {"uv": [0, 6, 16, 7], "rotation": 90, "texture": "#0"}
			}
		},
		{
			"from": [16, 9, 0],
			"to": [17, 16.05, 16],
			"rotation": {"angle": 0, "axis": "y", "origin": [8, 12.5, 7.75]},
			"faces": {
				"north": {"uv": [15, 0, 16, 7], "texture": "#0"},
				"east": {"uv": [0, 0, 16, 7], "texture": "#0"},
				"south": {"uv": [0, 0, 1, 7], "texture": "#0"},
				"west": {"uv": [0, 0, 16, 7], "texture": "#0"},
				"up": {"uv": [0, 0, 16, 1], "rotation": 90, "texture": "#0"},
				"down": {"uv": [0, 6, 16, 7], "rotation": 270, "texture": "#0"}
			}
		},
		{
			"from": [-1, 1, 8.75],
			"to": [0, 8, 15.75],
			"rotation": {"angle": 0, "axis": "y", "origin": [8, 4.5, 8]},
			"faces": {
				"north": {"uv": [9, 8, 10, 15], "texture": "#0"},
				"south": {"uv": [15, 8, 16, 15], "texture": "#0"},
				"west": {"uv": [9, 8, 16, 15], "texture": "#0"},
				"up": {"uv": [9, 8, 16, 9], "rotation": 270, "texture": "#0"},
				"down": {"uv": [9, 14, 16, 15], "rotation": 90, "texture": "#0"}
			}
		},
		{
			"from": [0.05, 16, 8],
			"to": [7, 17, 14.95],
			"rotation": {"angle": 0, "axis": "x", "origin": [7.75, 8, 11.5]},
			"faces": {
				"north": {"uv": [9, 8, 16, 9], "rotation": 180, "texture": "#0"},
				"east": {"uv": [9, 8, 10, 15], "rotation": 90, "texture": "#0"},
				"south": {"uv": [9, 14, 16, 15], "texture": "#0"},
				"west": {"uv": [15, 8, 16, 15], "rotation": 270, "texture": "#0"},
				"up": {"uv": [9, 8, 16, 15], "texture": "#0"}
			}
		},
		{
			"from": [-0.05, -1, 1],
			"to": [7, 0, 8],
			"rotation": {"angle": 0, "axis": "x", "origin": [7.75, -9, 4.5]},
			"faces": {
				"north": {"uv": [9, 8, 16, 9], "rotation": 180, "texture": "#0"},
				"east": {"uv": [9, 8, 10, 15], "rotation": 90, "texture": "#0"},
				"south": {"uv": [9, 14, 16, 15], "texture": "#0"},
				"west": {"uv": [15, 8, 16, 15], "rotation": 270, "texture": "#0"},
				"up": {"uv": [9, 8, 16, 15], "texture": "#0"},
				"down": {"uv": [9, 8, 16, 15], "rotation": 180, "texture": "#0"}
			}
		},
		{
			"from": [0, 1, 16],
			"to": [7, 8, 17],
			"rotation": {"angle": 0, "axis": "y", "origin": [7.75, 4.5, 8]},
			"faces": {
				"east": {"uv": [9, 8, 10, 15], "texture": "#0"},
				"south": {"uv": [9, 8, 16, 15], "texture": "#0"},
				"west": {"uv": [15, 8, 16, 15], "texture": "#0"},
				"up": {"uv": [9, 8, 16, 9], "texture": "#0"},
				"down": {"uv": [9, 14, 16, 15], "texture": "#0"}
			}
		},
		{
			"from": [15.75, 1, 8.75],
			"to": [16.75, 8, 15.75],
			"rotation": {"angle": 0, "axis": "y", "origin": [7.75, 4.5, 8]},
			"faces": {
				"north": {"uv": [9, 8, 10, 15], "texture": "#0"},
				"east": {"uv": [9, 8, 16, 15], "texture": "#0"},
				"south": {"uv": [15, 8, 16, 15], "texture": "#0"},
				"up": {"uv": [9, 8, 16, 9], "rotation": 270, "texture": "#0"},
				"down": {"uv": [9, 14, 16, 15], "rotation": 90, "texture": "#0"}
			}
		},
		{
			"from": [8, 1, -1],
			"to": [16, 8, 0],
			"rotation": {"angle": 0, "axis": "y", "origin": [7.75, 4.5, 8]},
			"faces": {
				"north": {"uv": [0, 8, 8, 15], "texture": "#0"},
				"east": {"uv": [0, 8, 1, 15], "texture": "#0"},
				"west": {"uv": [7, 8, 8, 15], "texture": "#0"},
				"up": {"uv": [0, 8, 8, 9], "texture": "#0"},
				"down": {"uv": [0, 14, 8, 15], "texture": "#0"}
			}
		},
		{
			"from": [-1, 1, -0.25],
			"to": [0, 8, 7.75],
			"rotation": {"angle": 0, "axis": "y", "origin": [8, 4.5, 8]},
			"faces": {
				"north": {"uv": [0, 8, 1, 15], "texture": "#0"},
				"south": {"uv": [7, 8, 8, 15], "texture": "#0"},
				"west": {"uv": [0, 8, 8, 15], "texture": "#0"},
				"up": {"uv": [0, 8, 8, 9], "rotation": 270, "texture": "#0"},
				"down": {"uv": [0, 14, 8, 15], "rotation": 90, "texture": "#0"}
			}
		},
		{
			"from": [8, 16, 8],
			"to": [15.95, 17, 14.95],
			"rotation": {"angle": 0, "axis": "x", "origin": [7.75, 8, 11.5]},
			"faces": {
				"north": {"uv": [0, 8, 8, 9], "rotation": 180, "texture": "#0"},
				"east": {"uv": [0, 8, 1, 15], "rotation": 90, "texture": "#0"},
				"south": {"uv": [0, 14, 8, 15], "texture": "#0"},
				"west": {"uv": [7, 8, 8, 15], "rotation": 270, "texture": "#0"},
				"up": {"uv": [0, 8, 8, 15], "texture": "#0"}
			}
		},
		{
			"from": [8, -1, 1],
			"to": [16, 0, 8],
			"rotation": {"angle": 0, "axis": "x", "origin": [7.75, -9, 4.5]},
			"faces": {
				"north": {"uv": [0, 8, 8, 9], "rotation": 180, "texture": "#0"},
				"east": {"uv": [0, 8, 1, 15], "rotation": 90, "texture": "#0"},
				"south": {"uv": [0, 14, 8, 15], "texture": "#0"},
				"west": {"uv": [7, 8, 8, 15], "rotation": 270, "texture": "#0"},
				"down": {"uv": [0, 8, 8, 15], "rotation": 180, "texture": "#0"}
			}
		},
		{
			"from": [8, 1, 16],
			"to": [16, 8, 17],
			"rotation": {"angle": 0, "axis": "y", "origin": [7.75, 4.5, 8]},
			"faces": {
				"east": {"uv": [0, 8, 1, 15], "texture": "#0"},
				"south": {"uv": [0, 8, 8, 15], "texture": "#0"},
				"west": {"uv": [7, 8, 8, 15], "texture": "#0"},
				"up": {"uv": [0, 8, 8, 9], "texture": "#0"},
				"down": {"uv": [0, 14, 8, 15], "texture": "#0"}
			}
		},
		{
			"from": [15.75, 1, -0.25],
			"to": [16.75, 8, 7.75],
			"rotation": {"angle": 0, "axis": "y", "origin": [7.75, 4.5, 8]},
			"faces": {
				"north": {"uv": [0, 8, 1, 15], "texture": "#0"},
				"east": {"uv": [0, 8, 8, 15], "texture": "#0"},
				"south": {"uv": [7, 8, 8, 15], "texture": "#0"},
				"up": {"uv": [0, 8, 8, 9], "rotation": 270, "texture": "#0"},
				"down": {"uv": [0, 14, 8, 15], "rotation": 90, "texture": "#0"}
			}
		}
	],
	"display": {
		"thirdperson_righthand": {
			"rotation": [75, 45, 0],
			"translation": [0, 2.5, 0],
			"scale": [0.375, 0.375, 0.375]
		},
		"thirdperson_lefthand": {
			"rotation": [75, 45, 0],
			"translation": [0, 2.5, 0],
			"scale": [0.375, 0.375, 0.375]
		},
		"firstperson_righthand": {
			"rotation": [0, 45, 0],
			"scale": [0.4, 0.4, 0.4]
		},
		"firstperson_lefthand": {
			"rotation": [0, 225, 0],
			"scale": [0.4, 0.4, 0.4]
		},
		"ground": {
			"translation": [0, 3, 0],
			"scale": [0.25, 0.25, 0.25]
		},
		"gui": {
			"rotation": [30, 225, 0],
			"translation": [0, 0.25, 0],
			"scale": [0.55, 0.55, 0.55]
		},
		"fixed": {
			"scale": [0.5, 0.5, 0.5]
		}
	}
}