{
	"credit": "Made with Blockbench",
	"textures": {
		"0": "modeltextures/end_stone_bricks",
		"particle": "modeltextures/end_stone_bricks"
	},
	"elements": [
		{
			"from": [5, 0, 0],
			"to": [11, 16, 16],
			"rotation": {"angle": 0, "axis": "y", "origin": [8, 7, 8]},
			"faces": {
				"north": {"uv": [5, 0, 11, 16], "texture": "#0"},
				"east": {"uv": [0, 0, 16, 16], "texture": "#0"},
				"south": {"uv": [5, 0, 11, 16], "texture": "#0"},
				"west": {"uv": [0, 0, 16, 16], "texture": "#0"},
				"up": {"uv": [0, 5, 16, 11], "rotation": 90, "texture": "#0"},
				"down": {"uv": [0, 5, 16, 11], "rotation": 270, "texture": "#0"}
			}
		},
		{
			"from": [4, 0, 0],
			"to": [5, 8, 8],
			"rotation": {"angle": 0, "axis": "y", "origin": [12, 8, 8]},
			"faces": {
				"north": {"uv": [0, 8, 1, 16], "texture": "#0"},
				"south": {"uv": [7, 8, 8, 16], "texture": "#0"},
				"west": {"uv": [0, 8, 8, 16], "texture": "#0"},
				"up": {"uv": [0, 8, 1, 16], "texture": "#0"},
				"down": {"uv": [0, 8, 1, 16], "texture": "#0"}
			}
		},
		{
			"from": [11, 0, 8],
			"to": [12, 8, 16],
			"rotation": {"angle": 0, "axis": "y", "origin": [19, 8, 16]},
			"faces": {
				"north": {"uv": [0, 8, 1, 16], "texture": "#0"},
				"east": {"uv": [0, 8, 8, 16], "texture": "#0"},
				"south": {"uv": [7, 8, 8, 16], "texture": "#0"},
				"up": {"uv": [0, 8, 1, 16], "texture": "#0"},
				"down": {"uv": [0, 8, 1, 16], "texture": "#0"}
			}
		},
		{
			"from": [4, 0, 9],
			"to": [5, 8, 16],
			"rotation": {"angle": 0, "axis": "y", "origin": [12, 8, 17]},
			"faces": {
				"north": {"uv": [0, 8, 1, 16], "texture": "#0"},
				"south": {"uv": [7, 8, 8, 16], "texture": "#0"},
				"west": {"uv": [9, 8, 16, 16], "texture": "#0"},
				"up": {"uv": [0, 8, 1, 15], "texture": "#0"},
				"down": {"uv": [0, 8, 1, 15], "texture": "#0"}
			}
		},
		{
			"from": [11, 0, 0],
			"to": [12, 8, 7],
			"rotation": {"angle": 0, "axis": "y", "origin": [19, 8, 8]},
			"faces": {
				"north": {"uv": [0, 8, 1, 16], "texture": "#0"},
				"east": {"uv": [9, 8, 16, 16], "texture": "#0"},
				"south": {"uv": [7, 8, 8, 16], "texture": "#0"},
				"up": {"uv": [0, 8, 1, 15], "texture": "#0"},
				"down": {"uv": [0, 8, 1, 15], "texture": "#0"}
			}
		},
		{
			"from": [4, 9, 0],
			"to": [5, 16, 15],
			"rotation": {"angle": 0, "axis": "y", "origin": [12, 17, 8]},
			"faces": {
				"north": {"uv": [0, 0, 1, 7], "texture": "#0"},
				"south": {"uv": [0, 0, 1, 7], "texture": "#0"},
				"west": {"uv": [0, 0, 15, 7], "texture": "#0"},
				"up": {"uv": [0, 0, 15, 1], "rotation": 90, "texture": "#0"},
				"down": {"uv": [0, 0, 15, 1], "rotation": 90, "texture": "#0"}
			}
		},
		{
			"from": [11, 9, 1],
			"to": [12, 16, 16],
			"rotation": {"angle": 0, "axis": "y", "origin": [19, 17, 9]},
			"faces": {
				"north": {"uv": [0, 0, 1, 7], "texture": "#0"},
				"east": {"uv": [0, 0, 15, 7], "texture": "#0"},
				"south": {"uv": [0, 0, 1, 7], "texture": "#0"},
				"up": {"uv": [0, 0, 15, 1], "rotation": 90, "texture": "#0"},
				"down": {"uv": [0, 0, 15, 1], "rotation": 90, "texture": "#0"}
			}
		},
		{
			"from": [5, 1, -1],
			"to": [7, 8, 0],
			"rotation": {"angle": 0, "axis": "y", "origin": [13, 9, 7]},
			"faces": {
				"north": {"uv": [9, 8, 11, 15], "texture": "#0"},
				"east": {"uv": [9, 8, 10, 15], "texture": "#0"},
				"west": {"uv": [9, 8, 10, 15], "texture": "#0"},
				"up": {"uv": [9, 8, 11, 9], "texture": "#0"},
				"down": {"uv": [9, 8, 11, 9], "texture": "#0"}
			}
		},
		{
			"from": [9, 1, 16],
			"to": [11, 8, 17],
			"rotation": {"angle": 0, "axis": "y", "origin": [17, 9, 24]},
			"faces": {
				"east": {"uv": [9, 8, 10, 15], "texture": "#0"},
				"south": {"uv": [9, 8, 11, 15], "texture": "#0"},
				"west": {"uv": [9, 8, 10, 15], "texture": "#0"},
				"up": {"uv": [9, 8, 11, 9], "texture": "#0"},
				"down": {"uv": [9, 8, 11, 9], "texture": "#0"}
			}
		},
		{
			"from": [8, 1, -1],
			"to": [11, 8, 0],
			"rotation": {"angle": 0, "axis": "y", "origin": [16, 9, 7]},
			"faces": {
				"north": {"uv": [5, 8, 8, 15], "texture": "#0"},
				"east": {"uv": [9, 8, 10, 15], "texture": "#0"},
				"west": {"uv": [9, 8, 10, 15], "texture": "#0"},
				"up": {"uv": [9, 8, 12, 9], "texture": "#0"},
				"down": {"uv": [9, 8, 12, 9], "texture": "#0"}
			}
		},
		{
			"from": [5, 1, 16],
			"to": [8, 8, 17],
			"rotation": {"angle": 0, "axis": "y", "origin": [13, 9, 24]},
			"faces": {
				"east": {"uv": [9, 8, 10, 15], "texture": "#0"},
				"south": {"uv": [5, 8, 8, 15], "texture": "#0"},
				"west": {"uv": [9, 8, 10, 15], "texture": "#0"},
				"up": {"uv": [9, 8, 12, 9], "texture": "#0"},
				"down": {"uv": [9, 8, 12, 9], "texture": "#0"}
			}
		},
		{
			"from": [5, 9, -1],
			"to": [11, 16, 0],
			"rotation": {"angle": 0, "axis": "y", "origin": [13, 17, 7]},
			"faces": {
				"north": {"uv": [5, 0, 11, 7], "texture": "#0"},
				"east": {"uv": [6, 0, 7, 7], "texture": "#0"},
				"west": {"uv": [10, 0, 11, 7], "texture": "#0"},
				"up": {"uv": [5, 0, 11, 1], "texture": "#0"},
				"down": {"uv": [5, 6, 11, 7], "texture": "#0"}
			}
		},
		{
			"from": [5, 9, 16],
			"to": [11, 16, 17],
			"rotation": {"angle": 0, "axis": "y", "origin": [13, 17, 24]},
			"faces": {
				"east": {"uv": [6, 0, 7, 7], "texture": "#0"},
				"south": {"uv": [0, 0, 6, 7], "texture": "#0"},
				"west": {"uv": [10, 0, 11, 7], "texture": "#0"},
				"up": {"uv": [5, 0, 11, 1], "texture": "#0"},
				"down": {"uv": [5, 6, 11, 7], "texture": "#0"}
			}
		}
	]
}