{
	"credit": "Made with Blockbench",
	"textures": {
		"0": "modeltextures/end_stone_bricks",
		"particle": "modeltextures/end_stone_bricks"
	},
	"elements": [
		{
			"from": [5, 0, 0],
			"to": [10.95, 14, 15.95],
			"rotation": {"angle": 0, "axis": "y", "origin": [8, 7, 8]},
			"faces": {
				"north": {"uv": [5, 2, 11, 16], "texture": "#0"},
				"east": {"uv": [0, 2, 16, 16], "texture": "#0"},
				"south": {"uv": [5, 2, 11, 16], "texture": "#0"},
				"west": {"uv": [0, 2, 16, 16], "texture": "#0"},
				"up": {"uv": [0, 5, 16, 11], "rotation": 90, "texture": "#0"},
				"down": {"uv": [0, 5, 16, 11], "rotation": 270, "texture": "#0"}
			}
		},
		{
			"from": [11, 1, 0],
			"to": [11.95, 8, 7],
			"rotation": {"angle": 0, "axis": "y", "origin": [19, 9, 8]},
			"faces": {
				"north": {"uv": [15, 8, 16, 15], "texture": "#0"},
				"east": {"uv": [9, 8, 16, 15], "texture": "#0"},
				"south": {"uv": [9, 8, 10, 15], "texture": "#0"},
				"west": {"uv": [9, 8, 16, 15], "texture": "#0"},
				"up": {"uv": [9, 8, 10, 15], "texture": "#0"},
				"down": {"uv": [9, 8, 10, 15], "texture": "#0"}
			}
		},
		{
			"from": [4.05, 1, 9],
			"to": [5, 8, 16],
			"rotation": {"angle": 0, "axis": "y", "origin": [12, 9, 17]},
			"faces": {
				"north": {"uv": [15, 8, 16, 15], "texture": "#0"},
				"east": {"uv": [9, 8, 16, 15], "texture": "#0"},
				"south": {"uv": [9, 8, 10, 15], "texture": "#0"},
				"west": {"uv": [9, 8, 16, 15], "texture": "#0"},
				"up": {"uv": [9, 8, 10, 15], "texture": "#0"},
				"down": {"uv": [9, 8, 10, 15], "texture": "#0"}
			}
		},
		{
			"from": [11, 1, 8],
			"to": [11.95, 8, 16],
			"rotation": {"angle": 0, "axis": "y", "origin": [19, 9, 16]},
			"faces": {
				"north": {"uv": [15, 8, 16, 15], "texture": "#0"},
				"east": {"uv": [0, 8, 8, 15], "texture": "#0"},
				"south": {"uv": [9, 8, 10, 15], "texture": "#0"},
				"west": {"uv": [0, 8, 8, 15], "texture": "#0"},
				"up": {"uv": [0, 8, 1, 16], "texture": "#0"},
				"down": {"uv": [0, 8, 1, 16], "texture": "#0"}
			}
		},
		{
			"from": [4.05, 1, 0],
			"to": [5, 8, 8],
			"rotation": {"angle": 0, "axis": "y", "origin": [12, 9, 8]},
			"faces": {
				"north": {"uv": [15, 8, 16, 15], "texture": "#0"},
				"south": {"uv": [9, 8, 10, 15], "texture": "#0"},
				"west": {"uv": [0, 8, 8, 15], "texture": "#0"},
				"up": {"uv": [0, 8, 1, 16], "texture": "#0"},
				"down": {"uv": [0, 8, 1, 16], "texture": "#0"}
			}
		},
		{
			"from": [11, 9, 1],
			"to": [11.95, 13.95, 16],
			"rotation": {"angle": 0, "axis": "y", "origin": [19, 17, 9]},
			"faces": {
				"north": {"uv": [10, 2, 11, 7], "texture": "#0"},
				"east": {"uv": [0, 2, 15, 7], "texture": "#0"},
				"south": {"uv": [8, 2, 9, 7], "texture": "#0"},
				"west": {"uv": [0, 2, 15, 7], "texture": "#0"},
				"up": {"uv": [0, 0, 1, 15], "texture": "#0"},
				"down": {"uv": [0, 0, 1, 15], "texture": "#0"}
			}
		},
		{
			"from": [4.05, 9, 0],
			"to": [5, 13.95, 15],
			"rotation": {"angle": 0, "axis": "y", "origin": [12, 17, 8]},
			"faces": {
				"north": {"uv": [10, 2, 11, 7], "texture": "#0"},
				"south": {"uv": [8, 2, 9, 7], "texture": "#0"},
				"west": {"uv": [0, 2, 15, 7], "texture": "#0"},
				"up": {"uv": [0, 0, 1, 15], "texture": "#0"},
				"down": {"uv": [0, 0, 1, 15], "texture": "#0"}
			}
		},
		{
			"from": [9, 1, 16],
			"to": [11, 8, 17],
			"rotation": {"angle": 0, "axis": "y", "origin": [17, 9, 24]},
			"faces": {
				"north": {"uv": [9, 8, 11, 15], "texture": "#0"},
				"east": {"uv": [9, 8, 10, 15], "texture": "#0"},
				"south": {"uv": [9, 8, 11, 15], "texture": "#0"},
				"west": {"uv": [10, 8, 11, 15], "texture": "#0"},
				"up": {"uv": [9, 8, 11, 9], "texture": "#0"},
				"down": {"uv": [9, 8, 11, 9], "texture": "#0"}
			}
		},
		{
			"from": [5, 1, -1],
			"to": [7, 8, 0],
			"rotation": {"angle": 0, "axis": "y", "origin": [13, 9, 7]},
			"faces": {
				"north": {"uv": [9, 8, 11, 15], "texture": "#0"},
				"east": {"uv": [9, 8, 10, 15], "texture": "#0"},
				"west": {"uv": [10, 8, 11, 15], "texture": "#0"},
				"up": {"uv": [9, 8, 11, 9], "texture": "#0"},
				"down": {"uv": [9, 8, 11, 9], "texture": "#0"}
			}
		},
		{
			"from": [5, 1, 16],
			"to": [8, 8, 17],
			"rotation": {"angle": 0, "axis": "y", "origin": [13, 9, 24]},
			"faces": {
				"north": {"uv": [5, 8, 8, 15], "texture": "#0"},
				"east": {"uv": [9, 8, 10, 15], "texture": "#0"},
				"south": {"uv": [5, 8, 8, 15], "texture": "#0"},
				"west": {"uv": [10, 8, 11, 15], "texture": "#0"},
				"up": {"uv": [9, 8, 12, 9], "texture": "#0"},
				"down": {"uv": [9, 8, 12, 9], "texture": "#0"}
			}
		},
		{
			"from": [8, 1, -1],
			"to": [11, 8, 0],
			"rotation": {"angle": 0, "axis": "y", "origin": [16, 9, 7]},
			"faces": {
				"north": {"uv": [5, 8, 8, 15], "texture": "#0"},
				"east": {"uv": [9, 8, 10, 15], "texture": "#0"},
				"south": {"uv": [5, 8, 8, 15], "texture": "#0"},
				"west": {"uv": [10, 8, 11, 15], "texture": "#0"},
				"up": {"uv": [9, 8, 12, 9], "texture": "#0"},
				"down": {"uv": [9, 8, 12, 9], "texture": "#0"}
			}
		},
		{
			"from": [5, 9, -1],
			"to": [11, 13.95, 0],
			"rotation": {"angle": 0, "axis": "y", "origin": [12, 17, 7]},
			"faces": {
				"north": {"uv": [5, 2, 11, 7], "texture": "#0"},
				"east": {"uv": [10, 2, 11, 7], "texture": "#0"},
				"south": {"uv": [5, 2, 11, 7], "texture": "#0"},
				"west": {"uv": [4, 2, 5, 7], "texture": "#0"},
				"up": {"uv": [5, 2, 11, 3], "texture": "#0"},
				"down": {"uv": [4, 6, 10, 7], "texture": "#0"}
			}
		},
		{
			"from": [5, 9, 16],
			"to": [11, 13.95, 17],
			"rotation": {"angle": 0, "axis": "y", "origin": [13, 17, 24]},
			"faces": {
				"north": {"uv": [5, 2, 11, 7], "texture": "#0"},
				"east": {"uv": [10, 2, 11, 7], "texture": "#0"},
				"south": {"uv": [5, 2, 11, 7], "texture": "#0"},
				"west": {"uv": [4, 2, 5, 7], "texture": "#0"},
				"up": {"uv": [5, 2, 11, 3], "texture": "#0"},
				"down": {"uv": [4, 6, 10, 7], "texture": "#0"}
			}
		}
	]
}