{
	"credit": "Made with Blockbench",
	"textures": {
		"0": "modeltextures/furnace_side",
		"1": "modeltextures/furnace_top",
		"2": "modeltextures/furnace_front",
		"3": "modeltextures/fire_0",
		"particle": "modeltextures/furnace_side"
	},
	"elements": [
		{
			"from": [0, 0, 0],
			"to": [1, 16, 1],
			"faces": {
				"north": {"uv": [15, 0, 16, 16], "texture": "#2"},
				"east": {"uv": [15, 0, 16, 16], "texture": "#2"},
				"south": {"uv": [15, 0, 16, 16], "texture": "#2"},
				"west": {"uv": [15, 0, 16, 16], "texture": "#2"},
				"up": {"uv": [15, 0, 16, 1], "texture": "#2"},
				"down": {"uv": [15, 15, 16, 16], "texture": "#2"}
			}
		},
		{
			"from": [0, 0, 15],
			"to": [1, 16, 16],
			"rotation": {"angle": 0, "axis": "y", "origin": [8, 8, 23]},
			"faces": {
				"north": {"uv": [15, 0, 16, 16], "texture": "#2"},
				"east": {"uv": [15, 0, 16, 16], "texture": "#2"},
				"south": {"uv": [15, 0, 16, 16], "texture": "#2"},
				"west": {"uv": [15, 0, 16, 16], "texture": "#2"},
				"up": {"uv": [15, 0, 16, 1], "texture": "#2"},
				"down": {"uv": [15, 15, 16, 16], "texture": "#2"}
			}
		},
		{
			"from": [15, 0, 0],
			"to": [16, 16, 1],
			"rotation": {"angle": 0, "axis": "y", "origin": [23, 8, 8]},
			"faces": {
				"north": {"uv": [0, 0, 1, 16], "texture": "#2"},
				"east": {"uv": [0, 0, 1, 16], "texture": "#2"},
				"south": {"uv": [0, 0, 1, 16], "texture": "#2"},
				"west": {"uv": [0, 0, 1, 16], "texture": "#2"},
				"up": {"uv": [0, 0, 1, 1], "texture": "#2"},
				"down": {"uv": [0, 15, 1, 16], "texture": "#2"}
			}
		},
		{
			"from": [15, 0, 15],
			"to": [16, 16, 16],
			"rotation": {"angle": 0, "axis": "y", "origin": [23, 8, 23]},
			"faces": {
				"north": {"uv": [0, 0, 1, 16], "texture": "#2"},
				"east": {"uv": [0, 0, 1, 16], "texture": "#2"},
				"south": {"uv": [0, 0, 1, 16], "texture": "#2"},
				"west": {"uv": [0, 0, 1, 16], "texture": "#2"},
				"up": {"uv": [0, 0, 1, 1], "texture": "#2"},
				"down": {"uv": [0, 15, 1, 16], "texture": "#2"}
			}
		},
		{
			"from": [1, 0, 0],
			"to": [15, 0.99, 1],
			"rotation": {"angle": 0, "axis": "y", "origin": [9, 8, 8]},
			"faces": {
				"north": {"uv": [1, 15, 15, 16], "texture": "#2"},
				"south": {"uv": [1, 15, 15, 16], "texture": "#2"},
				"up": {"uv": [1, 15, 15, 16], "texture": "#2"},
				"down": {"uv": [1, 15, 15, 16], "texture": "#2"}
			}
		},
		{
			"from": [1, 15, 0],
			"to": [15, 16, 1],
			"rotation": {"angle": 0, "axis": "y", "origin": [9, 23, 8]},
			"faces": {
				"north": {"uv": [1, 0, 15, 1], "texture": "#2"},
				"south": {"uv": [1, 0, 15, 1], "texture": "#2"},
				"up": {"uv": [1, 0, 15, 1], "texture": "#2"},
				"down": {"uv": [1, 0, 15, 1], "texture": "#2"}
			}
		},
		{
			"from": [1, 15, 15],
			"to": [15, 16, 16],
			"rotation": {"angle": 0, "axis": "y", "origin": [9, 23, 23]},
			"faces": {
				"north": {"uv": [1, 0, 15, 1], "texture": "#2"},
				"south": {"uv": [1, 0, 15, 1], "texture": "#2"},
				"up": {"uv": [1, 0, 15, 1], "texture": "#2"},
				"down": {"uv": [1, 0, 15, 1], "texture": "#2"}
			}
		},
		{
			"from": [0, 15, 1],
			"to": [1, 16, 15],
			"rotation": {"angle": 0, "axis": "y", "origin": [8, 23, 7]},
			"faces": {
				"east": {"uv": [1, 0, 15, 1], "texture": "#2"},
				"west": {"uv": [1, 0, 15, 1], "texture": "#2"},
				"up": {"uv": [1, 0, 15, 1], "rotation": 270, "texture": "#2"},
				"down": {"uv": [1, 0, 15, 1], "rotation": 90, "texture": "#2"}
			}
		},
		{
			"from": [15, 15, 1],
			"to": [16, 16, 15],
			"rotation": {"angle": 0, "axis": "y", "origin": [23, 23, 7]},
			"faces": {
				"east": {"uv": [1, 0, 15, 1], "texture": "#2"},
				"west": {"uv": [1, 0, 15, 1], "texture": "#2"},
				"up": {"uv": [1, 0, 15, 1], "rotation": 270, "texture": "#2"},
				"down": {"uv": [1, 0, 15, 1], "rotation": 90, "texture": "#2"}
			}
		},
		{
			"from": [1, 0, 15],
			"to": [15, 1, 16],
			"rotation": {"angle": 0, "axis": "y", "origin": [9, 8, 23]},
			"faces": {
				"north": {"uv": [1, 15, 15, 16], "texture": "#2"},
				"south": {"uv": [1, 15, 15, 16], "texture": "#2"},
				"up": {"uv": [1, 15, 15, 16], "texture": "#2"},
				"down": {"uv": [1, 15, 15, 16], "texture": "#2"}
			}
		},
		{
			"from": [0, 0, 1],
			"to": [1, 1, 15],
			"rotation": {"angle": 0, "axis": "y", "origin": [0.5, 0.5, 8]},
			"faces": {
				"east": {"uv": [1, 15, 15, 16], "texture": "#2"},
				"west": {"uv": [1, 15, 15, 16], "texture": "#2"},
				"up": {"uv": [1, 15, 15, 16], "rotation": 90, "texture": "#2"},
				"down": {"uv": [1, 15, 15, 16], "rotation": 270, "texture": "#2"}
			}
		},
		{
			"from": [15, 0, 1],
			"to": [16, 1, 15],
			"rotation": {"angle": 0, "axis": "y", "origin": [15.5, 0.5, 8]},
			"faces": {
				"east": {"uv": [1, 15, 15, 16], "texture": "#2"},
				"west": {"uv": [1, 15, 15, 16], "texture": "#2"},
				"up": {"uv": [1, 15, 15, 16], "rotation": 90, "texture": "#2"},
				"down": {"uv": [1, 15, 15, 16], "rotation": 270, "texture": "#2"}
			}
		},
		{
			"from": [1, 15, 1],
			"to": [15, 15.75, 15],
			"rotation": {"angle": 0, "axis": "y", "origin": [9, 23, 9]},
			"faces": {
				"up": {"uv": [1, 1, 15, 15], "texture": "#1"},
				"down": {"uv": [1, 1, 15, 15], "texture": "#1"}
			}
		},
		{
			"from": [1, 0.25, 1],
			"to": [15, 0.9, 15],
			"rotation": {"angle": 0, "axis": "y", "origin": [9, 8.25, 9]},
			"faces": {
				"up": {"uv": [1, 1, 15, 15], "texture": "#1"},
				"down": {"uv": [1, 1, 15, 15], "texture": "#1"}
			}
		},
		{
			"from": [15, 7, 1],
			"to": [15.5, 15, 15],
			"rotation": {"angle": 0, "axis": "y", "origin": [23, 9, 9]},
			"faces": {
				"east": {"uv": [1, 1, 15, 9], "texture": "#0"},
				"west": {"uv": [1, 1, 15, 9], "texture": "#0"}
			}
		},
		{
			"from": [0.5, 7, 1],
			"to": [1, 15, 15],
			"rotation": {"angle": 0, "axis": "y", "origin": [-7, 9, 9]},
			"faces": {
				"east": {"uv": [15, 1, 1, 9], "texture": "#0"},
				"west": {"uv": [15, 1, 1, 9], "texture": "#0"}
			}
		},
		{
			"from": [1, 7, 15],
			"to": [15, 15, 15.5],
			"rotation": {"angle": 0, "axis": "y", "origin": [7, 9, 7.5]},
			"faces": {
				"north": {"uv": [15, 1, 1, 9], "texture": "#0"},
				"south": {"uv": [15, 1, 1, 9], "texture": "#0"}
			}
		},
		{
			"from": [15, 1, 1],
			"to": [15.75, 7, 15],
			"rotation": {"angle": 0, "axis": "y", "origin": [23, 9, 9]},
			"faces": {
				"east": {"uv": [1, 9, 15, 15], "texture": "#0"},
				"west": {"uv": [1, 9, 15, 15], "texture": "#0"},
				"up": {"uv": [1, 9, 15, 10], "rotation": 90, "texture": "#0"}
			}
		},
		{
			"from": [0.25, 1, 1],
			"to": [1, 7, 15],
			"rotation": {"angle": 0, "axis": "y", "origin": [-7, 9, 9]},
			"faces": {
				"east": {"uv": [15, 9, 1, 15], "texture": "#0"},
				"west": {"uv": [15, 9, 1, 15], "texture": "#0"},
				"up": {"uv": [1, 10, 15, 9], "rotation": 90, "texture": "#0"}
			}
		},
		{
			"from": [1, 1, 15],
			"to": [15, 7, 15.75],
			"rotation": {"angle": 0, "axis": "y", "origin": [7, 9, 7.75]},
			"faces": {
				"north": {"uv": [15, 9, 1, 15], "texture": "#0"},
				"south": {"uv": [15, 9, 1, 15], "texture": "#0"},
				"up": {"uv": [1, 10, 15, 9], "rotation": 180, "texture": "#0"}
			}
		},
		{
			"from": [13, 1, 0.25],
			"to": [15, 2, 1],
			"rotation": {"angle": 0, "axis": "y", "origin": [9, 9, 8]},
			"faces": {
				"north": {"uv": [1, 14, 3, 15], "texture": "#2"},
				"south": {"uv": [1, 14, 3, 15], "texture": "#2"},
				"west": {"uv": [1, 14, 2, 15], "texture": "#2"},
				"down": {"uv": [1, 14, 3, 15], "texture": "#2"}
			}
		},
		{
			"from": [1, 1, 0.25],
			"to": [3, 2, 1],
			"rotation": {"angle": 0, "axis": "y", "origin": [-3, 9, 8]},
			"faces": {
				"north": {"uv": [13, 14, 15, 15], "texture": "#2"},
				"east": {"uv": [13, 14, 14, 15], "texture": "#2"},
				"south": {"uv": [13, 14, 15, 15], "texture": "#2"},
				"down": {"uv": [13, 14, 15, 15], "texture": "#2"}
			}
		},
		{
			"from": [1, 2, 0.25],
			"to": [3, 3, 1],
			"rotation": {"angle": 0, "axis": "y", "origin": [-3, 10, 8]},
			"faces": {
				"north": {"uv": [13, 13, 15, 14], "texture": "#2"},
				"east": {"uv": [13, 14, 14, 15], "texture": "#2"},
				"south": {"uv": [13, 14, 15, 15], "texture": "#2"}
			}
		},
		{
			"from": [13, 2, 0.25],
			"to": [15, 3, 1],
			"rotation": {"angle": 0, "axis": "y", "origin": [9, 10, 8]},
			"faces": {
				"north": {"uv": [1, 13, 3, 14], "texture": "#2"},
				"south": {"uv": [13, 14, 15, 15], "texture": "#2"},
				"west": {"uv": [13, 14, 14, 15], "texture": "#2"}
			}
		},
		{
			"from": [12, 3, 0.25],
			"to": [15, 4, 1],
			"rotation": {"angle": 0, "axis": "y", "origin": [9, 11, 8]},
			"faces": {
				"north": {"uv": [1, 12, 4, 13], "texture": "#2"},
				"south": {"uv": [13, 14, 15, 15], "texture": "#2"},
				"west": {"uv": [13, 14, 14, 15], "texture": "#2"},
				"down": {"uv": [13, 14, 15, 15], "texture": "#2"}
			}
		},
		{
			"from": [1, 3, 0.25],
			"to": [4, 4, 1],
			"rotation": {"angle": 0, "axis": "y", "origin": [-2, 11, 8]},
			"faces": {
				"north": {"uv": [12, 12, 15, 13], "texture": "#2"},
				"east": {"uv": [13, 14, 14, 15], "texture": "#2"},
				"south": {"uv": [13, 14, 15, 15], "texture": "#2"},
				"down": {"uv": [13, 14, 15, 15], "texture": "#2"}
			}
		},
		{
			"from": [1, 4, 0.25],
			"to": [5, 5, 1],
			"rotation": {"angle": 0, "axis": "y", "origin": [-2, 12, 8]},
			"faces": {
				"north": {"uv": [11, 11, 15, 12], "texture": "#2"},
				"east": {"uv": [13, 14, 14, 15], "texture": "#2"},
				"south": {"uv": [13, 14, 15, 15], "texture": "#2"},
				"down": {"uv": [13, 14, 15, 15], "texture": "#2"}
			}
		},
		{
			"from": [11, 4, 0.25],
			"to": [15, 5, 1],
			"rotation": {"angle": 0, "axis": "y", "origin": [8, 12, 8]},
			"faces": {
				"north": {"uv": [1, 11, 5, 12], "texture": "#2"},
				"south": {"uv": [13, 14, 15, 15], "texture": "#2"},
				"west": {"uv": [13, 14, 14, 15], "texture": "#2"},
				"down": {"uv": [13, 14, 15, 15], "texture": "#2"}
			}
		},
		{
			"from": [1, 5, 0.25],
			"to": [15, 7, 1],
			"rotation": {"angle": 0, "axis": "y", "origin": [8, 13, 8]},
			"faces": {
				"north": {"uv": [1, 9, 15, 11], "texture": "#2"},
				"south": {"uv": [13, 14, 15, 15], "texture": "#2"},
				"up": {"uv": [13, 14, 15, 15], "texture": "#2"},
				"down": {"uv": [13, 14, 15, 15], "texture": "#2"}
			}
		},
		{
			"from": [1, 7, 0.5],
			"to": [15, 9, 1],
			"rotation": {"angle": 0, "axis": "y", "origin": [8, 15, 8]},
			"faces": {
				"north": {"uv": [1, 7, 15, 9], "texture": "#2"},
				"south": {"uv": [13, 14, 15, 15], "texture": "#2"},
				"up": {"uv": [13, 14, 15, 15], "texture": "#2"}
			}
		},
		{
			"from": [1, 9, 0.5],
			"to": [3, 12, 1],
			"rotation": {"angle": 0, "axis": "y", "origin": [-4, 17, 8]},
			"faces": {
				"north": {"uv": [13, 4, 15, 7], "texture": "#2"},
				"east": {"uv": [13, 14, 14, 15], "texture": "#2"},
				"south": {"uv": [13, 14, 15, 15], "texture": "#2"}
			}
		},
		{
			"from": [1, 12, 0.5],
			"to": [4, 13, 1],
			"rotation": {"angle": 0, "axis": "y", "origin": [-4, 20, 8]},
			"faces": {
				"north": {"uv": [12, 3, 15, 4], "texture": "#2"},
				"east": {"uv": [13, 14, 14, 15], "texture": "#2"},
				"south": {"uv": [13, 14, 15, 15], "texture": "#2"},
				"down": {"uv": [13, 14, 15, 15], "texture": "#2"}
			}
		},
		{
			"from": [1, 13, 0.5],
			"to": [15, 15, 1],
			"rotation": {"angle": 0, "axis": "y", "origin": [7, 21, 8]},
			"faces": {
				"north": {"uv": [1, 1, 15, 3], "texture": "#2"},
				"south": {"uv": [13, 14, 15, 15], "texture": "#2"},
				"down": {"uv": [13, 14, 15, 15], "texture": "#2"}
			}
		},
		{
			"from": [12, 12, 0.5],
			"to": [15, 13, 1],
			"rotation": {"angle": 0, "axis": "y", "origin": [7, 20, 8]},
			"faces": {
				"north": {"uv": [1, 3, 4, 4], "texture": "#2"},
				"south": {"uv": [13, 14, 15, 15], "texture": "#2"},
				"west": {"uv": [13, 14, 14, 15], "texture": "#2"},
				"down": {"uv": [13, 14, 15, 15], "texture": "#2"}
			}
		},
		{
			"from": [13, 9, 0.5],
			"to": [15, 12, 1],
			"rotation": {"angle": 0, "axis": "y", "origin": [8, 17, 8]},
			"faces": {
				"north": {"uv": [1, 4, 3, 7], "texture": "#2"},
				"south": {"uv": [13, 14, 15, 15], "texture": "#2"},
				"west": {"uv": [13, 14, 14, 15], "texture": "#2"}
			}
		},
		{
			"from": [2, 1, 1],
			"to": [14, 1, 10],
			"rotation": {"angle": 0, "axis": "y", "origin": [10, 8, 9]},
			"faces": {
				"up": {"uv": [8, 12, 9, 13], "texture": "#2"},
				"down": {"uv": [8, 12, 9, 13], "texture": "#2"}
			}
		},
		{
			"from": [2, 9, 1],
			"to": [14, 9, 10],
			"rotation": {"angle": 0, "axis": "y", "origin": [10, 16, 9]},
			"faces": {
				"up": {"uv": [8, 12, 9, 13], "texture": "#2"},
				"down": {"uv": [8, 12, 9, 13], "texture": "#2"}
			}
		},
		{
			"from": [13, 1, 1],
			"to": [14, 3, 10],
			"rotation": {"angle": 0, "axis": "y", "origin": [12, 8, 9]},
			"faces": {
				"east": {"uv": [8, 12, 9, 13], "texture": "#2"},
				"west": {"uv": [8, 12, 9, 13], "texture": "#2"},
				"up": {"uv": [8, 12, 9, 13], "texture": "#2"}
			}
		},
		{
			"from": [3, 1, 9.95],
			"to": [13, 3, 9.95],
			"rotation": {"angle": 0, "axis": "y", "origin": [12, 8, 17.95]},
			"faces": {
				"north": {"uv": [3, 13, 13, 15], "texture": "#2"},
				"south": {"uv": [8, 12, 9, 13], "texture": "#2"}
			}
		},
		{
			"from": [1, 1, 10],
			"to": [15, 15, 11],
			"rotation": {"angle": 0, "axis": "y", "origin": [12, 8, 19]},
			"faces": {
				"north": {"uv": [8, 12, 9, 13], "texture": "#2"},
				"south": {"uv": [8, 12, 9, 13], "texture": "#2"},
				"down": {"uv": [8, 12, 9, 13], "texture": "#2"}
			}
		},
		{
			"from": [5, 4, 9.95],
			"to": [11, 5, 9.95],
			"rotation": {"angle": 0, "axis": "y", "origin": [12, 11, 17.95]},
			"faces": {
				"north": {"uv": [5, 11, 11, 12], "texture": "#2"},
				"south": {"uv": [8, 12, 9, 13], "texture": "#2"}
			}
		},
		{
			"from": [4, 3, 9.95],
			"to": [12, 4, 9.95],
			"rotation": {"angle": 0, "axis": "y", "origin": [12, 10, 17.95]},
			"faces": {
				"north": {"uv": [4, 12, 12, 13], "texture": "#2"},
				"south": {"uv": [8, 12, 9, 13], "texture": "#2"}
			}
		},
		{
			"from": [12, 3, 1],
			"to": [13, 4, 10],
			"rotation": {"angle": 0, "axis": "y", "origin": [11, 10, 9]},
			"faces": {
				"east": {"uv": [8, 12, 9, 13], "texture": "#2"},
				"west": {"uv": [8, 12, 9, 13], "texture": "#2"},
				"up": {"uv": [8, 12, 9, 13], "texture": "#2"},
				"down": {"uv": [8, 12, 9, 13], "texture": "#2"}
			}
		},
		{
			"from": [11, 4, 1],
			"to": [12, 5, 10],
			"rotation": {"angle": 0, "axis": "y", "origin": [10, 11, 9]},
			"faces": {
				"east": {"uv": [8, 12, 9, 13], "texture": "#2"},
				"west": {"uv": [8, 12, 9, 13], "texture": "#2"},
				"up": {"uv": [8, 12, 9, 13], "texture": "#2"},
				"down": {"uv": [8, 12, 9, 13], "texture": "#2"}
			}
		},
		{
			"from": [5, 5, 1],
			"to": [11, 6, 10],
			"rotation": {"angle": 0, "axis": "y", "origin": [4, 12, 9]},
			"faces": {
				"east": {"uv": [8, 12, 9, 13], "texture": "#2"},
				"west": {"uv": [8, 12, 9, 13], "texture": "#2"},
				"up": {"uv": [8, 12, 9, 13], "texture": "#2"},
				"down": {"uv": [8, 12, 9, 13], "texture": "#2"}
			}
		},
		{
			"from": [4, 4, 1],
			"to": [5, 5, 10],
			"rotation": {"angle": 0, "axis": "y", "origin": [3, 11, 9]},
			"faces": {
				"east": {"uv": [8, 12, 9, 13], "texture": "#2"},
				"west": {"uv": [8, 12, 9, 13], "texture": "#2"},
				"up": {"uv": [8, 12, 9, 13], "texture": "#2"},
				"down": {"uv": [8, 12, 9, 13], "texture": "#2"}
			}
		},
		{
			"from": [13, 9, 1],
			"to": [14, 12, 10],
			"rotation": {"angle": 0, "axis": "y", "origin": [12, 16, 9]},
			"faces": {
				"east": {"uv": [8, 12, 9, 13], "texture": "#2"},
				"west": {"uv": [8, 12, 9, 13], "texture": "#2"},
				"up": {"uv": [8, 12, 9, 13], "texture": "#2"}
			}
		},
		{
			"from": [3, 9, 9.95],
			"to": [13, 12, 9.95],
			"rotation": {"angle": 0, "axis": "y", "origin": [11, 16, 8.95]},
			"faces": {
				"north": {"uv": [3, 4, 13, 7], "texture": "#2"},
				"south": {"uv": [8, 12, 9, 13], "texture": "#2"}
			}
		},
		{
			"from": [4, 12, 9.95],
			"to": [12, 13, 9.95],
			"rotation": {"angle": 0, "axis": "y", "origin": [11, 19, 8.95]},
			"faces": {
				"north": {"uv": [4, 3, 12, 4], "texture": "#2"},
				"south": {"uv": [8, 12, 9, 13], "texture": "#2"}
			}
		},
		{
			"from": [2, 9, 1],
			"to": [3, 12, 10],
			"rotation": {"angle": 0, "axis": "y", "origin": [1, 16, 9]},
			"faces": {
				"east": {"uv": [8, 12, 9, 13], "texture": "#2"},
				"west": {"uv": [8, 12, 9, 13], "texture": "#2"},
				"up": {"uv": [8, 12, 9, 13], "texture": "#2"}
			}
		},
		{
			"from": [12, 12, 1],
			"to": [13, 13, 10],
			"rotation": {"angle": 0, "axis": "y", "origin": [11, 19, 9]},
			"faces": {
				"east": {"uv": [8, 12, 9, 13], "texture": "#2"},
				"west": {"uv": [8, 12, 9, 13], "texture": "#2"},
				"up": {"uv": [8, 12, 9, 13], "texture": "#2"},
				"down": {"uv": [8, 12, 9, 13], "texture": "#2"}
			}
		},
		{
			"from": [4, 13, 1],
			"to": [12, 14, 10],
			"rotation": {"angle": 0, "axis": "y", "origin": [10, 20, 9]},
			"faces": {
				"east": {"uv": [8, 12, 9, 13], "texture": "#2"},
				"west": {"uv": [8, 12, 9, 13], "texture": "#2"},
				"up": {"uv": [8, 12, 9, 13], "texture": "#2"},
				"down": {"uv": [8, 12, 9, 13], "texture": "#2"}
			}
		},
		{
			"from": [3, 12, 1],
			"to": [4, 13, 10],
			"rotation": {"angle": 0, "axis": "y", "origin": [2, 19, 9]},
			"faces": {
				"east": {"uv": [8, 12, 9, 13], "texture": "#2"},
				"west": {"uv": [8, 12, 9, 13], "texture": "#2"},
				"up": {"uv": [8, 12, 9, 13], "texture": "#2"},
				"down": {"uv": [8, 12, 9, 13], "texture": "#2"}
			}
		},
		{
			"from": [3, 3, 1],
			"to": [4, 4, 10],
			"rotation": {"angle": 0, "axis": "y", "origin": [2, 10, 9]},
			"faces": {
				"east": {"uv": [8, 12, 9, 13], "texture": "#2"},
				"west": {"uv": [8, 12, 9, 13], "texture": "#2"},
				"up": {"uv": [8, 12, 9, 13], "texture": "#2"},
				"down": {"uv": [8, 12, 9, 13], "texture": "#2"}
			}
		},
		{
			"from": [2, 1, 1],
			"to": [3, 3, 10],
			"rotation": {"angle": 0, "axis": "y", "origin": [1, 8, 9]},
			"faces": {
				"east": {"uv": [8, 12, 9, 13], "texture": "#2"},
				"west": {"uv": [8, 12, 9, 13], "texture": "#2"},
				"up": {"uv": [8, 12, 9, 13], "texture": "#2"}
			}
		},
		{
			"from": [3, 1, 0.25],
			"to": [13, 1, 1.25],
			"rotation": {"angle": 0, "axis": "y", "origin": [11, 8, 8.25]},
			"faces": {
				"up": {"uv": [8, 12, 9, 13], "texture": "#2"},
				"down": {"uv": [8, 12, 9, 13], "texture": "#2"}
			}
		},
		{
			"from": [6, 0.5, 4],
			"to": [8, 1.5, 5],
			"rotation": {"angle": 22.5, "axis": "y", "origin": [7, 1, 4.5]},
			"faces": {
				"north": {"uv": [8, 12, 10, 13], "texture": "#2"},
				"east": {"uv": [8, 12, 9, 13], "texture": "#2"},
				"south": {"uv": [8, 12, 10, 13], "texture": "#2"},
				"west": {"uv": [8, 12, 9, 13], "texture": "#2"},
				"up": {"uv": [8, 12, 10, 13], "texture": "#2"},
				"down": {"uv": [8, 12, 10, 13], "texture": "#2"}
			}
		},
		{
			"from": [7, 0.5, 4.75],
			"to": [8.5, 1.5, 7],
			"rotation": {"angle": 22.5, "axis": "y", "origin": [8, 1, 6.25]},
			"faces": {
				"east": {"uv": [8, 12, 9, 13], "texture": "#2"},
				"south": {"uv": [8, 12, 9, 13], "texture": "#2"},
				"west": {"uv": [8, 12, 9, 13], "texture": "#2"},
				"up": {"uv": [8, 12, 9, 13], "texture": "#2"},
				"down": {"uv": [8, 12, 9, 13], "texture": "#2"}
			}
		},
		{
			"from": [9, 0.65, 4.75],
			"to": [10.5, 2.75, 6],
			"rotation": {"angle": 22.5, "axis": "z", "origin": [10, 1, 6.25]},
			"faces": {
				"north": {"uv": [8, 12, 9.5, 14.1], "texture": "#2"},
				"east": {"uv": [8, 12, 9.25, 14.1], "texture": "#2"},
				"south": {"uv": [8, 12, 9.5, 14.1], "texture": "#2"},
				"west": {"uv": [8, 12, 9.25, 14.1], "texture": "#2"},
				"up": {"uv": [8, 12, 9.5, 13.25], "texture": "#2"}
			}
		},
		{
			"from": [7, 0.5, 3.25],
			"to": [8, 1, 4],
			"rotation": {"angle": 22.5, "axis": "y", "origin": [8, 1, 4.75]},
			"faces": {
				"north": {"uv": [8, 12, 9, 12.5], "texture": "#2"},
				"east": {"uv": [8, 12, 8.75, 12.5], "texture": "#2"},
				"west": {"uv": [8, 12, 8.75, 12.5], "texture": "#2"},
				"up": {"uv": [8, 12, 9, 12.75], "texture": "#2"},
				"down": {"uv": [8, 12, 9, 12.75], "texture": "#2"}
			}
		},
		{
			"from": [7, 0.6, 4],
			"to": [8.9, 1.5, 5],
			"rotation": {"angle": -22.5, "axis": "z", "origin": [8, 1, 4.5]},
			"faces": {
				"north": {"uv": [8, 12, 9.9, 12.9], "texture": "#2"},
				"east": {"uv": [8, 12, 9, 12.9], "texture": "#2"},
				"south": {"uv": [8, 12, 9.9, 12.9], "texture": "#2"},
				"west": {"uv": [8, 12, 9, 12.9], "texture": "#2"},
				"up": {"uv": [8, 12, 9.9, 13], "texture": "#2"},
				"down": {"uv": [8, 12, 9.9, 13], "texture": "#2"}
			}
		},
		{
			"from": [6, 1, 5],
			"to": [10, 5, 5],
			"rotation": {"angle": 0, "axis": "y", "origin": [17, 9, 13]},
			"faces": {
				"north": {"uv": [6, 9, 11, 16], "texture": "#3"},
				"south": {"uv": [6, 9, 11, 16], "texture": "#3"}
			}
		},
		{
			"from": [5, 1, 5],
			"to": [6, 3, 5],
			"rotation": {"angle": 0, "axis": "y", "origin": [16, 8, 13]},
			"faces": {
				"north": {"uv": [6, 13, 8, 16], "texture": "#3"},
				"south": {"uv": [6, 13, 8, 16], "texture": "#3"}
			}
		},
		{
			"from": [10, 1, 5],
			"to": [11, 3, 5],
			"rotation": {"angle": 0, "axis": "y", "origin": [21, 8, 13]},
			"faces": {
				"north": {"uv": [6, 13, 8, 16], "texture": "#3"},
				"south": {"uv": [6, 13, 8, 16], "texture": "#3"}
			}
		},
		{
			"from": [8, 1, 3],
			"to": [8, 5, 7],
			"rotation": {"angle": 0, "axis": "y", "origin": [8, 3, 5]},
			"faces": {
				"east": {"uv": [6, 9, 11, 16], "texture": "#3"},
				"west": {"uv": [6, 9, 11, 16], "texture": "#3"}
			}
		}
	],
	"display": {
		"thirdperson_righthand": {
			"rotation": [75, 45, 0],
			"translation": [0, 2.5, 0],
			"scale": [0.375, 0.375, 0.375]
		},
		"thirdperson_lefthand": {
			"rotation": [75, 45, 0],
			"translation": [0, 2.5, 0],
			"scale": [0.375, 0.375, 0.375]
		},
		"firstperson_righthand": {
			"rotation": [0, 45, 0],
			"scale": [0.4, 0.4, 0.4]
		},
		"firstperson_lefthand": {
			"rotation": [0, 225, 0],
			"scale": [0.4, 0.4, 0.4]
		},
		"ground": {
			"translation": [0, 3, 0],
			"scale": [0.25, 0.25, 0.25]
		},
		"gui": {
			"rotation": [30, 225, 0],
			"scale": [0.625, 0.625, 0.625]
		},
		"fixed": {
			"scale": [0.5, 0.5, 0.5]
		}
	},
	"groups": [0, 1, 2, 3, 4, 5, 6, 7, 8, 9, 10, 11, 12, 13, 14, 15, 16, 17, 18, 19,
		{
			"name": "Front_Down",
			"origin": [8, 13, 8],
			"color": 0,
			"children": [20, 21, 22, 23, 24, 25, 26, 27, 28]
		},
		{
			"name": "Front_Up",
			"origin": [8, 17, 8],
			"color": 0,
			"children": [29, 30, 31, 32, 33, 34]
		},
		{
			"name": "Inside",
			"origin": [11, 8, -7.75],
			"color": 0,
			"children": [35, 36, 37, 38, 39, 40, 41, 42, 43, 44, 45, 46, 47, 48, 49, 50, 51, 52, 53, 54, 55]
		}, 56, 57, 58, 59, 60, 61, 62, 63, 64]
}