{
	"credit": "Made with Blockbench",
	"ambientocclusion": false,
	"textures": {
		"texture": "modeltextures/item_frame",
		"material": "modeltextures/oak_planks"
	},
	"elements": [
		{
			"name": "Mid",
			"from": [3, 3, 15.375],
			"to": [13, 13, 15.625],
			"rotation": {"angle": 0, "axis": "y", "origin": [8, 8, 7.75]},
			"faces": {
				"north": {"uv": [3.001, 3.001, 12.999, 12.999], "texture": "#texture"}
			}
		},
		{
			"name": "Mid",
			"from": [6, 2, 15.375],
			"to": [10, 14, 15.625],
			"rotation": {"angle": 0, "axis": "y", "origin": [8, 8, 7.75]},
			"faces": {
				"north": {"uv": [6.001, 2.001, 9.999, 13.999], "texture": "#texture"}
			}
		},
		{
			"name": "Mid",
			"from": [2, 6, 15.375],
			"to": [14, 10, 15.625],
			"rotation": {"angle": 0, "axis": "y", "origin": [8, 8, 7.75]},
			"faces": {
				"north": {"uv": [2.001, 6.001, 13.999, 9.999], "texture": "#texture"}
			}
		},
		{
			"name": "Ring",
			"from": [3, 12, 14.75],
			"to": [4, 13, 15.75],
			"rotation": {"angle": 0, "axis": "y", "origin": [8, 8, 7.75]},
			"faces": {
				"north": {"uv": [12.001, 3.001, 12.999, 3.999], "texture": "#material"},
				"east": {"uv": [0.001, 3.001, 0.999, 3.999], "texture": "#material"},
				"south": {"uv": [3.001, 3.001, 3.999, 3.999], "texture": "#material"},
				"west": {"uv": [15.001, 3.001, 15.999, 3.999], "texture": "#material"},
				"up": {"uv": [3, 13.75, 3.998, 14.748], "texture": "#material"},
				"down": {"uv": [12.999, 15.999, 12.001, 15.001], "texture": "#material"}
			}
		},
		{
			"name": "Ring",
			"from": [12, 12, 14.75],
			"to": [13, 13, 15.75],
			"rotation": {"angle": 0, "axis": "y", "origin": [8, 8, 7.75]},
			"faces": {
				"north": {"uv": [3.001, 3.001, 3.999, 3.999], "texture": "#material"},
				"east": {"uv": [0.001, 3.001, 0.999, 3.999], "texture": "#material"},
				"south": {"uv": [11.75, 1.875, 12.748, 2.873], "texture": "#material"},
				"west": {"uv": [15.001, 3.001, 15.999, 3.999], "texture": "#material"},
				"up": {"uv": [12, 14, 12.998, 14.998], "texture": "#material"},
				"down": {"uv": [3.999, 15.999, 3.001, 15.001], "texture": "#material"}
			}
		},
		{
			"name": "Ring",
			"from": [12, 3, 14.75],
			"to": [13, 4, 15.75],
			"rotation": {"angle": 0, "axis": "y", "origin": [8, 8, 7.75]},
			"faces": {
				"north": {"uv": [3.001, 12.001, 3.999, 12.999], "texture": "#material"},
				"east": {"uv": [0.001, 12.001, 0.999, 12.999], "texture": "#material"},
				"south": {"uv": [12.001, 12.001, 12.999, 12.999], "texture": "#material"},
				"west": {"uv": [15.001, 12.001, 15.999, 12.999], "texture": "#material"},
				"up": {"uv": [12.001, 15.001, 12.999, 15.999], "texture": "#material"},
				"down": {"uv": [4.498, 14.373, 3.5, 13.375], "texture": "#material"}
			}
		},
		{
			"name": "Ring",
			"from": [3, 3, 14.75],
			"to": [4, 4, 15.75],
			"rotation": {"angle": 0, "axis": "y", "origin": [8, 8, 7.75]},
			"faces": {
				"north": {"uv": [12.001, 12.001, 12.999, 12.999], "texture": "#material"},
				"east": {"uv": [0.001, 12.001, 0.999, 12.999], "texture": "#material"},
				"south": {"uv": [3.001, 12.001, 3.999, 12.999], "texture": "#material"},
				"west": {"uv": [15.001, 12.001, 15.999, 12.999], "texture": "#material"},
				"up": {"uv": [3.001, 15.001, 3.999, 15.999], "texture": "#material"},
				"down": {"uv": [11.498, 14.248, 10.5, 13.25], "texture": "#material"}
			}
		},
		{
			"name": "Ring",
			"from": [4, 2, 14.75],
			"to": [6, 3, 15.75],
			"rotation": {"angle": 0, "axis": "y", "origin": [8, 8, 7.75]},
			"faces": {
				"north": {"uv": [10.001, 13.001, 11.999, 13.999], "texture": "#material"},
				"east": {"uv": [0.001, 13.001, 0.999, 13.999], "texture": "#material"},
				"south": {"uv": [4.001, 13.001, 5.999, 13.999], "texture": "#material"},
				"west": {"uv": [15.001, 13.001, 15.999, 13.999], "texture": "#material"},
				"up": {"uv": [4.001, 15.001, 5.999, 15.999], "texture": "#material"},
				"down": {"uv": [11.248, 13.998, 9.25, 13], "texture": "#material"}
			}
		},
		{
			"name": "Ring",
			"from": [6, 1, 14.75],
			"to": [10, 2, 15.75],
			"rotation": {"angle": 0, "axis": "y", "origin": [8, 8, 7.75]},
			"faces": {
				"north": {"uv": [6.001, 14.001, 9.999, 14.999], "texture": "#material"},
				"east": {"uv": [0.001, 14.001, 0.999, 14.999], "texture": "#material"},
				"south": {"uv": [6.001, 14.001, 9.999, 14.999], "texture": "#material"},
				"west": {"uv": [15.001, 14.001, 15.999, 14.999], "texture": "#material"},
				"up": {"uv": [6.001, 15.001, 9.999, 15.999], "texture": "#material"},
				"down": {"uv": [9.873, 14.873, 5.875, 13.875], "texture": "#material"}
			}
		},
		{
			"name": "Ring",
			"from": [10, 2, 14.75],
			"to": [12, 3, 15.75],
			"rotation": {"angle": 0, "axis": "y", "origin": [8, 8, 7.75]},
			"faces": {
				"north": {"uv": [4.001, 13.001, 5.999, 13.999], "texture": "#material"},
				"east": {"uv": [0.001, 13.001, 0.999, 13.999], "texture": "#material"},
				"south": {"uv": [10.001, 13.001, 11.999, 13.999], "texture": "#material"},
				"west": {"uv": [15.001, 13.001, 15.999, 13.999], "texture": "#material"},
				"up": {"uv": [10.001, 15.001, 11.999, 15.999], "texture": "#material"},
				"down": {"uv": [5.623, 14.873, 3.625, 13.875], "texture": "#material"}
			}
		},
		{
			"name": "Ring",
			"from": [4, 13, 14.75],
			"to": [6, 14, 15.75],
			"rotation": {"angle": 0, "axis": "y", "origin": [8, 8, 7.75]},
			"faces": {
				"north": {"uv": [10.001, 2.001, 11.999, 2.999], "texture": "#material"},
				"east": {"uv": [0.001, 2.001, 0.999, 2.999], "texture": "#material"},
				"south": {"uv": [4.001, 2.001, 5.999, 2.999], "texture": "#material"},
				"west": {"uv": [15.001, 2.001, 15.999, 2.999], "texture": "#material"},
				"up": {"uv": [3.375, 12.875, 5.373, 13.873], "texture": "#material"},
				"down": {"uv": [11.999, 15.999, 10.001, 15.001], "texture": "#material"}
			}
		},
		{
			"name": "Ring",
			"from": [10, 13, 14.75],
			"to": [12, 14, 15.75],
			"rotation": {"angle": 0, "axis": "y", "origin": [8, 8, 7.75]},
			"faces": {
				"north": {"uv": [4.001, 2.001, 5.999, 2.999], "texture": "#material"},
				"east": {"uv": [0.001, 2.001, 0.999, 2.999], "texture": "#material"},
				"south": {"uv": [10.625, 1.375, 12.623, 2.373], "texture": "#material"},
				"west": {"uv": [15.001, 2.001, 15.999, 2.999], "texture": "#material"},
				"up": {"uv": [10.5, 13.5, 12.498, 14.498], "texture": "#material"},
				"down": {"uv": [5.999, 15.999, 4.001, 15.001], "texture": "#material"}
			}
		},
		{
			"name": "Ring",
			"from": [6, 14, 14.75],
			"to": [10, 15, 15.75],
			"rotation": {"angle": 0, "axis": "y", "origin": [8, 8, 7.75]},
			"faces": {
				"north": {"uv": [6.001, 1.001, 9.999, 1.999], "texture": "#material"},
				"east": {"uv": [0.001, 1.001, 0.999, 1.999], "texture": "#material"},
				"south": {"uv": [6.001, 1.001, 9.999, 1.999], "texture": "#material"},
				"west": {"uv": [15.001, 1.001, 15.999, 1.999], "texture": "#material"},
				"up": {"uv": [5.875, 14, 9.873, 14.998], "texture": "#material"},
				"down": {"uv": [9.999, 15.999, 6.001, 15.001], "texture": "#material"}
			}
		},
		{
			"name": "Ring",
			"from": [2, 10, 14.75],
			"to": [3, 12, 15.75],
			"rotation": {"angle": 0, "axis": "y", "origin": [8, 8, 7.75]},
			"faces": {
				"north": {"uv": [13.001, 4.001, 13.999, 5.999], "texture": "#material"},
				"east": {"uv": [0.001, 4.001, 0.999, 5.999], "texture": "#material"},
				"south": {"uv": [2.001, 4.001, 2.999, 5.999], "texture": "#material"},
				"west": {"uv": [15.001, 4.001, 15.999, 5.999], "texture": "#material"},
				"up": {"uv": [2.25, 13.375, 3.248, 14.373], "texture": "#material"},
				"down": {"uv": [13.999, 15.999, 13.001, 15.001], "texture": "#material"}
			}
		},
		{
			"name": "Ring",
			"from": [1, 6, 14.75],
			"to": [2, 10, 15.75],
			"rotation": {"angle": 0, "axis": "y", "origin": [8, 8, 7.75]},
			"faces": {
				"north": {"uv": [14.001, 6.001, 14.999, 9.999], "texture": "#material"},
				"east": {"uv": [0.001, 6.001, 0.999, 9.999], "texture": "#material"},
				"south": {"uv": [1.001, 6.001, 1.999, 9.999], "texture": "#material"},
				"west": {"uv": [15.001, 6.001, 15.999, 9.999], "texture": "#material"},
				"up": {"uv": [1, 13, 1.998, 13.998], "texture": "#material"},
				"down": {"uv": [14.248, 15.123, 13.25, 14.125], "texture": "#material"}
			}
		},
		{
			"name": "Ring",
			"from": [2, 4, 14.75],
			"to": [3, 6, 15.75],
			"rotation": {"angle": 0, "axis": "y", "origin": [8, 8, 7.75]},
			"faces": {
				"north": {"uv": [2, 11, 2.998, 12.998], "texture": "#material"},
				"east": {"uv": [0.001, 10.001, 0.999, 11.999], "texture": "#material"},
				"south": {"uv": [2, 11, 2.998, 12.998], "texture": "#material"},
				"west": {"uv": [2, 11, 2.998, 12.998], "texture": "#material"},
				"up": {"uv": [2.001, 15.001, 2.999, 15.999], "texture": "#material"},
				"down": {"uv": [13.248, 14.998, 12.25, 14], "texture": "#material"}
			}
		},
		{
			"name": "Ring",
			"from": [13, 10, 14.75],
			"to": [14, 12, 15.75],
			"rotation": {"angle": 0, "axis": "y", "origin": [8, 8, 7.75]},
			"faces": {
				"north": {"uv": [2.001, 4.001, 2.999, 5.999], "texture": "#material"},
				"east": {"uv": [0.001, 4.001, 0.999, 5.999], "texture": "#material"},
				"south": {"uv": [13.001, 4.001, 13.999, 5.999], "texture": "#material"},
				"west": {"uv": [15.001, 4.001, 15.999, 5.999], "texture": "#material"},
				"up": {"uv": [13.25, 13.25, 14.248, 14.248], "texture": "#material"},
				"down": {"uv": [2.999, 15.999, 2.001, 15.001], "texture": "#material"}
			}
		},
		{
			"name": "Ring",
			"from": [13, 4, 14.75],
			"to": [14, 6, 15.75],
			"rotation": {"angle": 0, "axis": "y", "origin": [8, 8, 7.75]},
			"faces": {
				"north": {"uv": [2, 11, 2.998, 12.998], "texture": "#material"},
				"east": {"uv": [2, 11, 2.998, 12.998], "texture": "#material"},
				"south": {"uv": [12.625, 10.875, 13.623, 12.873], "texture": "#material"},
				"west": {"uv": [15.001, 10.001, 15.999, 11.999], "texture": "#material"},
				"up": {"uv": [13.001, 15.001, 13.999, 15.999], "texture": "#material"},
				"down": {"uv": [2.998, 14.498, 2, 13.5], "texture": "#material"}
			}
		},
		{
			"name": "Ring",
			"from": [14, 6, 14.75],
			"to": [15, 10, 15.75],
			"rotation": {"angle": 0, "axis": "y", "origin": [8, 8, 7.75]},
			"faces": {
				"north": {"uv": [1.001, 6.001, 1.999, 9.999], "texture": "#material"},
				"east": {"uv": [0.001, 6.001, 0.999, 9.999], "texture": "#material"},
				"south": {"uv": [14.001, 6.001, 14.999, 9.999], "texture": "#material"},
				"west": {"uv": [15.001, 6.001, 15.999, 9.999], "texture": "#material"},
				"up": {"uv": [14, 14.125, 14.998, 15.123], "texture": "#material"},
				"down": {"uv": [3.373, 14.123, 2.375, 13.125], "texture": "#material"}
			}
		},
		{
			"name": "Ring",
			"from": [2, 6, 15.4],
			"to": [14, 10, 17.15],
			"rotation": {"angle": 0, "axis": "y", "origin": [8, 8, 7.75]},
			"faces": {
				"east": {"uv": [0.001, 6.001, 0.999, 9.999], "texture": "#material"},
				"south": {"uv": [4, 5.875, 16, 9.875], "texture": "#material"},
				"west": {"uv": [15.001, 6.001, 15.999, 9.999], "texture": "#material"},
				"up": {"uv": [2.625, 13.625, 14.625, 14.625], "texture": "#material"},
				"down": {"uv": [2.623, 14.623, 1.625, 13.625], "texture": "#material"}
			}
		},
		{
			"name": "Ring",
			"from": [3, 10, 15.4],
			"to": [13, 12, 17.15],
			"rotation": {"angle": 0, "axis": "y", "origin": [8, 8, 7.75]},
			"faces": {
				"east": {"uv": [1.875, 4.625, 2.875, 6.625], "texture": "#material"},
				"south": {"uv": [3.625, 7, 13.625, 9], "texture": "#material"},
				"west": {"uv": [8.625, 5, 9.625, 7], "texture": "#material"},
				"up": {"uv": [5, 13.5, 15, 14.5], "texture": "#material"}
			}
		},
		{
			"name": "Ring",
			"from": [3, 4, 15.4],
			"to": [13, 6, 17.15],
			"rotation": {"angle": 0, "axis": "y", "origin": [8, 8, 7.75]},
			"faces": {
				"east": {"uv": [1.875, 4.625, 2.875, 6.625], "texture": "#material"},
				"south": {"uv": [2.875, 11, 12.875, 13], "texture": "#material"},
				"west": {"uv": [8.625, 5, 9.625, 7], "texture": "#material"},
				"down": {"uv": [2.375, 13.25, 12.375, 14.25], "texture": "#material"}
			}
		},
		{
			"name": "Ring",
			"from": [4, 12, 15.4],
			"to": [12, 13, 17.15],
			"rotation": {"angle": 0, "axis": "y", "origin": [8, 8, 7.75]},
			"faces": {
				"east": {"uv": [1.875, 4.625, 2.875, 6.625], "texture": "#material"},
				"south": {"uv": [3.25, 8.875, 11.25, 9.875], "texture": "#material"},
				"west": {"uv": [7.75, 5, 8.75, 6], "texture": "#material"},
				"up": {"uv": [5, 13.5, 15, 14.5], "texture": "#material"}
			}
		},
		{
			"name": "Ring",
			"from": [4, 3, 15.4],
			"to": [12, 4, 17.15],
			"rotation": {"angle": 0, "axis": "y", "origin": [8, 8, 7.75]},
			"faces": {
				"east": {"uv": [1.875, 4.625, 2.875, 6.625], "texture": "#material"},
				"south": {"uv": [3.25, 8.875, 11.25, 9.875], "texture": "#material"},
				"west": {"uv": [7.75, 5, 8.75, 6], "texture": "#material"},
				"down": {"uv": [2.375, 13.25, 10.375, 14.25], "texture": "#material"}
			}
		},
		{
			"name": "Ring",
			"from": [6, 13, 15.4],
			"to": [10, 14, 17.15],
			"rotation": {"angle": 0, "axis": "y", "origin": [8, 8, 7.75]},
			"faces": {
				"east": {"uv": [1.875, 4.625, 2.875, 5.625], "texture": "#material"},
				"south": {"uv": [3.25, 8.875, 7.25, 9.875], "texture": "#material"},
				"west": {"uv": [7.75, 5, 8.75, 6], "texture": "#material"},
				"up": {"uv": [5, 13.5, 9, 14.5], "texture": "#material"}
			}
		},
		{
			"name": "Ring",
			"from": [6, 2, 15.4],
			"to": [10, 3, 17.15],
			"rotation": {"angle": 0, "axis": "y", "origin": [8, 8, 7.75]},
			"faces": {
				"east": {"uv": [1.875, 4.625, 2.875, 5.625], "texture": "#material"},
				"south": {"uv": [3.25, 8.875, 7.25, 9.875], "texture": "#material"},
				"west": {"uv": [7.75, 5, 8.75, 6], "texture": "#material"},
				"down": {"uv": [2.375, 13.25, 8.375, 14.25], "texture": "#material"}
			}
		}
	],
	"display": {
		"thirdperson_righthand": {
			"rotation": [75, 45, 0],
			"translation": [-2.25, 2.5, 0],
			"scale": [0.375, 0.375, 0.375]
		},
		"thirdperson_lefthand": {
			"rotation": [75, 45, 0],
			"translation": [-2.25, 2.5, 0],
			"scale": [0.375, 0.375, 0.375]
		},
		"firstperson_righthand": {
			"rotation": [0, 58, 0],
			"translation": [-2, 1.75, 0],
			"scale": [0.4, 0.4, 0.4]
		},
		"firstperson_lefthand": {
			"rotation": [0, 58, 0],
			"translation": [-2, 1.75, 0],
			"scale": [0.4, 0.4, 0.4]
		},
		"ground": {
			"rotation": [90, 0, 0],
			"translation": [0, 3, 0],
			"scale": [0.25, 0.25, 0.25]
		},
		"gui": {
			"rotation": [30, 225, 0],
			"translation": [3.5, -0.75, 0],
			"scale": [0.625, 0.625, 0.625]
		},
		"head": {
			"rotation": [90, 0, 0],
			"translation": [0.25, 15.25, -0.25]
		},
		"fixed": {
			"translation": [0, 0, -5],
			"scale": [0.6, 0.6, 0.6]
		}
	}
}