{
	"credit": "Made with Blockbench",
	"textures": {
		"0": "modeltextures/mossy_stone_bricks",
		"particle": "modeltextures/mossy_stone_bricks"
	},
	"elements": [
		{
			"from": [4, 0, 4],
			"to": [12, 16, 12],
			"rotation": {"angle": 0, "axis": "y", "origin": [15, 8, 8]},
			"faces": {
				"north": {"uv": [3, 0, 11, 16], "texture": "#0"},
				"east": {"uv": [3, 0, 11, 16], "texture": "#0"},
				"south": {"uv": [4, 0, 12, 16], "texture": "#0"},
				"west": {"uv": [3, 0, 11, 16], "texture": "#0"},
				"up": {"uv": [3, 4, 11, 12], "texture": "#0"},
				"down": {"uv": [3, 4, 11, 12], "texture": "#0"}
			}
		},
		{
			"from": [4, 1, 3],
			"to": [7, 8, 4],
			"rotation": {"angle": 0, "axis": "y", "origin": [12, 9, 11]},
			"faces": {
				"north": {"uv": [9, 8, 12, 15], "texture": "#0"},
				"east": {"uv": [9, 8, 10, 15], "texture": "#0"},
				"west": {"uv": [11, 8, 12, 15], "texture": "#0"},
				"up": {"uv": [9, 8, 12, 9], "texture": "#0"},
				"down": {"uv": [9, 14, 12, 15], "texture": "#0"}
			}
		},
		{
			"from": [4, 1, 12],
			"to": [7, 8, 13],
			"rotation": {"angle": 0, "axis": "y", "origin": [12, 9, 20]},
			"faces": {
				"east": {"uv": [6, 8, 7, 15], "texture": "#0"},
				"south": {"uv": [9, 8, 12, 15], "texture": "#0"},
				"west": {"uv": [11, 8, 12, 15], "texture": "#0"},
				"up": {"uv": [9, 8, 12, 9], "texture": "#0"},
				"down": {"uv": [9, 14, 12, 15], "texture": "#0"}
			}
		},
		{
			"from": [8, 1, 3],
			"to": [12, 8, 4],
			"rotation": {"angle": 0, "axis": "y", "origin": [16, 9, 11]},
			"faces": {
				"north": {"uv": [3, 8, 7, 15], "texture": "#0"},
				"east": {"uv": [4, 8, 5, 15], "texture": "#0"},
				"west": {"uv": [7, 8, 8, 15], "texture": "#0"},
				"up": {"uv": [3, 8, 7, 9], "texture": "#0"},
				"down": {"uv": [4, 14, 8, 15], "texture": "#0"}
			}
		},
		{
			"from": [8, 1, 12],
			"to": [12, 8, 13],
			"rotation": {"angle": 0, "axis": "y", "origin": [16, 9, 20]},
			"faces": {
				"east": {"uv": [6, 8, 7, 15], "texture": "#0"},
				"south": {"uv": [3, 8, 7, 15], "texture": "#0"},
				"west": {"uv": [8, 8, 9, 15], "texture": "#0"},
				"up": {"uv": [4, 8, 8, 9], "texture": "#0"},
				"down": {"uv": [4, 14, 8, 15], "texture": "#0"}
			}
		},
		{
			"from": [4, 9, 3],
			"to": [12, 16, 4],
			"rotation": {"angle": 0, "axis": "y", "origin": [12, 17, 11]},
			"faces": {
				"north": {"uv": [4, 0, 12, 7], "texture": "#0"},
				"east": {"uv": [4, 0, 5, 7], "texture": "#0"},
				"west": {"uv": [11, 0, 12, 7], "texture": "#0"},
				"up": {"uv": [3, 3, 11, 4], "texture": "#0"},
				"down": {"uv": [4, 5, 12, 6], "texture": "#0"}
			}
		},
		{
			"from": [4, 9, 12],
			"to": [12, 16, 13],
			"rotation": {"angle": 0, "axis": "y", "origin": [12, 17, 20]},
			"faces": {
				"east": {"uv": [4, 0, 5, 7], "texture": "#0"},
				"south": {"uv": [4, 0, 12, 7], "texture": "#0"},
				"west": {"uv": [11, 0, 12, 7], "texture": "#0"},
				"up": {"uv": [4, 5, 12, 6], "texture": "#0"},
				"down": {"uv": [4, 5, 12, 6], "texture": "#0"}
			}
		},
		{
			"from": [4.05, 16, 4],
			"to": [11.95, 17, 7],
			"rotation": {"angle": 0, "axis": "y", "origin": [12, 24, 12]},
			"faces": {
				"north": {"uv": [4, 3, 12, 4], "texture": "#0"},
				"east": {"uv": [9, 6, 12, 7], "texture": "#0"},
				"south": {"uv": [4, 6, 12, 7], "texture": "#0"},
				"west": {"uv": [3, 6, 6, 7], "texture": "#0"},
				"up": {"uv": [4, 4, 12, 7], "texture": "#0"}
			}
		},
		{
			"from": [4.05, -1, 9],
			"to": [11.95, 0, 12],
			"rotation": {"angle": 0, "axis": "y", "origin": [12, 7, 17]},
			"faces": {
				"north": {"uv": [4, 3, 12, 4], "texture": "#0"},
				"east": {"uv": [9, 6, 12, 7], "texture": "#0"},
				"south": {"uv": [4, 6, 12, 7], "texture": "#0"},
				"west": {"uv": [3, 6, 6, 7], "texture": "#0"},
				"down": {"uv": [4, 4, 12, 7], "texture": "#0"}
			}
		},
		{
			"from": [9, 16, 8],
			"to": [11.95, 17, 12],
			"rotation": {"angle": 0, "axis": "y", "origin": [17, 24, 19]},
			"faces": {
				"north": {"uv": [9, 9, 12, 10], "texture": "#0"},
				"east": {"uv": [9, 8, 13, 9], "texture": "#0"},
				"south": {"uv": [9, 11, 12, 12], "texture": "#0"},
				"west": {"uv": [9, 10, 13, 11], "texture": "#0"},
				"up": {"uv": [9, 8, 12, 12], "texture": "#0"}
			}
		},
		{
			"from": [9, -1, 4],
			"to": [11.95, 0, 8],
			"rotation": {"angle": 0, "axis": "y", "origin": [17, 7, 15]},
			"faces": {
				"north": {"uv": [9, 9, 12, 10], "texture": "#0"},
				"east": {"uv": [9, 8, 13, 9], "texture": "#0"},
				"south": {"uv": [9, 11, 12, 12], "texture": "#0"},
				"west": {"uv": [9, 10, 13, 11], "texture": "#0"},
				"down": {"uv": [9, 8, 12, 12], "texture": "#0"}
			}
		},
		{
			"from": [4.05, 16, 8],
			"to": [8, 17, 12],
			"rotation": {"angle": 0, "axis": "y", "origin": [13, 24, 19]},
			"faces": {
				"north": {"uv": [9, 9, 13, 10], "texture": "#0"},
				"east": {"uv": [9, 8, 13, 9], "texture": "#0"},
				"south": {"uv": [9, 11, 13, 12], "texture": "#0"},
				"west": {"uv": [9, 10, 13, 11], "texture": "#0"},
				"up": {"uv": [3, 8, 7, 12], "texture": "#0"}
			}
		},
		{
			"from": [4.05, -1, 4],
			"to": [8, 0, 8],
			"rotation": {"angle": 0, "axis": "y", "origin": [13, 7, 15]},
			"faces": {
				"north": {"uv": [9, 9, 13, 10], "texture": "#0"},
				"east": {"uv": [9, 8, 13, 9], "texture": "#0"},
				"south": {"uv": [9, 11, 13, 12], "texture": "#0"},
				"west": {"uv": [9, 10, 13, 11], "texture": "#0"},
				"down": {"uv": [3, 8, 7, 12], "texture": "#0"}
			}
		},
		{
			"from": [3, 1, 4],
			"to": [4, 8, 8],
			"rotation": {"angle": 0, "axis": "y", "origin": [11, 8, 13]},
			"faces": {
				"north": {"uv": [7, 8, 8, 15], "texture": "#0"},
				"south": {"uv": [6, 8, 7, 15], "texture": "#0"},
				"west": {"uv": [3, 8, 7, 15], "texture": "#0"},
				"up": {"uv": [6, 11, 7, 15], "texture": "#0"},
				"down": {"uv": [7, 12, 8, 16], "texture": "#0"}
			}
		},
		{
			"from": [12, 0, 8],
			"to": [13, 8, 12],
			"rotation": {"angle": 0, "axis": "y", "origin": [20, 8, 16]},
			"faces": {
				"north": {"uv": [7, 8, 8, 15], "texture": "#0"},
				"east": {"uv": [3, 8, 7, 15], "texture": "#0"},
				"south": {"uv": [8, 8, 9, 15], "texture": "#0"},
				"up": {"uv": [7, 12, 8, 15], "texture": "#0"},
				"down": {"uv": [7, 12, 8, 15], "texture": "#0"}
			}
		},
		{
			"from": [12, 0, 4],
			"to": [13, 8, 7],
			"rotation": {"angle": 0, "axis": "y", "origin": [20, 9, 13]},
			"faces": {
				"north": {"uv": [9, 8, 10, 15], "texture": "#0"},
				"east": {"uv": [9, 8, 12, 16], "texture": "#0"},
				"south": {"uv": [9, 8, 10, 15], "texture": "#0"},
				"up": {"uv": [9, 8, 10, 10], "texture": "#0"},
				"down": {"uv": [9, 13, 10, 15], "texture": "#0"}
			}
		},
		{
			"from": [3, 1, 9],
			"to": [4, 8, 12],
			"rotation": {"angle": 0, "axis": "y", "origin": [11, 9, 17]},
			"faces": {
				"north": {"uv": [9, 8, 10, 15], "texture": "#0"},
				"south": {"uv": [8, 8, 9, 15], "texture": "#0"},
				"west": {"uv": [9, 8, 12, 15], "texture": "#0"},
				"up": {"uv": [9, 8, 10, 11], "texture": "#0"},
				"down": {"uv": [9, 13, 10, 16], "texture": "#0"}
			}
		},
		{
			"from": [3, 9, 4],
			"to": [4, 15, 12],
			"rotation": {"angle": 0, "axis": "y", "origin": [11, 17, 13]},
			"faces": {
				"north": {"uv": [5, 2, 6, 8], "texture": "#0"},
				"south": {"uv": [10, 2, 11, 8], "texture": "#0"},
				"west": {"uv": [4, 1, 12, 7], "texture": "#0"},
				"up": {"uv": [4, 2, 12, 3], "rotation": 90, "texture": "#0"},
				"down": {"uv": [4, 5, 12, 6], "rotation": 90, "texture": "#0"}
			}
		},
		{
			"from": [12, 9, 4],
			"to": [13, 15, 12],
			"rotation": {"angle": 0, "axis": "y", "origin": [20, 17, 13]},
			"faces": {
				"north": {"uv": [5, 2, 6, 7], "texture": "#0"},
				"east": {"uv": [4, 1, 12, 7], "texture": "#0"},
				"south": {"uv": [10, 2, 11, 7], "texture": "#0"},
				"up": {"uv": [4, 4, 12, 5], "rotation": 90, "texture": "#0"},
				"down": {"uv": [4, 5, 12, 6], "rotation": 90, "texture": "#0"}
			}
		}
	],
	"display": {
		"thirdperson_righthand": {
			"rotation": [75, 45, 0],
			"translation": [0, 2.5, 0],
			"scale": [0.375, 0.375, 0.375]
		},
		"thirdperson_lefthand": {
			"rotation": [75, 45, 0],
			"translation": [0, 2.5, 0],
			"scale": [0.375, 0.375, 0.375]
		},
		"firstperson_righthand": {
			"rotation": [0, 45, 0],
			"scale": [0.4, 0.4, 0.4]
		},
		"firstperson_lefthand": {
			"rotation": [0, 225, 0],
			"scale": [0.4, 0.4, 0.4]
		},
		"ground": {
			"translation": [0, 3, 0],
			"scale": [0.25, 0.25, 0.25]
		},
		"gui": {
			"rotation": [30, 225, 0],
			"scale": [0.625, 0.625, 0.625]
		},
		"fixed": {
			"scale": [0.5, 0.5, 0.5]
		}
	}
}