{
	"credit": "Made with Blockbench",
	"ambientocclusion": false,
	"textures": {
		"particle": "modeltextures/nether_portal"
	},
	"elements": [
		{
			"from": [-0.0125, 0, 4.9875],
			"to": [15.9875, 2, 8.9875],
			"rotation": {"angle": 0, "axis": "y", "origin": [7.9875, 8, 8]},
			"faces": {
				"north": {"uv": [0, 14, 16, 16], "texture": "#particle"},
				"east": {"uv": [4, 12, 8, 14], "texture": "#particle"},
				"south": {"uv": [0, 14, 16, 16], "texture": "#particle"},
				"west": {"uv": [3, 14, 7, 16], "texture": "#particle"},
				"up": {"uv": [0, 0, 4, 16], "rotation": 270, "texture": "#particle"},
				"down": {"uv": [12, 0, 16, 16], "rotation": 90, "texture": "#particle"}
			}
		},
		{
			"from": [-0.0125, 2, 5.9875],
			"to": [15.9875, 4, 9.9875],
			"rotation": {"angle": 0, "axis": "y", "origin": [7.9875, 8, 8]},
			"faces": {
				"north": {"uv": [0, 12, 16, 14], "texture": "#particle"},
				"east": {"uv": [10, 11, 14, 13], "texture": "#particle"},
				"south": {"uv": [0, 12, 16, 14], "texture": "#particle"},
				"west": {"uv": [6, 14, 10, 16], "texture": "#particle"},
				"up": {"uv": [0, 0, 4, 16], "rotation": 270, "texture": "#particle"},
				"down": {"uv": [12, 0, 16, 16], "rotation": 90, "texture": "#particle"}
			}
		},
		{
			"from": [-0.0125, 4, 6.9875],
			"to": [15.9875, 6, 10.9875],
			"rotation": {"angle": 0, "axis": "y", "origin": [7.9875, 8, 8]},
			"faces": {
				"north": {"uv": [0, 10, 16, 12], "texture": "#particle"},
				"east": {"uv": [5, 8, 9, 10], "texture": "#particle"},
				"south": {"uv": [0, 10, 16, 12], "texture": "#particle"},
				"west": {"uv": [6, 11, 10, 13], "texture": "#particle"},
				"up": {"uv": [12, 0, 16, 16], "rotation": 270, "texture": "#particle"},
				"down": {"uv": [0, 0, 4, 16], "rotation": 90, "texture": "#particle"}
			}
		},
		{
			"from": [-0.0125, 6, 7.9875],
			"to": [15.9875, 8, 11.9875],
			"rotation": {"angle": 0, "axis": "y", "origin": [7.9875, 8, 8]},
			"faces": {
				"north": {"uv": [0, 8, 16, 10], "texture": "#particle"},
				"east": {"uv": [1, 7, 5, 9], "texture": "#particle"},
				"south": {"uv": [0, 8, 16, 10], "texture": "#particle"},
				"west": {"uv": [8, 12, 12, 14], "texture": "#particle"},
				"up": {"uv": [12, 0, 16, 16], "rotation": 270, "texture": "#particle"},
				"down": {"uv": [0, 0, 4, 16], "rotation": 90, "texture": "#particle"}
			}
		},
		{
			"from": [-0.0125, 8, 7.0375],
			"to": [15.9875, 10, 11.0375],
			"rotation": {"angle": 0, "axis": "y", "origin": [7.9875, 8, 8]},
			"faces": {
				"north": {"uv": [0, 6, 16, 8], "texture": "#particle"},
				"east": {"uv": [10, 5, 14, 7], "texture": "#particle"},
				"south": {"uv": [0, 6, 16, 8], "texture": "#particle"},
				"west": {"uv": [9, 12, 13, 14], "texture": "#particle"},
				"up": {"uv": [12, 0, 16, 16], "rotation": 270, "texture": "#particle"},
				"down": {"uv": [12, 0, 16, 16], "rotation": 90, "texture": "#particle"}
			}
		},
		{
			"from": [-0.0125, 10, 6.0375],
			"to": [15.9875, 12, 10.0375],
			"rotation": {"angle": 0, "axis": "y", "origin": [7.9875, 8, 8]},
			"faces": {
				"north": {"uv": [0, 4, 16, 6], "texture": "#particle"},
				"east": {"uv": [4, 4, 8, 6], "texture": "#particle"},
				"south": {"uv": [0, 4, 16, 6], "texture": "#particle"},
				"west": {"uv": [6, 9, 10, 11], "texture": "#particle"},
				"up": {"uv": [8, 0, 12, 16], "rotation": 270, "texture": "#particle"},
				"down": {"uv": [8, 0, 12, 16], "rotation": 90, "texture": "#particle"}
			}
		},
		{
			"from": [-0.0125, 12, 4.9875],
			"to": [15.9875, 14, 8.9875],
			"rotation": {"angle": 0, "axis": "y", "origin": [7.9875, 8, 8]},
			"faces": {
				"north": {"uv": [0, 2, 16, 4], "texture": "#particle"},
				"east": {"uv": [8, 2, 12, 4], "texture": "#particle"},
				"south": {"uv": [0, 2, 16, 4], "texture": "#particle"},
				"west": {"uv": [9, 3, 13, 5], "texture": "#particle"},
				"up": {"uv": [5, 0, 9, 16], "rotation": 270, "texture": "#particle"},
				"down": {"uv": [4, 0, 8, 16], "rotation": 90, "texture": "#particle"}
			}
		},
		{
			"from": [-0.0125, 14, 3.9875],
			"to": [15.9875, 16, 7.9875],
			"rotation": {"angle": 0, "axis": "y", "origin": [7.9875, 8, 8]},
			"faces": {
				"north": {"uv": [0, 0, 16, 2], "texture": "#particle"},
				"east": {"uv": [6, 0, 10, 2], "texture": "#particle"},
				"south": {"uv": [0, 0, 16, 2], "texture": "#particle"},
				"west": {"uv": [5, 0, 9, 2], "texture": "#particle"},
				"up": {"uv": [4, 0, 8, 16], "rotation": 270, "texture": "#particle"},
				"down": {"uv": [0, 0, 4, 16], "rotation": 90, "texture": "#particle"}
			}
		}
	],
	"display": {
		"thirdperson_righthand": {
			"rotation": [75, 45, 0],
			"translation": [0, 2.5, 0],
			"scale": [0.375, 0.375, 0.375]
		},
		"thirdperson_lefthand": {
			"rotation": [75, 45, 0],
			"translation": [0, 2.5, 0],
			"scale": [0.375, 0.375, 0.375]
		},
		"firstperson_righthand": {
			"rotation": [0, 45, 0],
			"scale": [0.4, 0.4, 0.4]
		},
		"firstperson_lefthand": {
			"rotation": [0, 225, 0],
			"scale": [0.4, 0.4, 0.4]
		},
		"ground": {
			"translation": [0, 3, 0],
			"scale": [0.25, 0.25, 0.25]
		},
		"gui": {
			"rotation": [30, 225, 0],
			"scale": [0.625, 0.625, 0.625]
		},
		"fixed": {
			"scale": [0.5, 0.5, 0.5]
		}
	}
}