{
	"credit": "Made with Blockbench",
	"textures": {
		"particle": "modeltextures/pink_wool",
		"wool": "modeltextures/pink_wool"
	},
	"elements": [
		{
			"from": [1, 1.5, 2],
			"to": [2, 1.625, 3],
			"faces": {
				"north": {"uv": [1.01, 2.01, 1.99, 2.99], "texture": "#wool"},
				"east": {"uv": [1.01, 2.01, 1.99, 2.99], "texture": "#wool"},
				"south": {"uv": [1.01, 2.01, 1.99, 2.99], "texture": "#wool"},
				"west": {"uv": [1.01, 2.01, 1.99, 2.99], "texture": "#wool"},
				"up": {"uv": [1.01, 2.01, 1.99, 2.99], "texture": "#wool"}
			}
		},
		{
			"from": [2, 1.5, 1],
			"to": [4, 1.625, 2],
			"faces": {
				"north": {"uv": [2.01, 1.01, 3.99, 1.99], "rotation": 180, "texture": "#wool"},
				"east": {"uv": [3.01, 1.01, 3.99, 1.99], "texture": "#wool"},
				"south": {"uv": [2.01, 1.01, 3.99, 1.99], "texture": "#wool"},
				"west": {"uv": [2.01, 1.01, 2.99, 1.99], "texture": "#wool"},
				"up": {"uv": [2.01, 1.01, 3.99, 1.99], "texture": "#wool"}
			}
		},
		{
			"from": [4, 1.5, 2],
			"to": [6, 1.725, 3],
			"faces": {
				"north": {"uv": [4.01, 2.01, 5.99, 2.99], "rotation": 180, "texture": "#wool"},
				"east": {"uv": [5.01, 2.01, 5.99, 2.99], "texture": "#wool"},
				"south": {"uv": [4.01, 2.01, 5.99, 2.99], "texture": "#wool"},
				"west": {"uv": [4.01, 2.01, 4.99, 2.99], "texture": "#wool"},
				"up": {"uv": [4.01, 2.01, 5.99, 2.99], "texture": "#wool"}
			}
		},
		{
			"from": [3, 1.5, 3],
			"to": [4, 1.575, 4],
			"faces": {
				"north": {"uv": [3.01, 3.01, 3.99, 3.99], "texture": "#wool"},
				"east": {"uv": [3.01, 3.01, 3.99, 3.99], "texture": "#wool"},
				"south": {"uv": [3.01, 3.01, 3.99, 3.99], "texture": "#wool"},
				"west": {"uv": [3.01, 3.01, 3.99, 3.99], "texture": "#wool"},
				"up": {"uv": [3.01, 3.01, 3.99, 3.99], "texture": "#wool"}
			}
		},
		{
			"from": [7, 1.5, 3],
			"to": [8, 1.625, 4],
			"faces": {
				"north": {"uv": [7.01, 3.01, 7.99, 3.99], "texture": "#wool"},
				"east": {"uv": [7.01, 3.01, 7.99, 3.99], "texture": "#wool"},
				"south": {"uv": [7.01, 3.01, 7.99, 3.99], "texture": "#wool"},
				"west": {"uv": [7.01, 3.01, 7.99, 3.99], "texture": "#wool"},
				"up": {"uv": [7.01, 3.01, 7.99, 3.99], "texture": "#wool"}
			}
		},
		{
			"from": [8, 1.5, 2],
			"to": [9, 1.625, 3],
			"rotation": {"angle": 0, "axis": "y", "origin": [7, 8, 8]},
			"faces": {
				"north": {"uv": [9.01, 2.01, 9.99, 2.99], "texture": "#wool"},
				"east": {"uv": [9.01, 2.01, 9.99, 2.99], "texture": "#wool"},
				"south": {"uv": [9.01, 2.01, 9.99, 2.99], "texture": "#wool"},
				"west": {"uv": [9.01, 2.01, 9.99, 2.99], "texture": "#wool"},
				"up": {"uv": [9.01, 2.01, 9.99, 2.99], "texture": "#wool"}
			}
		},
		{
			"from": [9, 1.5, 3],
			"to": [11, 1.575, 4],
			"rotation": {"angle": 0, "axis": "y", "origin": [7, 8, 8]},
			"faces": {
				"north": {"uv": [10.01, 3.01, 11.99, 3.99], "rotation": 180, "texture": "#wool"},
				"east": {"uv": [11.01, 3.01, 11.99, 3.99], "texture": "#wool"},
				"south": {"uv": [10.01, 3.01, 11.99, 3.99], "texture": "#wool"},
				"west": {"uv": [10.01, 3.01, 10.99, 3.99], "texture": "#wool"},
				"up": {"uv": [10.01, 3.01, 11.99, 3.99], "texture": "#wool"}
			}
		},
		{
			"from": [12, 1.5, 2],
			"to": [14, 1.725, 3],
			"faces": {
				"north": {"uv": [12.01, 2.01, 13.99, 2.99], "rotation": 180, "texture": "#wool"},
				"east": {"uv": [13.01, 2.01, 13.99, 2.99], "texture": "#wool"},
				"south": {"uv": [12.01, 2.01, 13.99, 2.99], "texture": "#wool"},
				"west": {"uv": [12.01, 2.01, 12.99, 2.99], "texture": "#wool"},
				"up": {"uv": [12.01, 2.01, 13.99, 2.99], "texture": "#wool"}
			}
		},
		{
			"from": [14, 1.5, 3],
			"to": [15, 1.625, 4],
			"faces": {
				"north": {"uv": [14.01, 3.01, 14.99, 3.99], "texture": "#wool"},
				"east": {"uv": [14.01, 3.01, 14.99, 3.99], "texture": "#wool"},
				"south": {"uv": [14.01, 3.01, 14.99, 3.99], "texture": "#wool"},
				"west": {"uv": [14.01, 3.01, 14.99, 3.99], "texture": "#wool"},
				"up": {"uv": [14.01, 3.01, 14.99, 3.99], "texture": "#wool"}
			}
		},
		{
			"from": [0, 1.5, 6],
			"to": [2, 1.625, 7],
			"faces": {
				"north": {"uv": [0.01, 6.01, 1.99, 6.99], "rotation": 180, "texture": "#wool"},
				"east": {"uv": [0.01, 6.01, 1.99, 6.99], "texture": "#wool"},
				"south": {"uv": [0.01, 6.01, 1.99, 6.99], "texture": "#wool"},
				"west": {"uv": [0.01, 6.01, 1.99, 6.99], "texture": "#wool", "cullface": "west"},
				"up": {"uv": [0.01, 6.01, 1.99, 6.99], "texture": "#wool"}
			}
		},
		{
			"from": [2, 1.5, 8],
			"to": [4, 1.625, 9],
			"rotation": {"angle": 0, "axis": "y", "origin": [8, 8, 9]},
			"faces": {
				"north": {"uv": [2.01, 7.01, 3.99, 7.99], "rotation": 180, "texture": "#wool"},
				"east": {"uv": [3.01, 7.01, 3.99, 7.99], "texture": "#wool"},
				"south": {"uv": [2.01, 7.01, 3.99, 7.99], "texture": "#wool"},
				"west": {"uv": [2.01, 7.01, 2.99, 7.99], "texture": "#wool"},
				"up": {"uv": [2.01, 7.01, 3.99, 7.99], "texture": "#wool"}
			}
		},
		{
			"from": [6, 1.5, 7],
			"to": [7, 1.625, 8],
			"faces": {
				"north": {"uv": [6.01, 7.01, 6.99, 7.99], "texture": "#wool"},
				"east": {"uv": [6.01, 7.01, 6.99, 7.99], "texture": "#wool"},
				"south": {"uv": [6.01, 7.01, 6.99, 7.99], "texture": "#wool"},
				"west": {"uv": [6.01, 7.01, 6.99, 7.99], "texture": "#wool"},
				"up": {"uv": [6.01, 7.01, 6.99, 7.99], "texture": "#wool"}
			}
		},
		{
			"from": [9, 1.5, 6],
			"to": [10, 1.575, 7],
			"faces": {
				"north": {"uv": [9.01, 6.01, 9.99, 6.99], "texture": "#wool"},
				"east": {"uv": [9.01, 6.01, 9.99, 6.99], "texture": "#wool"},
				"south": {"uv": [9.01, 6.01, 9.99, 6.99], "texture": "#wool"},
				"west": {"uv": [9.01, 6.01, 9.99, 6.99], "texture": "#wool"},
				"up": {"uv": [9.01, 6.01, 9.99, 6.99], "texture": "#wool"}
			}
		},
		{
			"from": [11, 1.5, 7],
			"to": [12, 1.675, 8],
			"faces": {
				"north": {"uv": [11.01, 7.01, 11.99, 7.99], "texture": "#wool"},
				"east": {"uv": [11.01, 7.01, 11.99, 7.99], "texture": "#wool"},
				"south": {"uv": [11.01, 7.01, 11.99, 7.99], "texture": "#wool"},
				"west": {"uv": [11.01, 7.01, 11.99, 7.99], "texture": "#wool"},
				"up": {"uv": [11.01, 7.01, 11.99, 7.99], "texture": "#wool"}
			}
		},
		{
			"from": [12, 1.5, 6],
			"to": [14, 1.825, 7],
			"faces": {
				"north": {"uv": [12.01, 6.01, 13.99, 6.99], "rotation": 180, "texture": "#wool"},
				"east": {"uv": [12.01, 6.01, 13.99, 6.99], "texture": "#wool"},
				"south": {"uv": [12.01, 6.01, 13.99, 6.99], "texture": "#wool"},
				"west": {"uv": [12.01, 6.01, 13.99, 6.99], "texture": "#wool"},
				"up": {"uv": [12.01, 6.01, 13.99, 6.99], "texture": "#wool"}
			}
		},
		{
			"from": [1, 1.5, 10],
			"to": [2, 1.625, 11],
			"faces": {
				"north": {"uv": [1.01, 10.01, 1.99, 10.99], "texture": "#wool"},
				"east": {"uv": [1.01, 10.01, 1.99, 10.99], "texture": "#wool"},
				"south": {"uv": [1.01, 10.01, 1.99, 10.99], "texture": "#wool"},
				"west": {"uv": [1.01, 10.01, 1.99, 10.99], "texture": "#wool"},
				"up": {"uv": [1.01, 10.01, 1.99, 10.99], "texture": "#wool"}
			}
		},
		{
			"from": [4, 1.5, 10],
			"to": [6, 1.725, 11],
			"faces": {
				"north": {"uv": [4.01, 10.01, 5.99, 10.99], "rotation": 180, "texture": "#wool"},
				"east": {"uv": [5.01, 10.01, 5.99, 10.99], "texture": "#wool"},
				"south": {"uv": [4.01, 10.01, 5.99, 10.99], "texture": "#wool"},
				"west": {"uv": [4.01, 10.01, 4.99, 10.99], "texture": "#wool"},
				"up": {"uv": [4.01, 10.01, 5.99, 10.99], "texture": "#wool"}
			}
		},
		{
			"from": [8, 1.5, 10],
			"to": [9, 1.675, 11],
			"faces": {
				"north": {"uv": [8.01, 10.01, 8.99, 10.99], "texture": "#wool"},
				"east": {"uv": [8.01, 10.01, 8.99, 10.99], "texture": "#wool"},
				"south": {"uv": [8.01, 10.01, 8.99, 10.99], "texture": "#wool"},
				"west": {"uv": [8.01, 10.01, 8.99, 10.99], "texture": "#wool"},
				"up": {"uv": [8.01, 10.01, 8.99, 10.99], "texture": "#wool"}
			}
		},
		{
			"from": [10, 1.5, 9],
			"to": [12, 1.725, 10],
			"faces": {
				"north": {"uv": [10.01, 9.01, 11.99, 9.99], "rotation": 180, "texture": "#wool"},
				"east": {"uv": [11.01, 9.01, 11.99, 9.99], "texture": "#wool"},
				"south": {"uv": [10.01, 9.01, 11.99, 9.99], "texture": "#wool"},
				"west": {"uv": [10.01, 9.01, 10.99, 9.99], "texture": "#wool"},
				"up": {"uv": [10.01, 9.01, 11.99, 9.99], "texture": "#wool"}
			}
		},
		{
			"from": [13, 1.5, 9],
			"to": [15, 1.625, 10],
			"rotation": {"angle": 0, "axis": "y", "origin": [7, 8, 8]},
			"faces": {
				"north": {"uv": [14.01, 9.01, 15.99, 9.99], "rotation": 180, "texture": "#wool"},
				"east": {"uv": [15.01, 9.01, 15.99, 9.99], "texture": "#wool", "cullface": "east"},
				"south": {"uv": [14.01, 9.01, 15.99, 9.99], "texture": "#wool"},
				"west": {"uv": [14.01, 9.01, 14.99, 9.99], "texture": "#wool"},
				"up": {"uv": [14.01, 9.01, 15.99, 9.99], "texture": "#wool"}
			}
		},
		{
			"from": [0, 1.5, 14],
			"to": [2, 1.625, 15],
			"faces": {
				"north": {"uv": [0.01, 14.01, 1.99, 14.99], "rotation": 180, "texture": "#wool"},
				"east": {"uv": [1.01, 14.01, 1.99, 14.99], "texture": "#wool"},
				"south": {"uv": [0.01, 14.01, 1.99, 14.99], "texture": "#wool"},
				"west": {"uv": [0.01, 14.01, 0.99, 14.99], "texture": "#wool", "cullface": "west"},
				"up": {"uv": [0.01, 14.01, 1.99, 14.99], "texture": "#wool"}
			}
		},
		{
			"from": [2, 1.5, 12],
			"to": [4, 1.625, 13],
			"rotation": {"angle": 0, "axis": "y", "origin": [8, 8, 7]},
			"faces": {
				"north": {"uv": [2.01, 13.01, 3.99, 13.99], "rotation": 180, "texture": "#wool"},
				"east": {"uv": [3.01, 13.01, 3.99, 13.99], "texture": "#wool"},
				"south": {"uv": [2.01, 13.01, 3.99, 13.99], "texture": "#wool"},
				"west": {"uv": [2.01, 13.01, 2.99, 13.99], "texture": "#wool"},
				"up": {"uv": [2.01, 13.01, 3.99, 13.99], "texture": "#wool"}
			}
		},
		{
			"from": [4, 1.5, 14],
			"to": [5, 1.625, 15],
			"faces": {
				"north": {"uv": [4.01, 14.01, 4.99, 14.99], "texture": "#wool"},
				"east": {"uv": [4.01, 14.01, 4.99, 14.99], "texture": "#wool"},
				"south": {"uv": [4.01, 14.01, 4.99, 14.99], "texture": "#wool"},
				"west": {"uv": [4.01, 14.01, 4.99, 14.99], "texture": "#wool"},
				"up": {"uv": [4.01, 14.01, 4.99, 14.99], "texture": "#wool"}
			}
		},
		{
			"from": [7, 1.5, 15],
			"to": [9, 1.625, 16],
			"rotation": {"angle": 0, "axis": "y", "origin": [9, 8, 8]},
			"faces": {
				"north": {"uv": [6.01, 15.01, 7.99, 15.99], "rotation": 180, "texture": "#wool"},
				"east": {"uv": [7.01, 15.01, 7.99, 15.99], "texture": "#wool"},
				"south": {"uv": [6.01, 15.01, 7.99, 15.99], "texture": "#wool", "cullface": "south"},
				"west": {"uv": [6.01, 15.01, 6.99, 15.99], "texture": "#wool"},
				"up": {"uv": [6.01, 15.01, 7.99, 15.99], "texture": "#wool"}
			}
		},
		{
			"from": [9, 1.5, 14],
			"to": [10, 1.625, 15],
			"rotation": {"angle": 0, "axis": "y", "origin": [9, 8, 8]},
			"faces": {
				"north": {"uv": [8.01, 14.01, 8.99, 14.99], "texture": "#wool"},
				"east": {"uv": [8.01, 14.01, 8.99, 14.99], "texture": "#wool"},
				"south": {"uv": [8.01, 14.01, 8.99, 14.99], "texture": "#wool"},
				"west": {"uv": [8.01, 14.01, 8.99, 14.99], "texture": "#wool"},
				"up": {"uv": [8.01, 14.01, 8.99, 14.99], "texture": "#wool"}
			}
		},
		{
			"from": [11, 1.5, 13],
			"to": [12, 1.625, 14],
			"faces": {
				"north": {"uv": [11.01, 13.01, 11.99, 13.99], "texture": "#wool"},
				"east": {"uv": [11.01, 13.01, 11.99, 13.99], "texture": "#wool"},
				"south": {"uv": [11.01, 13.01, 11.99, 13.99], "texture": "#wool"},
				"west": {"uv": [11.01, 13.01, 11.99, 13.99], "texture": "#wool"},
				"up": {"uv": [11.01, 13.01, 11.99, 13.99], "texture": "#wool"}
			}
		},
		{
			"from": [12, 1.5, 12],
			"to": [14, 1.625, 13],
			"faces": {
				"north": {"uv": [11.01, 12.01, 13.99, 12.99], "rotation": 180, "texture": "#wool"},
				"east": {"uv": [13.01, 12.01, 13.99, 12.99], "texture": "#wool"},
				"south": {"uv": [11.01, 12.01, 13.99, 12.99], "texture": "#wool"},
				"west": {"uv": [11.01, 12.01, 11.99, 12.99], "texture": "#wool"},
				"up": {"uv": [12.01, 12.01, 13.99, 12.99], "texture": "#wool"}
			}
		},
		{
			"from": [14, 1.5, 13],
			"to": [16, 1.625, 14],
			"faces": {
				"north": {"uv": [14.01, 13.01, 15.99, 13.99], "rotation": 180, "texture": "#wool"},
				"east": {"uv": [15.01, 13.01, 15.99, 13.99], "texture": "#wool", "cullface": "east"},
				"south": {"uv": [14.01, 13.01, 15.99, 13.99], "texture": "#wool"},
				"west": {"uv": [14.01, 13.01, 14.99, 13.99], "texture": "#wool"},
				"up": {"uv": [14.01, 13.01, 15.99, 13.99], "texture": "#wool"}
			}
		},
		{
			"from": [15, 1.5, 15],
			"to": [16, 1.625, 16],
			"faces": {
				"north": {"uv": [15.01, 15.01, 15.99, 15.99], "texture": "#wool"},
				"east": {"uv": [15.01, 15.01, 15.99, 15.99], "texture": "#wool", "cullface": "east"},
				"south": {"uv": [15.01, 15.01, 15.99, 15.99], "texture": "#wool", "cullface": "south"},
				"west": {"uv": [15.01, 15.01, 15.99, 15.99], "texture": "#wool"},
				"up": {"uv": [15.01, 15.01, 15.99, 15.99], "texture": "#wool"}
			}
		},
		{
			"from": [0, 0, 0],
			"to": [16, 1.5, 16],
			"faces": {
				"north": {"uv": [0.01, 15.01, 15.99, 15.99], "texture": "#wool", "cullface": "north"},
				"east": {"uv": [0.01, 15.01, 15.99, 15.99], "texture": "#wool", "cullface": "east"},
				"south": {"uv": [0.01, 15.01, 15.99, 15.99], "texture": "#wool", "cullface": "south"},
				"west": {"uv": [0.01, 15.01, 15.99, 15.99], "texture": "#wool", "cullface": "west"},
				"up": {"uv": [0.01, 0.01, 15.99, 15.99], "texture": "#wool"},
				"down": {"uv": [0.01, 0.01, 15.99, 15.99], "texture": "#wool", "cullface": "down"}
			}
		}
	],
	"display": {
		"thirdperson_righthand": {
			"rotation": [75, 45, 0],
			"translation": [0, 2.75, 2.25],
			"scale": [0.375, 0.375, 0.375]
		},
		"thirdperson_lefthand": {
			"rotation": [75, 45, 0],
			"translation": [0, 2.75, 2.25],
			"scale": [0.375, 0.375, 0.375]
		},
		"firstperson_righthand": {
			"rotation": [0, 45, 0],
			"translation": [0, 2.75, 0],
			"scale": [0.4, 0.4, 0.4]
		},
		"firstperson_lefthand": {
			"rotation": [0, 225, 0],
			"translation": [0, 2.5, 0],
			"scale": [0.4, 0.4, 0.4]
		},
		"ground": {
			"translation": [0, 3, 0],
			"scale": [0.25, 0.25, 0.25]
		},
		"gui": {
			"rotation": [30, 225, 0],
			"translation": [0, 1.5, 0],
			"scale": [0.625, 0.625, 0.625]
		},
		"head": {
			"translation": [0, 13.75, 0]
		},
		"fixed": {
			"scale": [0.5, 0.5, 0.5]
		}
	}
}