{
	"credit": "Made with Blockbench",
	"textures": {
		"0": "modeltextures/purpur_block",
		"particle": "modeltextures/purpur_block"
	},
	"elements": [
		{
			"from": [0, 0, 0],
			"to": [16, 8, 16],
			"faces": {
				"north": {"uv": [0, 0, 16, 8], "texture": "#0"},
				"east": {"uv": [0, 0, 16, 8], "texture": "#0"},
				"south": {"uv": [0, 0, 16, 8], "texture": "#0"},
				"west": {"uv": [0, 0, 16, 8], "texture": "#0"},
				"up": {"uv": [0, 0, 16, 16], "texture": "#0"},
				"down": {"uv": [0, 0, 16, 16], "texture": "#0"}
			}
		},
		{
			"from": [1, 1, -1],
			"to": [8, 7.95, 0],
			"rotation": {"angle": 0, "axis": "y", "origin": [7, 7, 0]},
			"faces": {
				"north": {"uv": [8, 8, 15, 15], "texture": "#0"},
				"east": {"uv": [8, 8, 9, 15], "texture": "#0"},
				"west": {"uv": [14, 8, 15, 15], "texture": "#0"},
				"up": {"uv": [8, 8, 15, 9], "texture": "#0"},
				"down": {"uv": [8, 14, 15, 15], "texture": "#0"}
			}
		},
		{
			"from": [0, 8, 0],
			"to": [7, 9, 7],
			"rotation": {"angle": 0, "axis": "x", "origin": [7.5, 8.5, 7.5]},
			"faces": {
				"north": {"uv": [8, 14, 15, 15], "rotation": 180, "texture": "#0"},
				"east": {"uv": [8, 8, 9, 15], "rotation": 270, "texture": "#0"},
				"south": {"uv": [8, 8, 15, 9], "texture": "#0"},
				"west": {"uv": [14, 8, 15, 15], "rotation": 90, "texture": "#0"},
				"up": {"uv": [8, 8, 15, 15], "rotation": 180, "texture": "#0"}
			}
		},
		{
			"from": [0, -1, 9],
			"to": [7, 0, 16],
			"rotation": {"angle": 0, "axis": "x", "origin": [7.5, -0.5, 8.5]},
			"faces": {
				"north": {"uv": [8, 8, 15, 9], "rotation": 180, "texture": "#0"},
				"east": {"uv": [8, 8, 9, 15], "rotation": 90, "texture": "#0"},
				"south": {"uv": [8, 14, 15, 15], "texture": "#0"},
				"west": {"uv": [14, 8, 15, 15], "rotation": 270, "texture": "#0"},
				"down": {"uv": [8, 8, 15, 15], "rotation": 180, "texture": "#0"}
			}
		},
		{
			"from": [9, 1, -0.95],
			"to": [15.95, 7.95, 0],
			"rotation": {"angle": 0, "axis": "y", "origin": [15, 7, 0]},
			"faces": {
				"north": {"uv": [0, 8, 7, 15], "texture": "#0"},
				"east": {"uv": [0, 8, 1, 15], "texture": "#0"},
				"west": {"uv": [6, 8, 7, 15], "texture": "#0"},
				"up": {"uv": [0, 8, 7, 9], "texture": "#0"},
				"down": {"uv": [0, 14, 7, 15], "texture": "#0"}
			}
		},
		{
			"from": [8, 8, 0],
			"to": [15, 9, 7],
			"rotation": {"angle": 0, "axis": "x", "origin": [7.5, 8.5, 7.5]},
			"faces": {
				"north": {"uv": [0, 14, 7, 15], "rotation": 180, "texture": "#0"},
				"east": {"uv": [0, 8, 1, 15], "rotation": 270, "texture": "#0"},
				"south": {"uv": [0, 8, 7, 9], "texture": "#0"},
				"west": {"uv": [6, 8, 7, 15], "rotation": 90, "texture": "#0"},
				"up": {"uv": [0, 8, 7, 15], "rotation": 180, "texture": "#0"}
			}
		},
		{
			"from": [8, -1, 9],
			"to": [15, 0, 16],
			"rotation": {"angle": 0, "axis": "x", "origin": [7.5, -0.5, 8.5]},
			"faces": {
				"north": {"uv": [0, 8, 7, 9], "rotation": 180, "texture": "#0"},
				"east": {"uv": [0, 8, 1, 15], "rotation": 90, "texture": "#0"},
				"south": {"uv": [0, 14, 7, 15], "texture": "#0"},
				"west": {"uv": [6, 8, 7, 15], "rotation": 270, "texture": "#0"},
				"down": {"uv": [0, 8, 7, 15], "rotation": 180, "texture": "#0"}
			}
		},
		{
			"from": [-1, 1, 8],
			"to": [0, 8.05, 15],
			"rotation": {"angle": 0, "axis": "z", "origin": [-0.5, 8.5, 7.5]},
			"faces": {
				"north": {"uv": [0, 8, 7, 9], "rotation": 90, "texture": "#0"},
				"south": {"uv": [0, 14, 7, 15], "rotation": 90, "texture": "#0"},
				"west": {"uv": [0, 8, 7, 15], "rotation": 270, "texture": "#0"},
				"up": {"uv": [6, 8, 7, 15], "texture": "#0"},
				"down": {"uv": [0, 8, 1, 15], "rotation": 180, "texture": "#0"}
			}
		},
		{
			"from": [16, 1, 8],
			"to": [16.95, 7.95, 15],
			"rotation": {"angle": 0, "axis": "z", "origin": [16.5, 8.5, 7.5]},
			"faces": {
				"north": {"uv": [0, 8, 7, 9], "rotation": 90, "texture": "#0"},
				"east": {"uv": [0, 8, 7, 15], "rotation": 90, "texture": "#0"},
				"south": {"uv": [0, 14, 7, 15], "rotation": 90, "texture": "#0"},
				"up": {"uv": [6, 8, 7, 15], "texture": "#0"},
				"down": {"uv": [0, 8, 1, 15], "rotation": 180, "texture": "#0"}
			}
		},
		{
			"from": [8, 8, 8],
			"to": [15, 9, 15],
			"rotation": {"angle": 0, "axis": "x", "origin": [7.5, 8.5, 7.5]},
			"faces": {
				"north": {"uv": [0, 6, 7, 7], "rotation": 180, "texture": "#0"},
				"east": {"uv": [0, 0, 1, 7], "rotation": 270, "texture": "#0"},
				"south": {"uv": [0, 0, 7, 1], "texture": "#0"},
				"west": {"uv": [6, 0, 7, 7], "rotation": 90, "texture": "#0"},
				"up": {"uv": [0, 0, 7, 7], "rotation": 180, "texture": "#0"}
			}
		},
		{
			"from": [8, 1, 16],
			"to": [14.95, 8.05, 16.95],
			"rotation": {"angle": 0, "axis": "x", "origin": [7.5, 8.5, 16.5]},
			"faces": {
				"north": {"uv": [0, 0, 7, 7], "rotation": 180, "texture": "#0"},
				"east": {"uv": [0, 0, 1, 7], "rotation": 180, "texture": "#0"},
				"south": {"uv": [0, 0, 7, 7], "rotation": 180, "texture": "#0"},
				"west": {"uv": [6, 0, 7, 7], "rotation": 180, "texture": "#0"},
				"up": {"uv": [0, 6, 7, 7], "texture": "#0"},
				"down": {"uv": [0, 0, 7, 1], "texture": "#0"}
			}
		},
		{
			"from": [8, -1, 1],
			"to": [15, 0, 8],
			"rotation": {"angle": 0, "axis": "x", "origin": [7.5, -0.5, 8.5]},
			"faces": {
				"north": {"uv": [0, 0, 7, 1], "rotation": 180, "texture": "#0"},
				"east": {"uv": [0, 0, 1, 7], "rotation": 90, "texture": "#0"},
				"south": {"uv": [0, 6, 7, 7], "texture": "#0"},
				"west": {"uv": [6, 0, 7, 7], "rotation": 270, "texture": "#0"},
				"down": {"uv": [0, 0, 7, 7], "rotation": 180, "texture": "#0"}
			}
		},
		{
			"from": [-1, 1, 0.05],
			"to": [0, 8.05, 7],
			"rotation": {"angle": 0, "axis": "z", "origin": [-0.5, 8.5, 7.5]},
			"faces": {
				"north": {"uv": [0, 0, 7, 1], "rotation": 90, "texture": "#0"},
				"south": {"uv": [0, 6, 7, 7], "rotation": 90, "texture": "#0"},
				"west": {"uv": [0, 0, 7, 7], "rotation": 270, "texture": "#0"},
				"up": {"uv": [6, 0, 7, 7], "texture": "#0"},
				"down": {"uv": [0, 0, 1, 7], "rotation": 180, "texture": "#0"}
			}
		},
		{
			"from": [16, 1, -0.05],
			"to": [16.95, 7.95, 7],
			"rotation": {"angle": 0, "axis": "z", "origin": [16.5, 8.5, 7.5]},
			"faces": {
				"north": {"uv": [0, 0, 7, 1], "rotation": 90, "texture": "#0"},
				"east": {"uv": [0, 0, 7, 7], "rotation": 90, "texture": "#0"},
				"south": {"uv": [0, 6, 7, 7], "rotation": 90, "texture": "#0"},
				"west": {"uv": [0, 0, 7, 7], "rotation": 270, "texture": "#0"},
				"up": {"uv": [6, 0, 7, 7], "texture": "#0"},
				"down": {"uv": [0, 0, 1, 7], "rotation": 180, "texture": "#0"}
			}
		},
		{
			"from": [0, 8, 8],
			"to": [7, 9, 15],
			"rotation": {"angle": 0, "axis": "x", "origin": [7.5, 8.5, 7.5]},
			"faces": {
				"north": {"uv": [8, 6, 15, 7], "rotation": 180, "texture": "#0"},
				"east": {"uv": [8, 0, 9, 7], "rotation": 270, "texture": "#0"},
				"south": {"uv": [8, 0, 15, 1], "texture": "#0"},
				"west": {"uv": [15, 0, 16, 7], "rotation": 90, "texture": "#0"},
				"up": {"uv": [8, 0, 15, 7], "rotation": 180, "texture": "#0"}
			}
		},
		{
			"from": [0, 1, 16],
			"to": [7, 8.05, 17],
			"rotation": {"angle": 0, "axis": "x", "origin": [7.5, 8.5, 16.5]},
			"faces": {
				"north": {"uv": [0, 0, 7, 7], "rotation": 180, "texture": "#0"},
				"east": {"uv": [8, 0, 9, 7], "rotation": 180, "texture": "#0"},
				"south": {"uv": [8, 0, 15, 7], "rotation": 180, "texture": "#0"},
				"west": {"uv": [15, 0, 16, 7], "rotation": 180, "texture": "#0"},
				"up": {"uv": [8, 6, 15, 7], "texture": "#0"},
				"down": {"uv": [8, 0, 15, 1], "texture": "#0"}
			}
		},
		{
			"from": [0, -1, 1],
			"to": [7, 0, 8],
			"rotation": {"angle": 0, "axis": "x", "origin": [7.5, -0.5, 8.5]},
			"faces": {
				"north": {"uv": [8, 0, 15, 1], "rotation": 180, "texture": "#0"},
				"east": {"uv": [8, 0, 9, 7], "rotation": 90, "texture": "#0"},
				"south": {"uv": [8, 6, 15, 7], "texture": "#0"},
				"west": {"uv": [15, 0, 16, 7], "rotation": 270, "texture": "#0"},
				"down": {"uv": [8, 0, 15, 7], "rotation": 180, "texture": "#0"}
			}
		}
	],
	"display": {
		"thirdperson_righthand": {
			"rotation": [75, 45, 0],
			"translation": [0, 2.5, 0],
			"scale": [0.375, 0.375, 0.375]
		},
		"thirdperson_lefthand": {
			"rotation": [75, 45, 0],
			"translation": [0, 2.5, 0],
			"scale": [0.375, 0.375, 0.375]
		},
		"firstperson_righthand": {
			"rotation": [0, 45, 0],
			"scale": [0.4, 0.4, 0.4]
		},
		"firstperson_lefthand": {
			"rotation": [0, 225, 0],
			"scale": [0.4, 0.4, 0.4]
		},
		"ground": {
			"translation": [0, 3, 0],
			"scale": [0.25, 0.25, 0.25]
		},
		"gui": {
			"rotation": [30, 225, 0],
			"scale": [0.625, 0.625, 0.625]
		},
		"fixed": {
			"scale": [0.5, 0.5, 0.5]
		}
	}
}