{
	"credit": "Made with Blockbench",
	"textures": {
		"0": "modeltextures/redstone_torch",
		"particle": "modeltextures/redstone_torch"
	},
	"elements": [
		{
			"from": [7, 0, 7],
			"to": [9, 8, 9],
			"faces": {
				"north": {"uv": [7, 8, 9, 16], "texture": "#0"},
				"east": {"uv": [7, 8, 9, 16], "texture": "#0"},
				"south": {"uv": [7, 8, 9, 16], "texture": "#0"},
				"west": {"uv": [7, 8, 9, 16], "texture": "#0"},
				"down": {"uv": [7, 14, 9, 16], "texture": "#0"}
			}
		},
		{
			"from": [6.5, 8, 7],
			"to": [7, 10, 9],
			"rotation": {"angle": 0, "axis": "y", "origin": [8, 1, 8]},
			"faces": {
				"north": {"uv": [6.1, 6.1, 6.9, 7.9], "texture": "#0"},
				"south": {"uv": [6.1, 6.1, 6.9, 7.9], "texture": "#0"},
				"west": {"uv": [6.1, 6.1, 6.9, 7.9], "texture": "#0"},
				"up": {"uv": [6.1, 6.1, 6.9, 7.9], "texture": "#0"},
				"down": {"uv": [6.1, 6.1, 6.9, 7.9], "texture": "#0"}
			}
		},
		{
			"from": [9, 8, 7],
			"to": [9.5, 10, 9],
			"rotation": {"angle": 0, "axis": "y", "origin": [8, 1, 8]},
			"faces": {
				"north": {"uv": [6.1, 6.1, 6.9, 7.9], "texture": "#0"},
				"east": {"uv": [6.1, 6.1, 6.9, 7.9], "texture": "#0"},
				"south": {"uv": [6.1, 6.1, 6.9, 7.9], "texture": "#0"},
				"up": {"uv": [6.1, 6.1, 6.9, 7.9], "texture": "#0"},
				"down": {"uv": [6.1, 6.1, 6.9, 7.9], "texture": "#0"}
			}
		},
		{
			"from": [7, 10, 7],
			"to": [9, 10.5, 9],
			"rotation": {"angle": 0, "axis": "y", "origin": [8, 1, 8]},
			"faces": {
				"north": {"uv": [6.1, 6.1, 6.9, 7.9], "texture": "#0"},
				"east": {"uv": [6.1, 6.1, 6.9, 7.9], "texture": "#0"},
				"south": {"uv": [6.1, 6.1, 6.9, 7.9], "texture": "#0"},
				"west": {"uv": [6.1, 6.1, 6.9, 7.9], "texture": "#0"},
				"up": {"uv": [6.1, 6.1, 6.9, 7.9], "texture": "#0"}
			}
		},
		{
			"from": [7, 8, 6.5],
			"to": [9, 10, 7],
			"rotation": {"angle": 0, "axis": "y", "origin": [8, 1, 8]},
			"faces": {
				"north": {"uv": [6.1, 6.1, 6.9, 7.9], "texture": "#0"},
				"east": {"uv": [6.1, 6.1, 6.9, 7.9], "texture": "#0"},
				"west": {"uv": [6.1, 6.1, 6.9, 7.9], "texture": "#0"},
				"up": {"uv": [6.1, 6.1, 6.9, 7.9], "texture": "#0"},
				"down": {"uv": [6.1, 6.1, 6.9, 7.9], "texture": "#0"}
			}
		},
		{
			"from": [7, 8, 9],
			"to": [9, 10, 9.5],
			"rotation": {"angle": 0, "axis": "y", "origin": [8, 1, 8]},
			"faces": {
				"east": {"uv": [6.1, 6.1, 6.9, 7.9], "texture": "#0"},
				"south": {"uv": [6.1, 6.1, 6.9, 7.9], "texture": "#0"},
				"west": {"uv": [6.1, 6.1, 6.9, 7.9], "texture": "#0"},
				"up": {"uv": [6.1, 6.1, 6.9, 7.9], "texture": "#0"},
				"down": {"uv": [6.1, 6.1, 6.9, 7.9], "texture": "#0"}
			}
		}
	],
	"display": {
		"thirdperson_righthand": {
			"translation": [0, 3, 1],
			"scale": [0.55, 0.55, 0.55]
		},
		"thirdperson_lefthand": {
			"translation": [0, 3, 1],
			"scale": [0.55, 0.55, 0.55]
		},
		"firstperson_righthand": {
			"rotation": [0, -90, 25],
			"translation": [1.13, 3.2, 1.13],
			"scale": [0.68, 0.68, 0.68]
		},
		"firstperson_lefthand": {
			"rotation": [0, -90, 25],
			"translation": [1.13, 3.2, 1.13],
			"scale": [0.68, 0.68, 0.68]
		},
		"ground": {
			"translation": [0, 2, 0],
			"scale": [0.5, 0.5, 0.5]
		},
		"gui": {
			"rotation": [30, 225, 0],
			"scale": [0.625, 0.625, 0.625]
		},
		"head": {
			"rotation": [0, 180, 0],
			"translation": [0, 13, 7]
		},
		"fixed": {
			"rotation": [0, 180, 0]
		}
	}
}