{
	"credit": "Made with Blockbench",
	"textures": {
		"0": "modeltextures/stone_bricks",
		"particle": "modeltextures/stone_bricks"
	},
	"elements": [
		{
			"from": [0, 0, 0],
			"to": [16, 8, 16],
			"faces": {
				"north": {"uv": [0, 0, 16, 8], "texture": "#0"},
				"east": {"uv": [0, 0, 16, 8], "texture": "#0"},
				"south": {"uv": [0, 0, 16, 8], "texture": "#0"},
				"west": {"uv": [0, 0, 16, 8], "texture": "#0"},
				"up": {"uv": [0, 0, 16, 16], "rotation": 270, "texture": "#0"},
				"down": {"uv": [0, 0, 16, 16], "rotation": 90, "texture": "#0"}
			}
		},
		{
			"from": [-1, 1, 9],
			"to": [0, 7.95, 16],
			"rotation": {"angle": 0, "axis": "y", "origin": [8, 4.5, 8.25]},
			"faces": {
				"north": {"uv": [9, 8, 10, 15], "texture": "#0"},
				"south": {"uv": [15, 8, 16, 15], "texture": "#0"},
				"west": {"uv": [9, 8, 16, 15], "texture": "#0"},
				"up": {"uv": [9, 8, 16, 9], "rotation": 270, "texture": "#0"},
				"down": {"uv": [9, 14, 16, 15], "rotation": 90, "texture": "#0"}
			}
		},
		{
			"from": [9, -1, 0],
			"to": [16, 0, 16],
			"rotation": {"angle": 0, "axis": "x", "origin": [12.5, -9, 7.75]},
			"faces": {
				"north": {"uv": [15, 0, 16, 7], "rotation": 90, "texture": "#0"},
				"east": {"uv": [0, 6, 16, 7], "rotation": 180, "texture": "#0"},
				"south": {"uv": [0, 0, 1, 7], "rotation": 270, "texture": "#0"},
				"west": {"uv": [0, 0, 16, 1], "texture": "#0"},
				"down": {"uv": [0, 0, 16, 7], "rotation": 270, "texture": "#0"}
			}
		},
		{
			"from": [16, 9, 0],
			"to": [17, 16, 16],
			"rotation": {"angle": 0, "axis": "x", "origin": [25, 12.5, 7.75]},
			"faces": {
				"north": {"uv": [15, 0, 16, 7], "rotation": 180, "texture": "#0"},
				"east": {"uv": [0, 0, 16, 7], "rotation": 180, "texture": "#0"},
				"south": {"uv": [0, 0, 1, 7], "rotation": 180, "texture": "#0"},
				"up": {"uv": [0, 6, 16, 7], "rotation": 90, "texture": "#0"},
				"down": {"uv": [0, 0, 16, 1], "rotation": 270, "texture": "#0"}
			}
		},
		{
			"from": [0, 9, 16],
			"to": [16, 16, 17],
			"rotation": {"angle": 0, "axis": "y", "origin": [8, 12.5, 16.5]},
			"faces": {
				"east": {"uv": [15, 0, 16, 7], "rotation": 180, "texture": "#0"},
				"south": {"uv": [0, 0, 16, 7], "rotation": 180, "texture": "#0"},
				"west": {"uv": [0, 0, 1, 7], "rotation": 180, "texture": "#0"},
				"up": {"uv": [0, 6, 16, 7], "rotation": 180, "texture": "#0"},
				"down": {"uv": [0, 0, 16, 1], "rotation": 180, "texture": "#0"}
			}
		},
		{
			"from": [9, 1, 16],
			"to": [16, 7.95, 17],
			"rotation": {"angle": 0, "axis": "y", "origin": [8.25, 4.5, 8]},
			"faces": {
				"east": {"uv": [15, 8, 16, 15], "texture": "#0"},
				"south": {"uv": [9, 8, 16, 15], "texture": "#0"},
				"west": {"uv": [9, 8, 10, 15], "texture": "#0"},
				"up": {"uv": [9, 8, 16, 9], "rotation": 180, "texture": "#0"},
				"down": {"uv": [9, 14, 16, 15], "rotation": 180, "texture": "#0"}
			}
		},
		{
			"from": [9, 9, -1],
			"to": [16, 16, 0],
			"rotation": {"angle": 0, "axis": "y", "origin": [8.25, 12.5, -9]},
			"faces": {
				"north": {"uv": [9, 8, 16, 15], "texture": "#0"},
				"east": {"uv": [15, 8, 16, 15], "texture": "#0"},
				"west": {"uv": [9, 8, 10, 15], "texture": "#0"},
				"up": {"uv": [9, 8, 16, 9], "rotation": 180, "texture": "#0"},
				"down": {"uv": [9, 14, 16, 15], "rotation": 180, "texture": "#0"}
			}
		},
		{
			"from": [0, 9, 8],
			"to": [8, 16, 9],
			"rotation": {"angle": 0, "axis": "y", "origin": [-0.75, 12.5, 0]},
			"faces": {
				"north": {"uv": [0, 8, 8, 15], "texture": "#0"},
				"east": {"uv": [15, 8, 16, 15], "texture": "#0"},
				"west": {"uv": [9, 8, 10, 15], "texture": "#0"},
				"up": {"uv": [9, 8, 16, 9], "rotation": 180, "texture": "#0"},
				"down": {"uv": [9, 14, 16, 15], "rotation": 180, "texture": "#0"}
			}
		},
		{
			"from": [1, -1, 9],
			"to": [8, 0, 16],
			"rotation": {"angle": 0, "axis": "x", "origin": [4.5, -9, 8.25]},
			"faces": {
				"north": {"uv": [9, 8, 10, 15], "rotation": 90, "texture": "#0"},
				"east": {"uv": [9, 14, 16, 15], "texture": "#0"},
				"south": {"uv": [15, 8, 16, 15], "rotation": 270, "texture": "#0"},
				"west": {"uv": [9, 8, 16, 9], "rotation": 180, "texture": "#0"},
				"down": {"uv": [9, 8, 16, 15], "rotation": 270, "texture": "#0"}
			}
		},
		{
			"from": [9, 16, 9],
			"to": [16, 17, 16],
			"rotation": {"angle": 0, "axis": "x", "origin": [12.5, 25, 8.25]},
			"faces": {
				"north": {"uv": [9, 8, 10, 15], "rotation": 270, "texture": "#0"},
				"east": {"uv": [9, 8, 16, 9], "texture": "#0"},
				"south": {"uv": [15, 8, 16, 15], "rotation": 90, "texture": "#0"},
				"west": {"uv": [9, 14, 16, 15], "rotation": 180, "texture": "#0"},
				"up": {"uv": [9, 8, 16, 15], "rotation": 90, "texture": "#0"}
			}
		},
		{
			"from": [0, 8, 0],
			"to": [7, 9, 7],
			"rotation": {"angle": 0, "axis": "x", "origin": [3.5, 17, -0.75]},
			"faces": {
				"north": {"uv": [9, 8, 10, 15], "rotation": 270, "texture": "#0"},
				"east": {"uv": [9, 8, 16, 9], "texture": "#0"},
				"south": {"uv": [15, 8, 16, 15], "rotation": 90, "texture": "#0"},
				"west": {"uv": [9, 14, 16, 15], "rotation": 180, "texture": "#0"},
				"up": {"uv": [9, 8, 16, 15], "rotation": 90, "texture": "#0"}
			}
		},
		{
			"from": [-1, 9, 9],
			"to": [0, 16, 16],
			"rotation": {"angle": 0, "axis": "x", "origin": [-0.5, 12.5, 8.25]},
			"faces": {
				"north": {"uv": [9, 8, 10, 15], "texture": "#0"},
				"south": {"uv": [15, 8, 16, 15], "texture": "#0"},
				"west": {"uv": [9, 8, 16, 15], "texture": "#0"},
				"up": {"uv": [9, 8, 16, 9], "rotation": 270, "texture": "#0"},
				"down": {"uv": [9, 14, 16, 15], "rotation": 90, "texture": "#0"}
			}
		},
		{
			"from": [16, 1, 9],
			"to": [17, 7.95, 16],
			"rotation": {"angle": 0, "axis": "y", "origin": [8, 4.5, 8.25]},
			"faces": {
				"north": {"uv": [9, 8, 10, 15], "texture": "#0"},
				"east": {"uv": [9, 8, 16, 15], "texture": "#0"},
				"south": {"uv": [15, 8, 16, 15], "texture": "#0"},
				"up": {"uv": [9, 8, 16, 9], "rotation": 270, "texture": "#0"},
				"down": {"uv": [9, 14, 16, 15], "rotation": 90, "texture": "#0"}
			}
		},
		{
			"from": [9, 1, -1],
			"to": [16, 7.95, 0],
			"rotation": {"angle": 0, "axis": "y", "origin": [8.25, 4.5, 8]},
			"faces": {
				"north": {"uv": [9, 8, 16, 15], "texture": "#0"},
				"east": {"uv": [15, 8, 16, 15], "texture": "#0"},
				"west": {"uv": [9, 8, 10, 15], "texture": "#0"},
				"up": {"uv": [9, 8, 16, 9], "rotation": 180, "texture": "#0"},
				"down": {"uv": [9, 14, 16, 15], "rotation": 180, "texture": "#0"}
			}
		},
		{
			"from": [-1, 1, 0],
			"to": [0, 7.95, 8],
			"rotation": {"angle": 0, "axis": "y", "origin": [8, 4.5, 8.25]},
			"faces": {
				"north": {"uv": [0, 8, 1, 15], "texture": "#0"},
				"south": {"uv": [7, 8, 8, 15], "texture": "#0"},
				"west": {"uv": [0, 8, 8, 15], "texture": "#0"},
				"up": {"uv": [0, 8, 8, 9], "rotation": 270, "texture": "#0"},
				"down": {"uv": [0, 14, 8, 15], "rotation": 90, "texture": "#0"}
			}
		},
		{
			"from": [0, 1, 16],
			"to": [8, 7.95, 17],
			"rotation": {"angle": 0, "axis": "y", "origin": [8.25, 4.5, 8]},
			"faces": {
				"east": {"uv": [7, 8, 8, 15], "texture": "#0"},
				"south": {"uv": [0, 8, 8, 15], "texture": "#0"},
				"west": {"uv": [0, 8, 1, 15], "texture": "#0"},
				"up": {"uv": [0, 8, 8, 9], "rotation": 180, "texture": "#0"},
				"down": {"uv": [0, 14, 8, 15], "rotation": 180, "texture": "#0"}
			}
		},
		{
			"from": [1, -1, 0],
			"to": [8, 0, 8],
			"rotation": {"angle": 0, "axis": "x", "origin": [4.5, -9, 8.25]},
			"faces": {
				"north": {"uv": [0, 8, 1, 15], "rotation": 90, "texture": "#0"},
				"east": {"uv": [0, 14, 8, 15], "texture": "#0"},
				"south": {"uv": [7, 8, 8, 15], "rotation": 270, "texture": "#0"},
				"west": {"uv": [0, 8, 8, 9], "rotation": 180, "texture": "#0"},
				"down": {"uv": [0, 8, 8, 15], "rotation": 270, "texture": "#0"}
			}
		},
		{
			"from": [9, 16, 0],
			"to": [16, 17, 8],
			"rotation": {"angle": 0, "axis": "x", "origin": [12.5, 25, 8.25]},
			"faces": {
				"north": {"uv": [0, 8, 1, 15], "rotation": 270, "texture": "#0"},
				"east": {"uv": [0, 8, 8, 9], "texture": "#0"},
				"south": {"uv": [7, 8, 8, 15], "rotation": 90, "texture": "#0"},
				"west": {"uv": [0, 14, 8, 15], "rotation": 180, "texture": "#0"},
				"up": {"uv": [0, 8, 8, 15], "rotation": 90, "texture": "#0"}
			}
		},
		{
			"from": [0, 16, 9],
			"to": [8, 17, 16],
			"rotation": {"angle": 0, "axis": "y", "origin": [4, 16.5, 12.5]},
			"faces": {
				"north": {"uv": [0, 8, 8, 9], "texture": "#0"},
				"east": {"uv": [7, 8, 8, 15], "rotation": 90, "texture": "#0"},
				"south": {"uv": [0, 14, 8, 15], "rotation": 180, "texture": "#0"},
				"west": {"uv": [0, 8, 1, 15], "rotation": 270, "texture": "#0"},
				"up": {"uv": [0, 8, 8, 15], "texture": "#0"}
			}
		},
		{
			"from": [8, 9, 0],
			"to": [9, 16, 8],
			"rotation": {"angle": 0, "axis": "x", "origin": [8.5, 12.5, 8.25]},
			"faces": {
				"north": {"uv": [0, 8, 1, 15], "texture": "#0"},
				"south": {"uv": [7, 8, 8, 15], "texture": "#0"},
				"west": {"uv": [0, 8, 8, 15], "texture": "#0"},
				"up": {"uv": [0, 8, 8, 9], "rotation": 270, "texture": "#0"},
				"down": {"uv": [0, 14, 8, 15], "rotation": 90, "texture": "#0"}
			}
		},
		{
			"from": [16, 1, 0],
			"to": [17, 7.95, 8],
			"rotation": {"angle": 0, "axis": "y", "origin": [8, 4.5, 8.25]},
			"faces": {
				"north": {"uv": [0, 8, 1, 15], "texture": "#0"},
				"east": {"uv": [0, 8, 8, 15], "texture": "#0"},
				"south": {"uv": [7, 8, 8, 15], "texture": "#0"},
				"up": {"uv": [0, 8, 8, 9], "rotation": 270, "texture": "#0"},
				"down": {"uv": [0, 14, 8, 15], "rotation": 90, "texture": "#0"}
			}
		},
		{
			"from": [0, 1, -1],
			"to": [8, 7.95, 0],
			"rotation": {"angle": 0, "axis": "y", "origin": [8.25, 4.5, 8]},
			"faces": {
				"north": {"uv": [0, 8, 8, 15], "texture": "#0"},
				"east": {"uv": [7, 8, 8, 15], "texture": "#0"},
				"west": {"uv": [0, 8, 1, 15], "texture": "#0"},
				"up": {"uv": [0, 8, 8, 9], "rotation": 180, "texture": "#0"},
				"down": {"uv": [0, 14, 8, 15], "rotation": 180, "texture": "#0"}
			}
		},
		{
			"from": [9, 8, 0],
			"to": [16, 16, 16],
			"rotation": {"angle": 0, "axis": "y", "origin": [23, 16, 8]},
			"faces": {
				"north": {"uv": [0, 8, 8, 16], "texture": "#0"},
				"east": {"uv": [0, 0, 16, 8], "texture": "#0"},
				"west": {"uv": [0, 8, 16, 16], "texture": "#0"},
				"up": {"uv": [0, 8, 16, 16], "rotation": 270, "texture": "#0"}
			}
		},
		{
			"from": [0, 8, 9],
			"to": [16, 16, 16],
			"rotation": {"angle": 0, "axis": "y", "origin": [8, 16, 23]},
			"faces": {
				"north": {"uv": [0, 8, 16, 16], "texture": "#0"},
				"south": {"uv": [0, 0, 16, 8], "texture": "#0"},
				"west": {"uv": [0, 8, 8, 16], "texture": "#0"},
				"up": {"uv": [0, 8, 16, 16], "texture": "#0"}
			}
		}
	],
	"display": {
		"thirdperson_righthand": {
			"rotation": [75, 45, 0],
			"translation": [0, 2.5, 0],
			"scale": [0.375, 0.375, 0.375]
		},
		"thirdperson_lefthand": {
			"rotation": [75, 45, 0],
			"translation": [0, 2.5, 0],
			"scale": [0.375, 0.375, 0.375]
		},
		"firstperson_righthand": {
			"rotation": [0, 45, 0],
			"scale": [0.4, 0.4, 0.4]
		},
		"firstperson_lefthand": {
			"rotation": [0, 225, 0],
			"scale": [0.4, 0.4, 0.4]
		},
		"ground": {
			"translation": [0, 3, 0],
			"scale": [0.25, 0.25, 0.25]
		},
		"gui": {
			"rotation": [30, 135, 0],
			"translation": [0, 0.25, 0],
			"scale": [0.55, 0.55, 0.55]
		},
		"fixed": {
			"translation": [0, 1.5, 0],
			"scale": [0.5, 0.5, 0.5]
		}
	}
}