{
	"credit": "Made with Blockbench",
	"textures": {
		"0": "modeltextures/stone_bricks",
		"particle": "modeltextures/stone_bricks"
	},
	"elements": [
		{
			"from": [4, 0, 4],
			"to": [12, 16, 12],
			"rotation": {"angle": 0, "axis": "y", "origin": [15, 8, 8]},
			"faces": {
				"north": {"uv": [3, 0, 11, 16], "texture": "#0"},
				"east": {"uv": [4, 0, 12, 16], "texture": "#0"},
				"south": {"uv": [4, 0, 12, 16], "texture": "#0"},
				"west": {"uv": [4, 0, 12, 16], "texture": "#0"},
				"up": {"uv": [3, 4, 11, 12], "texture": "#0"},
				"down": {"uv": [3, 4, 11, 12], "texture": "#0"}
			}
		},
		{
			"from": [0, 0, 5],
			"to": [4, 14, 11],
			"rotation": {"angle": 0, "axis": "y", "origin": [8, 8, 13]},
			"faces": {
				"north": {"uv": [12, 2, 16, 16], "texture": "#0"},
				"south": {"uv": [12, 2, 16, 16], "texture": "#0"},
				"west": {"uv": [4, 2, 10, 16], "texture": "#0"}
			}
		},
		{
			"from": [12, 0, 5],
			"to": [16, 14, 11],
			"rotation": {"angle": 0, "axis": "y", "origin": [20, 8, 13]},
			"faces": {
				"north": {"uv": [0, 2, 4, 16], "texture": "#0"},
				"east": {"uv": [4, 2, 10, 16], "texture": "#0"},
				"south": {"uv": [0, 2, 4, 16], "texture": "#0"}
			}
		},
		{
			"from": [0, 0, 4],
			"to": [4, 8, 5],
			"rotation": {"angle": 0, "axis": "y", "origin": [8, 8, 12]},
			"faces": {
				"north": {"uv": [12, 8, 16, 16], "texture": "#0"},
				"west": {"uv": [15, 8, 16, 16], "texture": "#0"},
				"up": {"uv": [12, 8, 16, 9], "texture": "#0"},
				"down": {"uv": [12, 14, 16, 15], "texture": "#0"}
			}
		},
		{
			"from": [0, 0, 11],
			"to": [4, 8, 12],
			"rotation": {"angle": 0, "axis": "y", "origin": [8, 8, 19]},
			"faces": {
				"south": {"uv": [12, 8, 16, 16], "texture": "#0"},
				"west": {"uv": [15, 8, 16, 16], "texture": "#0"},
				"up": {"uv": [12, 8, 16, 9], "texture": "#0"},
				"down": {"uv": [12, 14, 16, 15], "texture": "#0"}
			}
		},
		{
			"from": [12, 0, 4],
			"to": [16, 8, 5],
			"rotation": {"angle": 0, "axis": "y", "origin": [20, 8, 12]},
			"faces": {
				"north": {"uv": [0, 8, 4, 16], "texture": "#0"},
				"east": {"uv": [0, 8, 1, 16], "texture": "#0"},
				"up": {"uv": [12, 8, 16, 9], "texture": "#0"},
				"down": {"uv": [12, 14, 16, 15], "texture": "#0"}
			}
		},
		{
			"from": [12, 0, 11],
			"to": [16, 8, 12],
			"rotation": {"angle": 0, "axis": "y", "origin": [20, 8, 19]},
			"faces": {
				"east": {"uv": [0, 8, 1, 16], "texture": "#0"},
				"south": {"uv": [0, 8, 4, 16], "texture": "#0"},
				"up": {"uv": [12, 8, 16, 9], "texture": "#0"},
				"down": {"uv": [12, 14, 16, 15], "texture": "#0"}
			}
		},
		{
			"from": [0, 9, 4],
			"to": [4, 14, 5],
			"rotation": {"angle": 0, "axis": "y", "origin": [8, 17, 12]},
			"faces": {
				"north": {"uv": [11, 2, 15, 7], "texture": "#0"},
				"west": {"uv": [14, 2, 15, 7], "texture": "#0"},
				"up": {"uv": [12, 2, 16, 3], "texture": "#0"},
				"down": {"uv": [12, 6, 16, 7], "texture": "#0"}
			}
		},
		{
			"from": [0, 9, 11],
			"to": [4, 14, 12],
			"rotation": {"angle": 0, "axis": "y", "origin": [8, 17, 19]},
			"faces": {
				"south": {"uv": [11, 2, 15, 7], "texture": "#0"},
				"west": {"uv": [13, 2, 14, 7], "texture": "#0"},
				"up": {"uv": [12, 2, 16, 3], "texture": "#0"},
				"down": {"uv": [12, 6, 16, 7], "texture": "#0"}
			}
		},
		{
			"from": [12, 9, 4],
			"to": [16, 14, 5],
			"rotation": {"angle": 0, "axis": "y", "origin": [20, 17, 12]},
			"faces": {
				"north": {"uv": [0, 2, 4, 7], "texture": "#0"},
				"east": {"uv": [0, 2, 1, 7], "texture": "#0"},
				"up": {"uv": [11, 2, 15, 3], "texture": "#0"},
				"down": {"uv": [12, 6, 16, 7], "texture": "#0"}
			}
		},
		{
			"from": [12, 9, 11],
			"to": [16, 14, 12],
			"rotation": {"angle": 0, "axis": "y", "origin": [20, 17, 19]},
			"faces": {
				"east": {"uv": [0, 2, 1, 7], "texture": "#0"},
				"south": {"uv": [0, 2, 4, 7], "texture": "#0"},
				"up": {"uv": [12, 2, 16, 3], "texture": "#0"},
				"down": {"uv": [12, 6, 16, 7], "texture": "#0"}
			}
		},
		{
			"from": [4, 1, 3],
			"to": [7, 8, 4],
			"rotation": {"angle": 0, "axis": "y", "origin": [12, 9, 11]},
			"faces": {
				"north": {"uv": [9, 8, 12, 15], "texture": "#0"},
				"east": {"uv": [9, 8, 10, 15], "texture": "#0"},
				"west": {"uv": [11, 8, 12, 15], "texture": "#0"},
				"up": {"uv": [9, 8, 12, 9], "texture": "#0"},
				"down": {"uv": [9, 14, 12, 15], "texture": "#0"}
			}
		},
		{
			"from": [4, 1, 12],
			"to": [7, 8, 13],
			"rotation": {"angle": 0, "axis": "y", "origin": [12, 9, 20]},
			"faces": {
				"east": {"uv": [9, 8, 10, 15], "texture": "#0"},
				"south": {"uv": [9, 8, 12, 15], "texture": "#0"},
				"west": {"uv": [11, 8, 12, 15], "texture": "#0"},
				"up": {"uv": [9, 8, 12, 9], "texture": "#0"},
				"down": {"uv": [9, 14, 12, 15], "texture": "#0"}
			}
		},
		{
			"from": [8, 1, 3],
			"to": [12, 8, 4],
			"rotation": {"angle": 0, "axis": "y", "origin": [16, 9, 11]},
			"faces": {
				"north": {"uv": [3, 8, 7, 15], "texture": "#0"},
				"east": {"uv": [4, 8, 5, 15], "texture": "#0"},
				"west": {"uv": [7, 8, 8, 15], "texture": "#0"},
				"up": {"uv": [3, 8, 7, 9], "texture": "#0"},
				"down": {"uv": [3, 14, 7, 15], "texture": "#0"}
			}
		},
		{
			"from": [8, 1, 12],
			"to": [12, 8, 13],
			"rotation": {"angle": 0, "axis": "y", "origin": [16, 9, 20]},
			"faces": {
				"east": {"uv": [4, 8, 5, 15], "texture": "#0"},
				"south": {"uv": [3, 8, 7, 15], "texture": "#0"},
				"west": {"uv": [6, 8, 7, 15], "texture": "#0"},
				"up": {"uv": [3, 8, 7, 9], "texture": "#0"},
				"down": {"uv": [4, 14, 8, 15], "texture": "#0"}
			}
		},
		{
			"from": [4, 9, 3],
			"to": [12, 16, 4],
			"rotation": {"angle": 0, "axis": "y", "origin": [12, 17, 11]},
			"faces": {
				"north": {"uv": [4, 0, 12, 7], "texture": "#0"},
				"east": {"uv": [4, 0, 5, 7], "texture": "#0"},
				"west": {"uv": [11, 0, 12, 7], "texture": "#0"},
				"up": {"uv": [4, 0, 12, 1], "texture": "#0"},
				"down": {"uv": [4, 6, 12, 7], "texture": "#0"}
			}
		},
		{
			"from": [4, 9, 12],
			"to": [12, 16, 13],
			"rotation": {"angle": 0, "axis": "y", "origin": [12, 17, 20]},
			"faces": {
				"east": {"uv": [4, 0, 5, 7], "texture": "#0"},
				"south": {"uv": [4, 0, 12, 7], "texture": "#0"},
				"west": {"uv": [11, 0, 12, 7], "texture": "#0"},
				"up": {"uv": [4, 0, 12, 1], "texture": "#0"},
				"down": {"uv": [4, 6, 12, 7], "texture": "#0"}
			}
		},
		{
			"from": [0, 14, 5],
			"to": [4, 15, 11],
			"rotation": {"angle": 0, "axis": "y", "origin": [8, 22, 13]},
			"faces": {
				"north": {"uv": [0, 0, 4, 1], "texture": "#0"},
				"south": {"uv": [0, 0, 4, 1], "texture": "#0"},
				"west": {"uv": [0, 0, 6, 1], "texture": "#0"},
				"up": {"uv": [0, 0, 4, 6], "texture": "#0"}
			}
		},
		{
			"from": [0, -1, 5],
			"to": [4, 0, 11],
			"rotation": {"angle": 0, "axis": "y", "origin": [8, 7, 13]},
			"faces": {
				"north": {"uv": [0, 0, 4, 1], "texture": "#0"},
				"east": {"uv": [0, 0, 6, 1], "texture": "#0"},
				"south": {"uv": [0, 0, 4, 1], "texture": "#0"},
				"west": {"uv": [0, 0, 6, 1], "texture": "#0"},
				"down": {"uv": [2, 8, 6, 14], "texture": "#0"}
			}
		},
		{
			"from": [12, 14, 5],
			"to": [16, 15, 11],
			"rotation": {"angle": 0, "axis": "y", "origin": [20, 22, 13]},
			"faces": {
				"north": {"uv": [0, 0, 4, 1], "texture": "#0"},
				"east": {"uv": [0, 0, 6, 1], "texture": "#0"},
				"south": {"uv": [0, 0, 4, 1], "texture": "#0"},
				"up": {"uv": [0, 0, 4, 6], "texture": "#0"}
			}
		},
		{
			"from": [12, -1, 5],
			"to": [16, 0, 11],
			"rotation": {"angle": 0, "axis": "y", "origin": [20, 7, 13]},
			"faces": {
				"north": {"uv": [0, 0, 4, 1], "texture": "#0"},
				"east": {"uv": [0, 0, 6, 1], "texture": "#0"},
				"south": {"uv": [0, 0, 4, 1], "texture": "#0"},
				"west": {"uv": [0, 0, 6, 1], "texture": "#0"},
				"down": {"uv": [5, 0, 9, 6], "texture": "#0"}
			}
		},
		{
			"from": [4, 16, 4],
			"to": [12, 17, 7],
			"rotation": {"angle": 0, "axis": "y", "origin": [12, 24, 12]},
			"faces": {
				"north": {"uv": [4, 3, 12, 4], "texture": "#0"},
				"east": {"uv": [9, 6, 12, 7], "texture": "#0"},
				"south": {"uv": [4, 6, 12, 7], "texture": "#0"},
				"west": {"uv": [3, 6, 6, 7], "texture": "#0"},
				"up": {"uv": [4, 4, 12, 7], "texture": "#0"}
			}
		},
		{
			"from": [4, -1, 9],
			"to": [12, 0, 12],
			"rotation": {"angle": 0, "axis": "y", "origin": [12, 7, 17]},
			"faces": {
				"north": {"uv": [4, 3, 12, 4], "texture": "#0"},
				"east": {"uv": [9, 6, 12, 7], "texture": "#0"},
				"south": {"uv": [3, 5, 11, 6], "texture": "#0"},
				"west": {"uv": [3, 6, 6, 7], "texture": "#0"},
				"down": {"uv": [4, 4, 12, 7], "texture": "#0"}
			}
		},
		{
			"from": [9, 16, 8],
			"to": [12, 17, 12],
			"rotation": {"angle": 0, "axis": "y", "origin": [17, 24, 19]},
			"faces": {
				"north": {"uv": [9, 9, 12, 10], "texture": "#0"},
				"east": {"uv": [9, 8, 13, 9], "texture": "#0"},
				"south": {"uv": [9, 11, 12, 12], "texture": "#0"},
				"west": {"uv": [9, 10, 13, 11], "texture": "#0"},
				"up": {"uv": [9, 8, 12, 12], "texture": "#0"}
			}
		},
		{
			"from": [9, -1, 4],
			"to": [12, 0, 8],
			"rotation": {"angle": 0, "axis": "y", "origin": [17, 7, 15]},
			"faces": {
				"north": {"uv": [9, 9, 12, 10], "texture": "#0"},
				"east": {"uv": [9, 8, 13, 9], "texture": "#0"},
				"south": {"uv": [9, 11, 12, 12], "texture": "#0"},
				"west": {"uv": [9, 10, 13, 11], "texture": "#0"},
				"down": {"uv": [9, 8, 12, 12], "texture": "#0"}
			}
		},
		{
			"from": [4, 16, 8],
			"to": [8, 17, 12],
			"rotation": {"angle": 0, "axis": "y", "origin": [13, 24, 19]},
			"faces": {
				"north": {"uv": [9, 9, 13, 10], "texture": "#0"},
				"east": {"uv": [9, 8, 13, 9], "texture": "#0"},
				"south": {"uv": [9, 11, 13, 12], "texture": "#0"},
				"west": {"uv": [9, 10, 13, 11], "texture": "#0"},
				"up": {"uv": [3, 8, 7, 12], "texture": "#0"}
			}
		},
		{
			"from": [4, -1, 4],
			"to": [8, 0, 8],
			"rotation": {"angle": 0, "axis": "y", "origin": [13, 7, 15]},
			"faces": {
				"north": {"uv": [9, 9, 13, 10], "texture": "#0"},
				"east": {"uv": [9, 8, 13, 9], "texture": "#0"},
				"south": {"uv": [9, 11, 13, 12], "texture": "#0"},
				"west": {"uv": [9, 10, 13, 11], "texture": "#0"},
				"down": {"uv": [3, 8, 7, 12], "texture": "#0"}
			}
		},
		{
			"from": [-1, 1, 5],
			"to": [0, 8, 8],
			"rotation": {"angle": 0, "axis": "y", "origin": [7, 8, 13]},
			"faces": {
				"north": {"uv": [6, 8, 7, 15], "texture": "#0"},
				"south": {"uv": [7, 8, 8, 15], "texture": "#0"},
				"west": {"uv": [4, 8, 7, 15], "texture": "#0"},
				"up": {"uv": [5, 11, 6, 14], "texture": "#0"},
				"down": {"uv": [6, 12, 7, 15], "texture": "#0"}
			}
		},
		{
			"from": [16, 1, 8],
			"to": [17, 8, 11],
			"rotation": {"angle": 0, "axis": "y", "origin": [24, 8, 16]},
			"faces": {
				"north": {"uv": [7, 8, 8, 15], "texture": "#0"},
				"east": {"uv": [4, 8, 7, 15], "texture": "#0"},
				"south": {"uv": [6, 8, 7, 15], "texture": "#0"},
				"up": {"uv": [5, 11, 6, 14], "texture": "#0"},
				"down": {"uv": [5, 12, 6, 15], "texture": "#0"}
			}
		},
		{
			"from": [16, 1, 5],
			"to": [17, 8, 7],
			"rotation": {"angle": 0, "axis": "y", "origin": [24, 9, 13]},
			"faces": {
				"north": {"uv": [9, 8, 10, 15], "texture": "#0"},
				"east": {"uv": [9, 8, 11, 15], "texture": "#0"},
				"south": {"uv": [9, 8, 10, 15], "texture": "#0"},
				"up": {"uv": [9, 8, 10, 10], "texture": "#0"},
				"down": {"uv": [9, 13, 10, 15], "texture": "#0"}
			}
		},
		{
			"from": [-1, 1, 9],
			"to": [0, 8, 11],
			"rotation": {"angle": 0, "axis": "y", "origin": [7, 9, 17]},
			"faces": {
				"north": {"uv": [9, 8, 10, 15], "texture": "#0"},
				"south": {"uv": [9, 8, 10, 15], "texture": "#0"},
				"west": {"uv": [9, 8, 11, 15], "texture": "#0"},
				"up": {"uv": [9, 8, 10, 10], "texture": "#0"},
				"down": {"uv": [10, 12, 11, 14], "texture": "#0"}
			}
		},
		{
			"from": [-1, 9, 5],
			"to": [0, 14, 11],
			"rotation": {"angle": 0, "axis": "y", "origin": [7, 17, 13]},
			"faces": {
				"north": {"uv": [5, 2, 6, 7], "texture": "#0"},
				"south": {"uv": [10, 2, 11, 7], "texture": "#0"},
				"west": {"uv": [5, 2, 11, 7], "texture": "#0"},
				"up": {"uv": [8, 1, 9, 7], "texture": "#0"},
				"down": {"uv": [8, 1, 9, 7], "texture": "#0"}
			}
		},
		{
			"from": [16, 9, 5],
			"to": [17, 14, 11],
			"rotation": {"angle": 0, "axis": "y", "origin": [24, 17, 13]},
			"faces": {
				"north": {"uv": [5, 2, 6, 7], "texture": "#0"},
				"east": {"uv": [5, 2, 11, 7], "texture": "#0"},
				"south": {"uv": [10, 2, 11, 7], "texture": "#0"},
				"up": {"uv": [8, 1, 9, 7], "texture": "#0"},
				"down": {"uv": [8, 1, 9, 7], "texture": "#0"}
			}
		}
	],
	"display": {
		"thirdperson_righthand": {
			"rotation": [75, 45, 0],
			"translation": [0, 2.5, 0],
			"scale": [0.375, 0.375, 0.375]
		},
		"thirdperson_lefthand": {
			"rotation": [75, 45, 0],
			"translation": [0, 2.5, 0],
			"scale": [0.375, 0.375, 0.375]
		},
		"firstperson_righthand": {
			"rotation": [0, 45, 0],
			"scale": [0.4, 0.4, 0.4]
		},
		"firstperson_lefthand": {
			"rotation": [0, 225, 0],
			"scale": [0.4, 0.4, 0.4]
		},
		"ground": {
			"translation": [0, 3, 0],
			"scale": [0.25, 0.25, 0.25]
		},
		"gui": {
			"rotation": [30, 225, 0],
			"scale": [0.625, 0.625, 0.625]
		},
		"fixed": {
			"scale": [0.5, 0.5, 0.5]
		}
	}
}